"Time (s)","Acceleration x (m/s^2)","Acceleration y (m/s^2)","Acceleration z (m/s^2)","Absolute acceleration (m/s^2)"
2.468734900E-2,-4.759673119E0,6.502951145E0,2.389413357E0,8.405483804E0
2.666134900E-2,-4.759673119E0,6.502951145E0,2.389413357E0,8.405483804E0
2.869634900E-2,-4.759673119E0,6.502951145E0,2.389413357E0,8.405483804E0
3.070934900E-2,-4.759673119E0,6.502951145E0,2.389413357E0,8.405483804E0
3.271801500E-2,-4.304774761E0,6.648997307E0,3.105279684E0,8.507820687E0
3.472476500E-2,-4.304774761E0,6.648997307E0,3.105279684E0,8.507820687E0
3.673016500E-2,-4.304774761E0,6.648997307E0,3.105279684E0,8.507820687E0
3.873466500E-2,-4.304774761E0,6.648997307E0,3.105279684E0,8.507820687E0
4.073852200E-2,-4.304774761E0,6.648997307E0,3.105279684E0,8.507820687E0
4.274189700E-2,-4.304774761E0,6.648997307E0,3.105279684E0,8.507820687E0
4.474223000E-2,-4.304774761E0,6.648997307E0,3.105279684E0,8.507820687E0
4.674493000E-2,-4.304774761E0,6.648997307E0,3.105279684E0,8.507820687E0
4.874738400E-2,-4.304774761E0,6.648997307E0,3.105279684E0,8.507820687E0
5.074963400E-2,-4.304774761E0,6.648997307E0,3.105279684E0,8.507820687E0
5.275171000E-2,-3.919308186E0,6.823774338E0,4.592078686E0,9.111095407E0
5.475363800E-2,-3.919308186E0,6.823774338E0,4.592078686E0,9.111095407E0
5.675543800E-2,-3.919308186E0,6.823774338E0,4.592078686E0,9.111095407E0
5.875712500E-2,-3.919308186E0,6.823774338E0,4.592078686E0,9.111095407E0
6.075871300E-2,-3.919308186E0,6.823774338E0,4.592078686E0,9.111095407E0
6.276021300E-2,-3.919308186E0,6.823774338E0,4.592078686E0,9.111095407E0
6.476163400E-2,-3.919308186E0,6.823774338E0,4.592078686E0,9.111095407E0
6.676158400E-2,-3.919308186E0,6.823774338E0,4.592078686E0,9.111095407E0
6.876277400E-2,-3.919308186E0,6.823774338E0,4.592078686E0,9.111095407E0
7.076391000E-2,-3.919308186E0,6.823774338E0,4.592078686E0,9.111095407E0
7.276499600E-2,-3.284844637E0,6.723217487E0,6.759130478E0,1.008353621E1
7.476603700E-2,-3.284844637E0,6.723217487E0,6.759130478E0,1.008353621E1
7.676703700E-2,-3.284844637E0,6.723217487E0,6.759130478E0,1.008353621E1
7.876799800E-2,-3.284844637E0,6.723217487E0,6.759130478E0,1.008353621E1
8.076892300E-2,-3.284844637E0,6.723217487E0,6.759130478E0,1.008353621E1
8.276978000E-2,-3.284844637E0,6.723217487E0,6.759130478E0,1.008353621E1
8.477060700E-2,-3.284844637E0,6.723217487E0,6.759130478E0,1.008353621E1
8.677140700E-2,-3.284844637E0,6.723217487E0,6.759130478E0,1.008353621E1
8.877104000E-2,-3.284844637E0,6.723217487E0,6.759130478E0,1.008353621E1
9.077097300E-2,-3.284844637E0,6.723217487E0,6.759130478E0,1.008353621E1
9.277090600E-2,-2.815581083E0,6.917148113E0,7.764695168E0,1.077334330E1
9.477080600E-2,-2.815581083E0,6.917148113E0,7.764695168E0,1.077334330E1
9.677070600E-2,-2.815581083E0,6.917148113E0,7.764695168E0,1.077334330E1
9.877060600E-2,-2.815581083E0,6.917148113E0,7.764695168E0,1.077334330E1
1.007705060E-1,-2.815581083E0,6.917148113E0,7.764695168E0,1.077334330E1
1.027704060E-1,-2.815581083E0,6.917148113E0,7.764695168E0,1.077334330E1
1.047708390E-1,-2.815581083E0,6.917148113E0,7.764695168E0,1.077334330E1
1.067698720E-1,-2.815581083E0,6.917148113E0,7.764695168E0,1.077334330E1
1.087702380E-1,-2.815581083E0,6.917148113E0,7.764695168E0,1.077334330E1
1.107701380E-1,-2.592920542E0,6.792649269E0,7.293037415E0,1.029814137E1
1.127700380E-1,-2.592920542E0,6.792649269E0,7.293037415E0,1.029814137E1
1.147700040E-1,-2.592920542E0,6.792649269E0,7.293037415E0,1.029814137E1
1.167699700E-1,-2.592920542E0,6.792649269E0,7.293037415E0,1.029814137E1
1.187699360E-1,-2.592920542E0,6.792649269E0,7.293037415E0,1.029814137E1
1.207699020E-1,-2.592920542E0,6.792649269E0,7.293037415E0,1.029814137E1
1.227698680E-1,-2.592920542E0,6.792649269E0,7.293037415E0,1.029814137E1
1.247698340E-1,-2.592920542E0,6.792649269E0,7.293037415E0,1.029814137E1
1.267707340E-1,-2.592920542E0,6.792649269E0,7.293037415E0,1.029814137E1
1.287708000E-1,-2.592920542E0,6.792649269E0,7.293037415E0,1.029814137E1
1.307708660E-1,-2.853888512E0,6.574777126E0,6.735188484E0,9.835402270E0
1.327709320E-1,-2.853888512E0,6.574777126E0,6.735188484E0,9.835402270E0
1.347709980E-1,-2.853888512E0,6.574777126E0,6.735188484E0,9.835402270E0
1.367710640E-1,-2.853888512E0,6.574777126E0,6.735188484E0,9.835402270E0
1.387711300E-1,-2.853888512E0,6.574777126E0,6.735188484E0,9.835402270E0
1.407711960E-1,-2.853888512E0,6.574777126E0,6.735188484E0,9.835402270E0
1.427712960E-1,-2.853888512E0,6.574777126E0,6.735188484E0,9.835402270E0
1.447713620E-1,-2.853888512E0,6.574777126E0,6.735188484E0,9.835402270E0
1.467705620E-1,-2.853888512E0,6.574777126E0,6.735188484E0,9.835402270E0
1.487697620E-1,-2.853888512E0,6.574777126E0,6.735188484E0,9.835402270E0
1.507698280E-1,-2.844311714E0,6.364087582E0,6.443096161E0,9.492376310E0
1.527698940E-1,-2.844311714E0,6.364087582E0,6.443096161E0,9.492376310E0
1.547699600E-1,-2.844311714E0,6.364087582E0,6.443096161E0,9.492376310E0
1.567700260E-1,-2.844311714E0,6.364087582E0,6.443096161E0,9.492376310E0
1.587700920E-1,-2.844311714E0,6.364087582E0,6.443096161E0,9.492376310E0
1.607701580E-1,-2.844311714E0,6.364087582E0,6.443096161E0,9.492376310E0
1.627702240E-1,-2.844311714E0,6.364087582E0,6.443096161E0,9.492376310E0
1.647705570E-1,-2.844311714E0,6.364087582E0,6.443096161E0,9.492376310E0
1.667714900E-1,-2.844311714E0,6.364087582E0,6.443096161E0,9.492376310E0
1.687710900E-1,-2.844311714E0,6.364087582E0,6.443096161E0,9.492376310E0
1.707711560E-1,-2.437297344E0,6.220435143E0,6.933907509E0,9.628774847E0
1.727712220E-1,-2.437297344E0,6.220435143E0,6.933907509E0,9.628774847E0
1.747712220E-1,-2.437297344E0,6.220435143E0,6.933907509E0,9.628774847E0
1.767712550E-1,-2.437297344E0,6.220435143E0,6.933907509E0,9.628774847E0
1.787712880E-1,-2.437297344E0,6.220435143E0,6.933907509E0,9.628774847E0
1.807713210E-1,-2.437297344E0,6.220435143E0,6.933907509E0,9.628774847E0
1.827713540E-1,-2.437297344E0,6.220435143E0,6.933907509E0,9.628774847E0
1.847713870E-1,-2.437297344E0,6.220435143E0,6.933907509E0,9.628774847E0
1.867714200E-1,-2.437297344E0,6.220435143E0,6.933907509E0,9.628774847E0
1.887714200E-1,-2.437297344E0,6.220435143E0,6.933907509E0,9.628774847E0
1.907714200E-1,-2.102109194E0,6.359299183E0,7.554005623E0,1.009566987E1
1.927713860E-1,-2.102109194E0,6.359299183E0,7.554005623E0,1.009566987E1
1.947713520E-1,-2.102109194E0,6.359299183E0,7.554005623E0,1.009566987E1
1.967713180E-1,-2.102109194E0,6.359299183E0,7.554005623E0,1.009566987E1
1.987712840E-1,-2.102109194E0,6.359299183E0,7.554005623E0,1.009566987E1
2.007712500E-1,-2.102109194E0,6.359299183E0,7.554005623E0,1.009566987E1
2.027712160E-1,-2.102109194E0,6.359299183E0,7.554005623E0,1.009566987E1
2.047712160E-1,-2.102109194E0,6.359299183E0,7.554005623E0,1.009566987E1
2.067720820E-1,-2.102109194E0,6.359299183E0,7.554005623E0,1.009566987E1
2.087729480E-1,-2.102109194E0,6.359299183E0,7.554005623E0,1.009566987E1
2.107729480E-1,-1.994369984E0,6.378452778E0,7.661744595E0,1.016683342E1
2.127729480E-1,-1.994369984E0,6.378452778E0,7.661744595E0,1.016683342E1
2.147729480E-1,-1.994369984E0,6.378452778E0,7.661744595E0,1.016683342E1
2.167729480E-1,-1.994369984E0,6.378452778E0,7.661744595E0,1.016683342E1
2.187729480E-1,-1.994369984E0,6.378452778E0,7.661744595E0,1.016683342E1
2.207729480E-1,-1.994369984E0,6.378452778E0,7.661744595E0,1.016683342E1
2.227729810E-1,-1.994369984E0,6.378452778E0,7.661744595E0,1.016683342E1
2.247730140E-1,-1.994369984E0,6.378452778E0,7.661744595E0,1.016683342E1
2.267721800E-1,-1.994369984E0,6.378452778E0,7.661744595E0,1.016683342E1
2.287722130E-1,-1.994369984E0,6.378452778E0,7.661744595E0,1.016683342E1
2.307722460E-1,-1.821987510E0,6.230011940E0,7.582736015E0,9.981511546E0
2.327722790E-1,-1.821987510E0,6.230011940E0,7.582736015E0,9.981511546E0
2.347723120E-1,-1.821987510E0,6.230011940E0,7.582736015E0,9.981511546E0
2.367723120E-1,-1.821987510E0,6.230011940E0,7.582736015E0,9.981511546E0
2.387722780E-1,-1.821987510E0,6.230011940E0,7.582736015E0,9.981511546E0
2.407722440E-1,-1.821987510E0,6.230011940E0,7.582736015E0,9.981511546E0
2.427722100E-1,-1.821987510E0,6.230011940E0,7.582736015E0,9.981511546E0
2.447721760E-1,-1.821987510E0,6.230011940E0,7.582736015E0,9.981511546E0
2.467721420E-1,-1.821987510E0,6.230011940E0,7.582736015E0,9.981511546E0
2.487721080E-1,-1.821987510E0,6.230011940E0,7.582736015E0,9.981511546E0
2.507720740E-1,-1.522712231E0,6.062417984E0,7.728782177E0,9.940102529E0
2.527720740E-1,-1.522712231E0,6.062417984E0,7.728782177E0,9.940102529E0
2.547721070E-1,-1.522712231E0,6.062417984E0,7.728782177E0,9.940102529E0
2.567721400E-1,-1.522712231E0,6.062417984E0,7.728782177E0,9.940102529E0
2.587721730E-1,-1.522712231E0,6.062417984E0,7.728782177E0,9.940102529E0
2.607722060E-1,-1.522712231E0,6.062417984E0,7.728782177E0,9.940102529E0
2.627722390E-1,-1.522712231E0,6.062417984E0,7.728782177E0,9.940102529E0
2.647722720E-1,-1.522712231E0,6.062417984E0,7.728782177E0,9.940102529E0
2.667714380E-1,-1.522712231E0,6.062417984E0,7.728782177E0,9.940102529E0
2.687714710E-1,-1.522712231E0,6.062417984E0,7.728782177E0,9.940102529E0
2.707714710E-1,-1.493981838E0,6.196493149E0,7.920318604E0,1.016660985E1
2.727714710E-1,-1.493981838E0,6.196493149E0,7.920318604E0,1.016660985E1
2.747714710E-1,-1.493981838E0,6.196493149E0,7.920318604E0,1.016660985E1
2.767714710E-1,-1.493981838E0,6.196493149E0,7.920318604E0,1.016660985E1
2.787714710E-1,-1.493981838E0,6.196493149E0,7.920318604E0,1.016660985E1
2.807714710E-1,-1.493981838E0,6.196493149E0,7.920318604E0,1.016660985E1
2.827714370E-1,-1.493981838E0,6.196493149E0,7.920318604E0,1.016660985E1
2.847714030E-1,-1.493981838E0,6.196493149E0,7.920318604E0,1.016660985E1
2.867722360E-1,-1.493981838E0,6.196493149E0,7.920318604E0,1.016660985E1
2.887722020E-1,-1.493981838E0,6.196493149E0,7.920318604E0,1.016660985E1
2.907721680E-1,-1.616086125E0,6.127061367E0,7.963414192E0,1.017686499E1
2.927721340E-1,-1.616086125E0,6.127061367E0,7.963414192E0,1.017686499E1
2.947721000E-1,-1.616086125E0,6.127061367E0,7.963414192E0,1.017686499E1
2.967720660E-1,-1.616086125E0,6.127061367E0,7.963414192E0,1.017686499E1
2.987720660E-1,-1.616086125E0,6.127061367E0,7.963414192E0,1.017686499E1
3.007720990E-1,-1.616086125E0,6.127061367E0,7.963414192E0,1.017686499E1
3.027721320E-1,-1.616086125E0,6.127061367E0,7.963414192E0,1.017686499E1
3.047721650E-1,-1.616086125E0,6.127061367E0,7.963414192E0,1.017686499E1
3.067713310E-1,-1.616086125E0,6.127061367E0,7.963414192E0,1.017686499E1
3.087713640E-1,-1.616086125E0,6.127061367E0,7.963414192E0,1.017686499E1
3.107713970E-1,-1.798045516E0,5.959467411E0,7.917924404E0,1.007182935E1
3.127714300E-1,-1.798045516E0,5.959467411E0,7.917924404E0,1.007182935E1
3.147714300E-1,-1.798045516E0,5.959467411E0,7.917924404E0,1.007182935E1
3.167713960E-1,-1.798045516E0,5.959467411E0,7.917924404E0,1.007182935E1
3.187713620E-1,-1.798045516E0,5.959467411E0,7.917924404E0,1.007182935E1
3.207713280E-1,-1.798045516E0,5.959467411E0,7.917924404E0,1.007182935E1
3.227712940E-1,-1.798045516E0,5.959467411E0,7.917924404E0,1.007182935E1
3.247712600E-1,-1.798045516E0,5.959467411E0,7.917924404E0,1.007182935E1
3.267720930E-1,-1.798045516E0,5.959467411E0,7.917924404E0,1.007182935E1
3.287720590E-1,-1.798045516E0,5.959467411E0,7.917924404E0,1.007182935E1
3.307720590E-1,-1.805228114E0,5.947496414E0,7.982567787E0,1.011696351E1
3.327720920E-1,-1.805228114E0,5.947496414E0,7.982567787E0,1.011696351E1
3.347721250E-1,-1.805228114E0,5.947496414E0,7.982567787E0,1.011696351E1
3.367721580E-1,-1.805228114E0,5.947496414E0,7.982567787E0,1.011696351E1
3.387721910E-1,-1.805228114E0,5.947496414E0,7.982567787E0,1.011696351E1
3.407722240E-1,-1.805228114E0,5.947496414E0,7.982567787E0,1.011696351E1
3.427722570E-1,-1.805228114E0,5.947496414E0,7.982567787E0,1.011696351E1
3.447722900E-1,-1.805228114E0,5.947496414E0,7.982567787E0,1.011696351E1
3.467714560E-1,-1.805228114E0,5.947496414E0,7.982567787E0,1.011696351E1
3.487705890E-1,-1.702277422E0,5.918766022E0,7.980173588E0,1.008031300E1
3.507705890E-1,-1.702277422E0,5.918766022E0,7.980173588E0,1.008031300E1
3.527705890E-1,-1.702277422E0,5.918766022E0,7.980173588E0,1.008031300E1
3.547705890E-1,-1.702277422E0,5.918766022E0,7.980173588E0,1.008031300E1
3.567705890E-1,-1.702277422E0,5.918766022E0,7.980173588E0,1.008031300E1
3.587705890E-1,-1.702277422E0,5.918766022E0,7.980173588E0,1.008031300E1
3.607705550E-1,-1.702277422E0,5.918766022E0,7.980173588E0,1.008031300E1
3.627705210E-1,-1.702277422E0,5.918766022E0,7.980173588E0,1.008031300E1
3.647704870E-1,-1.702277422E0,5.918766022E0,7.980173588E0,1.008031300E1
3.667713200E-1,-1.702277422E0,5.918766022E0,7.980173588E0,1.008031300E1
3.687712860E-1,-1.702277422E0,5.918766022E0,7.980173588E0,1.008031300E1
3.707723520E-1,-1.788468719E0,5.906795025E0,7.700051785E0,9.868112550E0
3.727723180E-1,-1.788468719E0,5.906795025E0,7.700051785E0,9.868112550E0
3.747722840E-1,-1.788468719E0,5.906795025E0,7.700051785E0,9.868112550E0
3.767722840E-1,-1.788468719E0,5.906795025E0,7.700051785E0,9.868112550E0
3.787723170E-1,-1.788468719E0,5.906795025E0,7.700051785E0,9.868112550E0
3.807723500E-1,-1.788468719E0,5.906795025E0,7.700051785E0,9.868112550E0
3.827723830E-1,-1.788468719E0,5.906795025E0,7.700051785E0,9.868112550E0
3.847724160E-1,-1.788468719E0,5.906795025E0,7.700051785E0,9.868112550E0
3.867724490E-1,-1.788468719E0,5.906795025E0,7.700051785E0,9.868112550E0
3.887724820E-1,-1.860294700E0,5.868487835E0,7.575553417E0,9.761601068E0
3.907725150E-1,-1.860294700E0,5.868487835E0,7.575553417E0,9.761601068E0
3.927725150E-1,-1.860294700E0,5.868487835E0,7.575553417E0,9.761601068E0
3.947724810E-1,-1.860294700E0,5.868487835E0,7.575553417E0,9.761601068E0
3.967724470E-1,-1.860294700E0,5.868487835E0,7.575553417E0,9.761601068E0
3.987724130E-1,-1.860294700E0,5.868487835E0,7.575553417E0,9.761601068E0
4.007723790E-1,-1.860294700E0,5.868487835E0,7.575553417E0,9.761601068E0
4.027723450E-1,-1.860294700E0,5.868487835E0,7.575553417E0,9.761601068E0
4.047723110E-1,-1.860294700E0,5.868487835E0,7.575553417E0,9.761601068E0
4.067731440E-1,-1.860294700E0,5.868487835E0,7.575553417E0,9.761601068E0
4.087740100E-1,-1.678335428E0,5.863699436E0,7.712022781E0,9.832348461E0
4.107740430E-1,-1.678335428E0,5.863699436E0,7.712022781E0,9.832348461E0
4.127740760E-1,-1.678335428E0,5.863699436E0,7.712022781E0,9.832348461E0
4.147741090E-1,-1.678335428E0,5.863699436E0,7.712022781E0,9.832348461E0
4.167741420E-1,-1.678335428E0,5.863699436E0,7.712022781E0,9.832348461E0
4.187741750E-1,-1.678335428E0,5.863699436E0,7.712022781E0,9.832348461E0
4.207742080E-1,-1.678335428E0,5.863699436E0,7.712022781E0,9.832348461E0
4.227742410E-1,-1.678335428E0,5.863699436E0,7.712022781E0,9.832348461E0
4.247742740E-1,-1.678335428E0,5.863699436E0,7.712022781E0,9.832348461E0
4.267733740E-1,-1.678335428E0,5.863699436E0,7.712022781E0,9.832348461E0
4.287733740E-1,-1.505952835E0,5.925948620E0,7.644985199E0,9.789308437E0
4.307722740E-1,-1.505952835E0,5.925948620E0,7.644985199E0,9.789308437E0
4.327722740E-1,-1.505952835E0,5.925948620E0,7.644985199E0,9.789308437E0
4.347722740E-1,-1.505952835E0,5.925948620E0,7.644985199E0,9.789308437E0
4.367722740E-1,-1.505952835E0,5.925948620E0,7.644985199E0,9.789308437E0
4.387722400E-1,-1.505952835E0,5.925948620E0,7.644985199E0,9.789308437E0
4.407722060E-1,-1.505952835E0,5.925948620E0,7.644985199E0,9.789308437E0
4.427721720E-1,-1.505952835E0,5.925948620E0,7.644985199E0,9.789308437E0
4.447721380E-1,-1.505952835E0,5.925948620E0,7.644985199E0,9.789308437E0
4.467721040E-1,-1.505952835E0,5.925948620E0,7.644985199E0,9.789308437E0
4.487720700E-1,-1.333570361E0,5.995380402E0,7.680898190E0,9.834591657E0
4.507720360E-1,-1.333570361E0,5.995380402E0,7.680898190E0,9.834591657E0
4.527720020E-1,-1.333570361E0,5.995380402E0,7.680898190E0,9.834591657E0
4.547720020E-1,-1.333570361E0,5.995380402E0,7.680898190E0,9.834591657E0
4.567720350E-1,-1.333570361E0,5.995380402E0,7.680898190E0,9.834591657E0
4.587720680E-1,-1.333570361E0,5.995380402E0,7.680898190E0,9.834591657E0
4.607721010E-1,-1.333570361E0,5.995380402E0,7.680898190E0,9.834591657E0
4.627721340E-1,-1.333570361E0,5.995380402E0,7.680898190E0,9.834591657E0
4.647721670E-1,-1.333570361E0,5.995380402E0,7.680898190E0,9.834591657E0
4.667713330E-1,-1.333570361E0,5.995380402E0,7.680898190E0,9.834591657E0
4.687717330E-1,-1.101332784E0,5.985803604E0,7.635408401E0,9.764335110E0
4.707717330E-1,-1.101332784E0,5.985803604E0,7.635408401E0,9.764335110E0
4.727716990E-1,-1.101332784E0,5.985803604E0,7.635408401E0,9.764335110E0
4.747716650E-1,-1.101332784E0,5.985803604E0,7.635408401E0,9.764335110E0
4.767716310E-1,-1.101332784E0,5.985803604E0,7.635408401E0,9.764335110E0
4.787715970E-1,-1.101332784E0,5.985803604E0,7.635408401E0,9.764335110E0
4.807715630E-1,-1.101332784E0,5.985803604E0,7.635408401E0,9.764335110E0
4.827715290E-1,-1.101332784E0,5.985803604E0,7.635408401E0,9.764335110E0
4.847714950E-1,-1.101332784E0,5.985803604E0,7.635408401E0,9.764335110E0
4.867723950E-1,-1.101332784E0,5.985803604E0,7.635408401E0,9.764335110E0
4.887724280E-1,-1.170764685E0,5.976226807E0,7.585130215E0,9.727290330E0
4.907724610E-1,-1.170764685E0,5.976226807E0,7.585130215E0,9.727290330E0
4.927724940E-1,-1.170764685E0,5.976226807E0,7.585130215E0,9.727290330E0
4.947725270E-1,-1.170764685E0,5.976226807E0,7.585130215E0,9.727290330E0
4.967725600E-1,-1.170764685E0,5.976226807E0,7.585130215E0,9.727290330E0
4.987725930E-1,-1.170764685E0,5.976226807E0,7.585130215E0,9.727290330E0
5.007726260E-1,-1.170764685E0,5.976226807E0,7.585130215E0,9.727290330E0
5.027726590E-1,-1.170764685E0,5.976226807E0,7.585130215E0,9.727290330E0
5.047726590E-1,-1.271321058E0,5.930737019E0,7.628225803E0,9.745754344E0
5.067717920E-1,-1.271321058E0,5.930737019E0,7.628225803E0,9.745754344E0
5.087717920E-1,-1.271321058E0,5.930737019E0,7.628225803E0,9.745754344E0
5.107717920E-1,-1.271321058E0,5.930737019E0,7.628225803E0,9.745754344E0
5.127717920E-1,-1.271321058E0,5.930737019E0,7.628225803E0,9.745754344E0
5.147717920E-1,-1.271321058E0,5.930737019E0,7.628225803E0,9.745754344E0
5.167717580E-1,-1.271321058E0,5.930737019E0,7.628225803E0,9.745754344E0
5.187717240E-1,-1.271321058E0,5.930737019E0,7.628225803E0,9.745754344E0
5.207716900E-1,-1.271321058E0,5.930737019E0,7.628225803E0,9.745754344E0
5.227716560E-1,-1.271321058E0,5.930737019E0,7.628225803E0,9.745754344E0
5.247716220E-1,-1.271321058E0,5.930737019E0,7.628225803E0,9.745754344E0
5.267724550E-1,-1.271321058E0,5.930737019E0,7.628225803E0,9.745754344E0
5.287720550E-1,-1.295263171E0,5.880458832E0,7.613860607E0,9.707130168E0
5.307720210E-1,-1.295263171E0,5.880458832E0,7.613860607E0,9.707130168E0
5.327720210E-1,-1.295263171E0,5.880458832E0,7.613860607E0,9.707130168E0
5.347720540E-1,-1.295263171E0,5.880458832E0,7.613860607E0,9.707130168E0
5.367720870E-1,-1.295263171E0,5.880458832E0,7.613860607E0,9.707130168E0
5.387721200E-1,-1.295263171E0,5.880458832E0,7.613860607E0,9.707130168E0
5.407721530E-1,-1.295263171E0,5.880458832E0,7.613860607E0,9.707130168E0
5.427721860E-1,-1.295263171E0,5.880458832E0,7.613860607E0,9.707130168E0
5.447722190E-1,-1.288080573E0,5.779901981E0,7.731176376E0,9.738455044E0
5.467713850E-1,-1.288080573E0,5.779901981E0,7.731176376E0,9.738455044E0
5.487705180E-1,-1.288080573E0,5.779901981E0,7.731176376E0,9.738455044E0
5.507704840E-1,-1.288080573E0,5.779901981E0,7.731176376E0,9.738455044E0
5.527704500E-1,-1.288080573E0,5.779901981E0,7.731176376E0,9.738455044E0
5.547704160E-1,-1.288080573E0,5.779901981E0,7.731176376E0,9.738455044E0
5.567703820E-1,-1.288080573E0,5.779901981E0,7.731176376E0,9.738455044E0
5.587703480E-1,-1.288080573E0,5.779901981E0,7.731176376E0,9.738455044E0
5.607703140E-1,-1.288080573E0,5.779901981E0,7.731176376E0,9.738455044E0
5.627702800E-1,-1.288080573E0,5.779901981E0,7.731176376E0,9.738455044E0
5.647702800E-1,-1.288080573E0,5.779901981E0,7.731176376E0,9.738455044E0
5.667711800E-1,-1.288080573E0,5.779901981E0,7.731176376E0,9.738455044E0
5.687713130E-1,-1.347935557E0,5.751171589E0,7.882011414E0,9.849822782E0
5.707713460E-1,-1.347935557E0,5.751171589E0,7.882011414E0,9.849822782E0
5.727713790E-1,-1.347935557E0,5.751171589E0,7.882011414E0,9.849822782E0
5.747714120E-1,-1.347935557E0,5.751171589E0,7.882011414E0,9.849822782E0
5.767714450E-1,-1.347935557E0,5.751171589E0,7.882011414E0,9.849822782E0
5.787714780E-1,-1.347935557E0,5.751171589E0,7.882011414E0,9.849822782E0
5.807715110E-1,-1.347935557E0,5.751171589E0,7.882011414E0,9.849822782E0
5.827717440E-1,-1.347935557E0,5.751171589E0,7.882011414E0,9.849822782E0
5.847717440E-1,-1.347935557E0,5.751171589E0,7.882011414E0,9.849822782E0
5.867717440E-1,-1.347935557E0,5.751171589E0,7.882011414E0,9.849822782E0
5.887717440E-1,-1.379060149E0,5.777507782E0,7.922712803E0,9.902059444E0
5.907717440E-1,-1.379060149E0,5.777507782E0,7.922712803E0,9.902059444E0
5.927717440E-1,-1.379060149E0,5.777507782E0,7.922712803E0,9.902059444E0
5.947717100E-1,-1.379060149E0,5.777507782E0,7.922712803E0,9.902059444E0
5.967716760E-1,-1.379060149E0,5.777507782E0,7.922712803E0,9.902059444E0
5.987716420E-1,-1.379060149E0,5.777507782E0,7.922712803E0,9.902059444E0
6.007716080E-1,-1.379060149E0,5.777507782E0,7.922712803E0,9.902059444E0
6.027715740E-1,-1.379060149E0,5.777507782E0,7.922712803E0,9.902059444E0
6.047715400E-1,-1.379060149E0,5.777507782E0,7.922712803E0,9.902059444E0
6.067723730E-1,-1.379060149E0,5.777507782E0,7.922712803E0,9.902059444E0
6.087732060E-1,-1.276109457E0,5.844545841E0,7.867646217E0,9.883674845E0
6.107732060E-1,-1.276109457E0,5.844545841E0,7.867646217E0,9.883674845E0
6.127732060E-1,-1.276109457E0,5.844545841E0,7.867646217E0,9.883674845E0
6.147732390E-1,-1.276109457E0,5.844545841E0,7.867646217E0,9.883674845E0
6.167732720E-1,-1.276109457E0,5.844545841E0,7.867646217E0,9.883674845E0
6.187733050E-1,-1.276109457E0,5.844545841E0,7.867646217E0,9.883674845E0
6.207733380E-1,-1.276109457E0,5.844545841E0,7.867646217E0,9.883674845E0
6.227733710E-1,-1.276109457E0,5.844545841E0,7.867646217E0,9.883674845E0
6.247734040E-1,-1.276109457E0,5.844545841E0,7.867646217E0,9.883674845E0
6.267725040E-1,-1.187524080E0,5.818209171E0,7.819762230E0,9.818882459E0
6.287722040E-1,-1.187524080E0,5.818209171E0,7.819762230E0,9.818882459E0
6.307721700E-1,-1.187524080E0,5.818209171E0,7.819762230E0,9.818882459E0
6.327721360E-1,-1.187524080E0,5.818209171E0,7.819762230E0,9.818882459E0
6.347721020E-1,-1.187524080E0,5.818209171E0,7.819762230E0,9.818882459E0
6.367720680E-1,-1.187524080E0,5.818209171E0,7.819762230E0,9.818882459E0
6.387720340E-1,-1.187524080E0,5.818209171E0,7.819762230E0,9.818882459E0
6.407720000E-1,-1.187524080E0,5.818209171E0,7.819762230E0,9.818882459E0
6.427713660E-1,-1.187524080E0,5.818209171E0,7.819762230E0,9.818882459E0
6.447713990E-1,-1.187524080E0,5.818209171E0,7.819762230E0,9.818882459E0
6.467714320E-1,-1.252167463E0,5.753565788E0,7.673715591E0,9.672505033E0
6.487714650E-1,-1.252167463E0,5.753565788E0,7.673715591E0,9.672505033E0
6.507714980E-1,-1.252167463E0,5.753565788E0,7.673715591E0,9.672505033E0
6.527715310E-1,-1.252167463E0,5.753565788E0,7.673715591E0,9.672505033E0
6.547715640E-1,-1.252167463E0,5.753565788E0,7.673715591E0,9.672505033E0
6.567715970E-1,-1.252167463E0,5.753565788E0,7.673715591E0,9.672505033E0
6.587716300E-1,-1.252167463E0,5.753565788E0,7.673715591E0,9.672505033E0
6.607716300E-1,-1.252167463E0,5.753565788E0,7.673715591E0,9.672505033E0
6.627714960E-1,-1.252167463E0,5.753565788E0,7.673715591E0,9.672505033E0
6.647714960E-1,-1.405396342E0,5.712864399E0,7.640196800E0,9.642850495E0
6.667706290E-1,-1.405396342E0,5.712864399E0,7.640196800E0,9.642850495E0
6.687706290E-1,-1.405396342E0,5.712864399E0,7.640196800E0,9.642850495E0
6.707706290E-1,-1.405396342E0,5.712864399E0,7.640196800E0,9.642850495E0
6.727706290E-1,-1.405396342E0,5.712864399E0,7.640196800E0,9.642850495E0
6.747705950E-1,-1.405396342E0,5.712864399E0,7.640196800E0,9.642850495E0
6.767705610E-1,-1.405396342E0,5.712864399E0,7.640196800E0,9.642850495E0
6.787705270E-1,-1.405396342E0,5.712864399E0,7.640196800E0,9.642850495E0
6.807704930E-1,-1.405396342E0,5.712864399E0,7.640196800E0,9.642850495E0
6.827704590E-1,-1.405396342E0,5.712864399E0,7.640196800E0,9.642850495E0
6.847704250E-1,-1.405396342E0,5.712864399E0,7.640196800E0,9.642850495E0
6.867712910E-1,-1.410184860E0,5.729623795E0,7.680898190E0,9.685732144E0
6.887714570E-1,-1.410184860E0,5.729623795E0,7.680898190E0,9.685732144E0
6.907714570E-1,-1.410184860E0,5.729623795E0,7.680898190E0,9.685732144E0
6.927714900E-1,-1.410184860E0,5.729623795E0,7.680898190E0,9.685732144E0
6.947715230E-1,-1.410184860E0,5.729623795E0,7.680898190E0,9.685732144E0
6.967715560E-1,-1.410184860E0,5.729623795E0,7.680898190E0,9.685732144E0
6.987715890E-1,-1.410184860E0,5.729623795E0,7.680898190E0,9.685732144E0
7.007716220E-1,-1.410184860E0,5.729623795E0,7.680898190E0,9.685732144E0
7.027720550E-1,-1.410184860E0,5.729623795E0,7.680898190E0,9.685732144E0
7.047720550E-1,-1.367089152E0,5.811026573E0,7.712022781E0,9.752551357E0
7.067711550E-1,-1.367089152E0,5.811026573E0,7.712022781E0,9.752551357E0
7.087709550E-1,-1.367089152E0,5.811026573E0,7.712022781E0,9.752551357E0
7.107709210E-1,-1.367089152E0,5.811026573E0,7.712022781E0,9.752551357E0
7.127708870E-1,-1.367089152E0,5.811026573E0,7.712022781E0,9.752551357E0
7.147708530E-1,-1.367089152E0,5.811026573E0,7.712022781E0,9.752551357E0
7.167708190E-1,-1.367089152E0,5.811026573E0,7.712022781E0,9.752551357E0
7.187707850E-1,-1.367089152E0,5.811026573E0,7.712022781E0,9.752551357E0
7.207707850E-1,-1.367089152E0,5.811026573E0,7.712022781E0,9.752551357E0
7.227709510E-1,-1.367089152E0,5.811026573E0,7.712022781E0,9.752551357E0
7.247709840E-1,-1.367089152E0,5.811026573E0,7.712022781E0,9.752551357E0
7.267718840E-1,-1.338358760E0,5.844545841E0,7.738358974E0,9.789388126E0
7.287719170E-1,-1.338358760E0,5.844545841E0,7.738358974E0,9.789388126E0
7.307719500E-1,-1.338358760E0,5.844545841E0,7.738358974E0,9.789388126E0
7.327719830E-1,-1.338358760E0,5.844545841E0,7.738358974E0,9.789388126E0
7.347720160E-1,-1.338358760E0,5.844545841E0,7.738358974E0,9.789388126E0
7.367720490E-1,-1.338358760E0,5.844545841E0,7.738358974E0,9.789388126E0
7.387720490E-1,-1.338358760E0,5.844545841E0,7.738358974E0,9.789388126E0
7.407720490E-1,-1.338358760E0,5.844545841E0,7.738358974E0,9.789388126E0
7.427720490E-1,-1.338358760E0,5.844545841E0,7.738358974E0,9.789388126E0
7.447720490E-1,-1.319205165E0,5.827786446E0,7.826944828E0,9.847053491E0
7.467711820E-1,-1.319205165E0,5.827786446E0,7.826944828E0,9.847053491E0
7.487703150E-1,-1.319205165E0,5.827786446E0,7.826944828E0,9.847053491E0
7.507703150E-1,-1.319205165E0,5.827786446E0,7.826944828E0,9.847053491E0
7.527702810E-1,-1.319205165E0,5.827786446E0,7.826944828E0,9.847053491E0
7.547702470E-1,-1.319205165E0,5.827786446E0,7.826944828E0,9.847053491E0
7.567702130E-1,-1.319205165E0,5.827786446E0,7.826944828E0,9.847053491E0
7.587701790E-1,-1.319205165E0,5.827786446E0,7.826944828E0,9.847053491E0
7.607701450E-1,-1.319205165E0,5.827786446E0,7.826944828E0,9.847053491E0
7.627701110E-1,-1.319205165E0,5.827786446E0,7.826944828E0,9.847053491E0
7.647700770E-1,-1.319205165E0,5.827786446E0,7.826944828E0,9.847053491E0
7.667709430E-1,-1.235408068E0,5.813420773E0,7.872434616E0,9.863940438E0
7.687711090E-1,-1.235408068E0,5.813420773E0,7.872434616E0,9.863940438E0
7.707711420E-1,-1.235408068E0,5.813420773E0,7.872434616E0,9.863940438E0
7.727711750E-1,-1.235408068E0,5.813420773E0,7.872434616E0,9.863940438E0
7.747712080E-1,-1.235408068E0,5.813420773E0,7.872434616E0,9.863940438E0
7.767712410E-1,-1.235408068E0,5.813420773E0,7.872434616E0,9.863940438E0
7.787712740E-1,-1.235408068E0,5.813420773E0,7.872434616E0,9.863940438E0
7.807713070E-1,-1.235408068E0,5.813420773E0,7.872434616E0,9.863940438E0
7.827713070E-1,-1.235408068E0,5.813420773E0,7.872434616E0,9.863940438E0
7.847712730E-1,-1.115697980E0,5.801449776E0,7.800608635E0,9.785248927E0
7.867712390E-1,-1.115697980E0,5.801449776E0,7.800608635E0,9.785248927E0
7.887712050E-1,-1.115697980E0,5.801449776E0,7.800608635E0,9.785248927E0
7.907711710E-1,-1.115697980E0,5.801449776E0,7.800608635E0,9.785248927E0
7.927711370E-1,-1.115697980E0,5.801449776E0,7.800608635E0,9.785248927E0
7.947711030E-1,-1.115697980E0,5.801449776E0,7.800608635E0,9.785248927E0
7.967710690E-1,-1.115697980E0,5.801449776E0,7.800608635E0,9.785248927E0
7.987710690E-1,-1.115697980E0,5.801449776E0,7.800608635E0,9.785248927E0
8.007717690E-1,-1.115697980E0,5.801449776E0,7.800608635E0,9.785248927E0
8.027718020E-1,-1.115697980E0,5.801449776E0,7.800608635E0,9.785248927E0
8.047718350E-1,-1.115697980E0,5.801449776E0,7.800608635E0,9.785248927E0
8.067727350E-1,-1.132457376E0,5.748777390E0,7.731176376E0,9.700617988E0
8.087736350E-1,-1.132457376E0,5.748777390E0,7.731176376E0,9.700617988E0
8.107736680E-1,-1.132457376E0,5.748777390E0,7.731176376E0,9.700617988E0
8.127737010E-1,-1.132457376E0,5.748777390E0,7.731176376E0,9.700617988E0
8.147737340E-1,-1.132457376E0,5.748777390E0,7.731176376E0,9.700617988E0
8.167737340E-1,-1.132457376E0,5.748777390E0,7.731176376E0,9.700617988E0
8.187737340E-1,-1.132457376E0,5.748777390E0,7.731176376E0,9.700617988E0
8.207737340E-1,-1.132457376E0,5.748777390E0,7.731176376E0,9.700617988E0
8.227737340E-1,-1.132457376E0,5.748777390E0,7.731176376E0,9.700617988E0
8.247737340E-1,-1.218648672E0,5.700893402E0,7.846098423E0,9.774791590E0
8.267732340E-1,-1.218648672E0,5.700893402E0,7.846098423E0,9.774791590E0
8.287732340E-1,-1.218648672E0,5.700893402E0,7.846098423E0,9.774791590E0
8.307732000E-1,-1.218648672E0,5.700893402E0,7.846098423E0,9.774791590E0
8.327731660E-1,-1.218648672E0,5.700893402E0,7.846098423E0,9.774791590E0
8.347731320E-1,-1.218648672E0,5.700893402E0,7.846098423E0,9.774791590E0
8.367730980E-1,-1.218648672E0,5.700893402E0,7.846098423E0,9.774791590E0
8.387730640E-1,-1.218648672E0,5.700893402E0,7.846098423E0,9.774791590E0
8.407730300E-1,-1.218648672E0,5.700893402E0,7.846098423E0,9.774791590E0
8.427729960E-1,-1.218648672E0,5.700893402E0,7.846098423E0,9.774791590E0
8.447725960E-1,-1.218648672E0,5.700893402E0,7.846098423E0,9.774791590E0
8.467725960E-1,-1.297657371E0,5.688922405E0,7.913136005E0,9.831860161E0
8.487726290E-1,-1.297657371E0,5.688922405E0,7.913136005E0,9.831860161E0
8.507726620E-1,-1.297657371E0,5.688922405E0,7.913136005E0,9.831860161E0
8.527726950E-1,-1.297657371E0,5.688922405E0,7.913136005E0,9.831860161E0
8.547727280E-1,-1.297657371E0,5.688922405E0,7.913136005E0,9.831860161E0
8.567727610E-1,-1.297657371E0,5.688922405E0,7.913136005E0,9.831860161E0
8.587727940E-1,-1.297657371E0,5.688922405E0,7.913136005E0,9.831860161E0
8.607721270E-1,-1.297657371E0,5.688922405E0,7.913136005E0,9.831860161E0
8.627730600E-1,-1.297657371E0,5.688922405E0,7.913136005E0,9.831860161E0
8.647730260E-1,-1.252167463E0,5.770325184E0,7.896376610E0,9.859885377E0
8.667721260E-1,-1.252167463E0,5.770325184E0,7.896376610E0,9.859885377E0
8.687720920E-1,-1.252167463E0,5.770325184E0,7.896376610E0,9.859885377E0
8.707720580E-1,-1.252167463E0,5.770325184E0,7.896376610E0,9.859885377E0
8.727720240E-1,-1.252167463E0,5.770325184E0,7.896376610E0,9.859885377E0
8.747719900E-1,-1.252167463E0,5.770325184E0,7.896376610E0,9.859885377E0
8.767711230E-1,-1.252167463E0,5.770325184E0,7.896376610E0,9.859885377E0
8.787711230E-1,-1.252167463E0,5.770325184E0,7.896376610E0,9.859885377E0
8.807711230E-1,-1.252167463E0,5.770325184E0,7.896376610E0,9.859885377E0
8.827711230E-1,-1.252167463E0,5.770325184E0,7.896376610E0,9.859885377E0
8.847711230E-1,-1.252167463E0,5.770325184E0,7.896376610E0,9.859885377E0
8.867713890E-1,-1.187524080E0,5.796661377E0,7.846098423E0,9.827143889E0
8.887713890E-1,-1.187524080E0,5.796661377E0,7.846098423E0,9.827143889E0
8.907713890E-1,-1.187524080E0,5.796661377E0,7.846098423E0,9.827143889E0
8.927713890E-1,-1.187524080E0,5.796661377E0,7.846098423E0,9.827143889E0
8.947714220E-1,-1.187524080E0,5.796661377E0,7.846098423E0,9.827143889E0
8.967714550E-1,-1.187524080E0,5.796661377E0,7.846098423E0,9.827143889E0
8.987714880E-1,-1.187524080E0,5.796661377E0,7.846098423E0,9.827143889E0
9.007715210E-1,-1.187524080E0,5.796661377E0,7.846098423E0,9.827143889E0
9.027715540E-1,-1.187524080E0,5.796661377E0,7.846098423E0,9.827143889E0
9.047719870E-1,-1.206677675E0,5.741594791E0,7.791031837E0,9.753058949E0
9.067711530E-1,-1.206677675E0,5.741594791E0,7.791031837E0,9.753058949E0
9.087710860E-1,-1.206677675E0,5.741594791E0,7.791031837E0,9.753058949E0
9.107710520E-1,-1.206677675E0,5.741594791E0,7.791031837E0,9.753058949E0
9.127710180E-1,-1.206677675E0,5.741594791E0,7.791031837E0,9.753058949E0
9.147710180E-1,-1.206677675E0,5.741594791E0,7.791031837E0,9.753058949E0
9.167709840E-1,-1.206677675E0,5.741594791E0,7.791031837E0,9.753058949E0
9.187709500E-1,-1.206677675E0,5.741594791E0,7.791031837E0,9.753058949E0
9.207709160E-1,-1.206677675E0,5.741594791E0,7.791031837E0,9.753058949E0
9.227699490E-1,-1.206677675E0,5.741594791E0,7.791031837E0,9.753058949E0
9.247699490E-1,-1.347935557E0,5.688922405E0,7.779060364E0,9.731112400E0
9.267708490E-1,-1.347935557E0,5.688922405E0,7.779060364E0,9.731112400E0
9.287708820E-1,-1.347935557E0,5.688922405E0,7.779060364E0,9.731112400E0
9.307709150E-1,-1.347935557E0,5.688922405E0,7.779060364E0,9.731112400E0
9.327709480E-1,-1.347935557E0,5.688922405E0,7.779060364E0,9.731112400E0
9.347709810E-1,-1.347935557E0,5.688922405E0,7.779060364E0,9.731112400E0
9.367718810E-1,-1.347935557E0,5.688922405E0,7.779060364E0,9.731112400E0
9.387719140E-1,-1.347935557E0,5.688922405E0,7.779060364E0,9.731112400E0
9.407719470E-1,-1.347935557E0,5.688922405E0,7.779060364E0,9.731112400E0
9.427719470E-1,-1.347935557E0,5.688922405E0,7.779060364E0,9.731112400E0
9.447719470E-1,-1.350329757E0,5.720046997E0,7.798214436E0,9.764961673E0
9.467713130E-1,-1.350329757E0,5.720046997E0,7.798214436E0,9.764961673E0
9.487704460E-1,-1.350329757E0,5.720046997E0,7.798214436E0,9.764961673E0
9.507704460E-1,-1.350329757E0,5.720046997E0,7.798214436E0,9.764961673E0
9.527704460E-1,-1.350329757E0,5.720046997E0,7.798214436E0,9.764961673E0
9.547704120E-1,-1.350329757E0,5.720046997E0,7.798214436E0,9.764961673E0
9.567704120E-1,-1.350329757E0,5.720046997E0,7.798214436E0,9.764961673E0
9.587704120E-1,-1.350329757E0,5.720046997E0,7.798214436E0,9.764961673E0
9.607704120E-1,-1.350329757E0,5.720046997E0,7.798214436E0,9.764961673E0
9.627704120E-1,-1.350329757E0,5.720046997E0,7.798214436E0,9.764961673E0
9.647704120E-1,-1.137245774E0,5.825392246E0,7.774271965E0,9.780993168E0
9.667712780E-1,-1.137245774E0,5.825392246E0,7.774271965E0,9.780993168E0
9.687713440E-1,-1.137245774E0,5.825392246E0,7.774271965E0,9.780993168E0
9.707713770E-1,-1.137245774E0,5.825392246E0,7.774271965E0,9.780993168E0
9.727713770E-1,-1.137245774E0,5.825392246E0,7.774271965E0,9.780993168E0
9.747713430E-1,-1.137245774E0,5.825392246E0,7.774271965E0,9.780993168E0
9.767713430E-1,-1.137245774E0,5.825392246E0,7.774271965E0,9.780993168E0
9.787713430E-1,-1.137245774E0,5.825392246E0,7.774271965E0,9.780993168E0
9.807713430E-1,-1.137245774E0,5.825392246E0,7.774271965E0,9.780993168E0
9.827713430E-1,-1.137245774E0,5.825392246E0,7.774271965E0,9.780993168E0
9.847713430E-1,-1.082179189E0,5.880458832E0,7.716811180E0,9.762176123E0
9.867713090E-1,-1.082179189E0,5.880458832E0,7.716811180E0,9.762176123E0
9.887712750E-1,-1.082179189E0,5.880458832E0,7.716811180E0,9.762176123E0
9.907712410E-1,-1.082179189E0,5.880458832E0,7.716811180E0,9.762176123E0
9.927712070E-1,-1.082179189E0,5.880458832E0,7.716811180E0,9.762176123E0
9.947711730E-1,-1.082179189E0,5.880458832E0,7.716811180E0,9.762176123E0
9.967711390E-1,-1.082179189E0,5.880458832E0,7.716811180E0,9.762176123E0
9.987711050E-1,-1.082179189E0,5.880458832E0,7.716811180E0,9.762176123E0
1.000771071E0,-1.082179189E0,5.880458832E0,7.716811180E0,9.762176123E0
1.002771071E0,-1.082179189E0,5.880458832E0,7.716811180E0,9.762176123E0
1.004771104E0,-1.154005170E0,5.822998047E0,7.750329971E0,9.762512425E0
1.006772004E0,-1.154005170E0,5.822998047E0,7.750329971E0,9.762512425E0
1.008772904E0,-1.154005170E0,5.822998047E0,7.750329971E0,9.762512425E0
1.010772937E0,-1.154005170E0,5.822998047E0,7.750329971E0,9.762512425E0
1.012772970E0,-1.154005170E0,5.822998047E0,7.750329971E0,9.762512425E0
1.014773003E0,-1.154005170E0,5.822998047E0,7.750329971E0,9.762512425E0
1.016773003E0,-1.154005170E0,5.822998047E0,7.750329971E0,9.762512425E0
1.018773003E0,-1.154005170E0,5.822998047E0,7.750329971E0,9.762512425E0
1.020772969E0,-1.154005170E0,5.822998047E0,7.750329971E0,9.762512425E0
1.022772935E0,-1.154005170E0,5.822998047E0,7.750329971E0,9.762512425E0
1.024772901E0,-1.271321058E0,5.751171589E0,7.690474987E0,9.686879653E0
1.026771967E0,-1.271321058E0,5.751171589E0,7.690474987E0,9.686879653E0
1.028771933E0,-1.271321058E0,5.751171589E0,7.690474987E0,9.686879653E0
1.030771899E0,-1.271321058E0,5.751171589E0,7.690474987E0,9.686879653E0
1.032771899E0,-1.271321058E0,5.751171589E0,7.690474987E0,9.686879653E0
1.034771932E0,-1.271321058E0,5.751171589E0,7.690474987E0,9.686879653E0
1.036771965E0,-1.271321058E0,5.751171589E0,7.690474987E0,9.686879653E0
1.038771998E0,-1.271321058E0,5.751171589E0,7.690474987E0,9.686879653E0
1.040772031E0,-1.271321058E0,5.751171589E0,7.690474987E0,9.686879653E0
1.042772064E0,-1.271321058E0,5.751171589E0,7.690474987E0,9.686879653E0
1.044772097E0,-1.405396342E0,5.691316605E0,7.637802601E0,9.628200878E0
1.046772130E0,-1.405396342E0,5.691316605E0,7.637802601E0,9.628200878E0
1.048772163E0,-1.405396342E0,5.691316605E0,7.637802601E0,9.628200878E0
1.050772163E0,-1.405396342E0,5.691316605E0,7.637802601E0,9.628200878E0
1.052772163E0,-1.405396342E0,5.691316605E0,7.637802601E0,9.628200878E0
1.054772163E0,-1.405396342E0,5.691316605E0,7.637802601E0,9.628200878E0
1.056772163E0,-1.405396342E0,5.691316605E0,7.637802601E0,9.628200878E0
1.058772163E0,-1.405396342E0,5.691316605E0,7.637802601E0,9.628200878E0
1.060772163E0,-1.405396342E0,5.691316605E0,7.637802601E0,9.628200878E0
1.062772163E0,-1.405396342E0,5.691316605E0,7.637802601E0,9.628200878E0
1.064772129E0,-1.407790542E0,5.753565788E0,7.733570576E0,9.741329855E0
1.066771229E0,-1.407790542E0,5.753565788E0,7.733570576E0,9.741329855E0
1.068771195E0,-1.407790542E0,5.753565788E0,7.733570576E0,9.741329855E0
1.070771161E0,-1.407790542E0,5.753565788E0,7.733570576E0,9.741329855E0
1.072771127E0,-1.407790542E0,5.753565788E0,7.733570576E0,9.741329855E0
1.074771093E0,-1.407790542E0,5.753565788E0,7.733570576E0,9.741329855E0
1.076771059E0,-1.407790542E0,5.753565788E0,7.733570576E0,9.741329855E0
1.078771025E0,-1.407790542E0,5.753565788E0,7.733570576E0,9.741329855E0
1.080771025E0,-1.407790542E0,5.753565788E0,7.733570576E0,9.741329855E0
1.082771058E0,-1.407790542E0,5.753565788E0,7.733570576E0,9.741329855E0
1.084771091E0,-1.256955862E0,5.813420773E0,7.855675220E0,9.853295504E0
1.086772024E0,-1.256955862E0,5.813420773E0,7.855675220E0,9.853295504E0
1.088772057E0,-1.256955862E0,5.813420773E0,7.855675220E0,9.853295504E0
1.090772090E0,-1.256955862E0,5.813420773E0,7.855675220E0,9.853295504E0
1.092772123E0,-1.256955862E0,5.813420773E0,7.855675220E0,9.853295504E0
1.094772123E0,-1.256955862E0,5.813420773E0,7.855675220E0,9.853295504E0
1.096772123E0,-1.256955862E0,5.813420773E0,7.855675220E0,9.853295504E0
1.098772089E0,-1.256955862E0,5.813420773E0,7.855675220E0,9.853295504E0
1.100772055E0,-1.256955862E0,5.813420773E0,7.855675220E0,9.853295504E0
1.102771688E0,-1.256955862E0,5.813420773E0,7.855675220E0,9.853295504E0
1.104771654E0,-1.106121182E0,5.837363243E0,7.764695168E0,9.776952733E0
1.106770754E0,-1.106121182E0,5.837363243E0,7.764695168E0,9.776952733E0
1.108770320E0,-1.106121182E0,5.837363243E0,7.764695168E0,9.776952733E0
1.110769453E0,-1.106121182E0,5.837363243E0,7.764695168E0,9.776952733E0
1.112769453E0,-1.106121182E0,5.837363243E0,7.764695168E0,9.776952733E0
1.114769453E0,-1.106121182E0,5.837363243E0,7.764695168E0,9.776952733E0
1.116769453E0,-1.106121182E0,5.837363243E0,7.764695168E0,9.776952733E0
1.118769453E0,-1.106121182E0,5.837363243E0,7.764695168E0,9.776952733E0
1.120769453E0,-1.106121182E0,5.837363243E0,7.764695168E0,9.776952733E0
1.122769453E0,-1.106121182E0,5.837363243E0,7.764695168E0,9.776952733E0
1.124769453E0,-1.146822572E0,5.858911037E0,7.621043205E0,9.681029909E0
1.126770319E0,-1.146822572E0,5.858911037E0,7.621043205E0,9.681029909E0
1.128770352E0,-1.146822572E0,5.858911037E0,7.621043205E0,9.681029909E0
1.130770385E0,-1.146822572E0,5.858911037E0,7.621043205E0,9.681029909E0
1.132770418E0,-1.146822572E0,5.858911037E0,7.621043205E0,9.681029909E0
1.134770451E0,-1.146822572E0,5.858911037E0,7.621043205E0,9.681029909E0
1.136770484E0,-1.146822572E0,5.858911037E0,7.621043205E0,9.681029909E0
1.138770517E0,-1.146822572E0,5.858911037E0,7.621043205E0,9.681029909E0
1.140770550E0,-1.146822572E0,5.858911037E0,7.621043205E0,9.681029909E0
1.142770550E0,-1.146822572E0,5.858911037E0,7.621043205E0,9.681029909E0
1.144770516E0,-1.230619669E0,5.820603371E0,7.582736015E0,9.638035788E0
1.146769616E0,-1.230619669E0,5.820603371E0,7.582736015E0,9.638035788E0
1.148768716E0,-1.230619669E0,5.820603371E0,7.582736015E0,9.638035788E0
1.150768282E0,-1.230619669E0,5.820603371E0,7.582736015E0,9.638035788E0
1.152768248E0,-1.230619669E0,5.820603371E0,7.582736015E0,9.638035788E0
1.154768214E0,-1.230619669E0,5.820603371E0,7.582736015E0,9.638035788E0
1.156768180E0,-1.230619669E0,5.820603371E0,7.582736015E0,9.638035788E0
1.158768180E0,-1.230619669E0,5.820603371E0,7.582736015E0,9.638035788E0
1.160768213E0,-1.230619669E0,5.820603371E0,7.582736015E0,9.638035788E0
1.162768579E0,-1.230619669E0,5.820603371E0,7.582736015E0,9.638035788E0
1.164768612E0,-1.237802267E0,5.825392246E0,7.575553417E0,9.636200436E0
1.166769512E0,-1.237802267E0,5.825392246E0,7.575553417E0,9.636200436E0
1.168769945E0,-1.237802267E0,5.825392246E0,7.575553417E0,9.636200436E0
1.170770845E0,-1.237802267E0,5.825392246E0,7.575553417E0,9.636200436E0
1.172770878E0,-1.237802267E0,5.825392246E0,7.575553417E0,9.636200436E0
1.174772344E0,-1.237802267E0,5.825392246E0,7.575553417E0,9.636200436E0
1.176772344E0,-1.237802267E0,5.825392246E0,7.575553417E0,9.636200436E0
1.178772344E0,-1.237802267E0,5.825392246E0,7.575553417E0,9.636200436E0
1.180772344E0,-1.237802267E0,5.825392246E0,7.575553417E0,9.636200436E0
1.182772344E0,-1.237802267E0,5.825392246E0,7.575553417E0,9.636200436E0
1.184772344E0,-1.295263171E0,5.794267178E0,7.712022781E0,9.732755735E0
1.186772344E0,-1.295263171E0,5.794267178E0,7.712022781E0,9.732755735E0
1.188772310E0,-1.295263171E0,5.794267178E0,7.712022781E0,9.732755735E0
1.190772276E0,-1.295263171E0,5.794267178E0,7.712022781E0,9.732755735E0
1.192772242E0,-1.295263171E0,5.794267178E0,7.712022781E0,9.732755735E0
1.194772208E0,-1.295263171E0,5.794267178E0,7.712022781E0,9.732755735E0
1.196771774E0,-1.295263171E0,5.794267178E0,7.712022781E0,9.732755735E0
1.198771740E0,-1.295263171E0,5.794267178E0,7.712022781E0,9.732755735E0
1.200771706E0,-1.295263171E0,5.794267178E0,7.712022781E0,9.732755735E0
1.202771672E0,-1.319205165E0,5.722441196E0,7.915530205E0,9.856077005E0
1.204771672E0,-1.319205165E0,5.722441196E0,7.915530205E0,9.856077005E0
1.206772572E0,-1.319205165E0,5.722441196E0,7.915530205E0,9.856077005E0
1.208773472E0,-1.319205165E0,5.722441196E0,7.915530205E0,9.856077005E0
1.210773905E0,-1.319205165E0,5.722441196E0,7.915530205E0,9.856077005E0
1.212773938E0,-1.319205165E0,5.722441196E0,7.915530205E0,9.856077005E0
1.214773971E0,-1.319205165E0,5.722441196E0,7.915530205E0,9.856077005E0
1.216774004E0,-1.319205165E0,5.722441196E0,7.915530205E0,9.856077005E0
1.218774037E0,-1.319205165E0,5.722441196E0,7.915530205E0,9.856077005E0
1.220774037E0,-1.319205165E0,5.722441196E0,7.915530205E0,9.856077005E0
1.222774003E0,-1.335964561E0,5.741594791E0,7.932289600E0,9.882911027E0
1.224773969E0,-1.335964561E0,5.741594791E0,7.932289600E0,9.882911027E0
1.226773402E0,-1.335964561E0,5.741594791E0,7.932289600E0,9.882911027E0
1.228773368E0,-1.335964561E0,5.741594791E0,7.932289600E0,9.882911027E0
1.230773334E0,-1.335964561E0,5.741594791E0,7.932289600E0,9.882911027E0
1.232773300E0,-1.335964561E0,5.741594791E0,7.932289600E0,9.882911027E0
1.234771833E0,-1.335964561E0,5.741594791E0,7.932289600E0,9.882911027E0
1.236771833E0,-1.335964561E0,5.741594791E0,7.932289600E0,9.882911027E0
1.238771866E0,-1.335964561E0,5.741594791E0,7.932289600E0,9.882911027E0
1.240771899E0,-1.335964561E0,5.741594791E0,7.932289600E0,9.882911027E0
1.242771932E0,-1.316810966E0,5.736806393E0,7.834127426E0,9.798902553E0
1.244771965E0,-1.316810966E0,5.736806393E0,7.834127426E0,9.798902553E0
1.246771998E0,-1.316810966E0,5.736806393E0,7.834127426E0,9.798902553E0
1.248772031E0,-1.316810966E0,5.736806393E0,7.834127426E0,9.798902553E0
1.250772064E0,-1.316810966E0,5.736806393E0,7.834127426E0,9.798902553E0
1.252772097E0,-1.316810966E0,5.736806393E0,7.834127426E0,9.798902553E0
1.254772097E0,-1.316810966E0,5.736806393E0,7.834127426E0,9.798902553E0
1.256772497E0,-1.316810966E0,5.736806393E0,7.834127426E0,9.798902553E0
1.258772497E0,-1.316810966E0,5.736806393E0,7.834127426E0,9.798902553E0
1.260771597E0,-1.316810966E0,5.736806393E0,7.834127426E0,9.798902553E0
1.262771597E0,-1.264138460E0,5.763142586E0,7.661744595E0,9.670273457E0
1.264771597E0,-1.264138460E0,5.763142586E0,7.661744595E0,9.670273457E0
1.266770697E0,-1.264138460E0,5.763142586E0,7.661744595E0,9.670273457E0
1.268770663E0,-1.264138460E0,5.763142586E0,7.661744595E0,9.670273457E0
1.270770629E0,-1.264138460E0,5.763142586E0,7.661744595E0,9.670273457E0
1.272770595E0,-1.264138460E0,5.763142586E0,7.661744595E0,9.670273457E0
1.274770561E0,-1.264138460E0,5.763142586E0,7.661744595E0,9.670273457E0
1.276770527E0,-1.264138460E0,5.763142586E0,7.661744595E0,9.670273457E0
1.278770827E0,-1.264138460E0,5.763142586E0,7.661744595E0,9.670273457E0
1.280770393E0,-1.264138460E0,5.763142586E0,7.661744595E0,9.670273457E0
1.282770393E0,-1.223437071E0,5.765536785E0,7.652167797E0,9.658875953E0
1.284770426E0,-1.223437071E0,5.765536785E0,7.652167797E0,9.658875953E0
1.286770992E0,-1.223437071E0,5.765536785E0,7.652167797E0,9.658875953E0
1.288771025E0,-1.223437071E0,5.765536785E0,7.652167797E0,9.658875953E0
1.290771058E0,-1.223437071E0,5.765536785E0,7.652167797E0,9.658875953E0
1.292771091E0,-1.223437071E0,5.765536785E0,7.652167797E0,9.658875953E0
1.294771124E0,-1.223437071E0,5.765536785E0,7.652167797E0,9.658875953E0
1.296771157E0,-1.223437071E0,5.765536785E0,7.652167797E0,9.658875953E0
1.298771157E0,-1.223437071E0,5.765536785E0,7.652167797E0,9.658875953E0
1.300771123E0,-1.223437071E0,5.765536785E0,7.652167797E0,9.658875953E0
1.302771089E0,-1.187524080E0,5.765536785E0,7.723993778E0,9.711421510E0
1.304771055E0,-1.187524080E0,5.765536785E0,7.723993778E0,9.711421510E0
1.306770155E0,-1.187524080E0,5.765536785E0,7.723993778E0,9.711421510E0
1.308769221E0,-1.187524080E0,5.765536785E0,7.723993778E0,9.711421510E0
1.310769187E0,-1.187524080E0,5.765536785E0,7.723993778E0,9.711421510E0
1.312769153E0,-1.187524080E0,5.765536785E0,7.723993778E0,9.711421510E0
1.314769153E0,-1.187524080E0,5.765536785E0,7.723993778E0,9.711421510E0
1.316769186E0,-1.187524080E0,5.765536785E0,7.723993778E0,9.711421510E0
1.318769219E0,-1.187524080E0,5.765536785E0,7.723993778E0,9.711421510E0
1.320770152E0,-1.187524080E0,5.765536785E0,7.723993778E0,9.711421510E0
1.322770185E0,-1.177947283E0,5.782296181E0,7.814973831E0,9.792666894E0
1.324770218E0,-1.177947283E0,5.782296181E0,7.814973831E0,9.792666894E0
1.326770718E0,-1.177947283E0,5.782296181E0,7.814973831E0,9.792666894E0
1.328770751E0,-1.177947283E0,5.782296181E0,7.814973831E0,9.792666894E0
1.330770784E0,-1.177947283E0,5.782296181E0,7.814973831E0,9.792666894E0
1.332770784E0,-1.177947283E0,5.782296181E0,7.814973831E0,9.792666894E0
1.334770784E0,-1.177947283E0,5.782296181E0,7.814973831E0,9.792666894E0
1.336770784E0,-1.177947283E0,5.782296181E0,7.814973831E0,9.792666894E0
1.338770450E0,-1.177947283E0,5.782296181E0,7.814973831E0,9.792666894E0
1.340770850E0,-1.177947283E0,5.782296181E0,7.814973831E0,9.792666894E0
1.342770850E0,-1.156399369E0,5.763142586E0,7.879617214E0,9.830536069E0
1.344770816E0,-1.156399369E0,5.763142586E0,7.879617214E0,9.830536069E0
1.346769916E0,-1.156399369E0,5.763142586E0,7.879617214E0,9.830536069E0
1.348769016E0,-1.156399369E0,5.763142586E0,7.879617214E0,9.830536069E0
1.350768982E0,-1.156399369E0,5.763142586E0,7.879617214E0,9.830536069E0
1.352768948E0,-1.156399369E0,5.763142586E0,7.879617214E0,9.830536069E0
1.354768914E0,-1.156399369E0,5.763142586E0,7.879617214E0,9.830536069E0
1.356768880E0,-1.156399369E0,5.763142586E0,7.879617214E0,9.830536069E0
1.358768846E0,-1.156399369E0,5.763142586E0,7.879617214E0,9.830536069E0
1.360768846E0,-1.156399369E0,5.763142586E0,7.879617214E0,9.830536069E0
1.362768846E0,-1.221042871E0,5.770325184E0,7.848492622E0,9.817659337E0
1.364768879E0,-1.221042871E0,5.770325184E0,7.848492622E0,9.817659337E0
1.366769779E0,-1.221042871E0,5.770325184E0,7.848492622E0,9.817659337E0
1.368770712E0,-1.221042871E0,5.770325184E0,7.848492622E0,9.817659337E0
1.370770745E0,-1.221042871E0,5.770325184E0,7.848492622E0,9.817659337E0
1.372770778E0,-1.221042871E0,5.770325184E0,7.848492622E0,9.817659337E0
1.374771644E0,-1.221042871E0,5.770325184E0,7.848492622E0,9.817659337E0
1.376771644E0,-1.221042871E0,5.770325184E0,7.848492622E0,9.817659337E0
1.378771610E0,-1.221042871E0,5.770325184E0,7.848492622E0,9.817659337E0
1.380771576E0,-1.221042871E0,5.770325184E0,7.848492622E0,9.817659337E0
1.382771242E0,-1.216254473E0,5.770325184E0,7.805397034E0,9.782645375E0
1.384771208E0,-1.216254473E0,5.770325184E0,7.805397034E0,9.782645375E0
1.386771574E0,-1.216254473E0,5.770325184E0,7.805397034E0,9.782645375E0
1.388771540E0,-1.216254473E0,5.770325184E0,7.805397034E0,9.782645375E0
1.390771506E0,-1.216254473E0,5.770325184E0,7.805397034E0,9.782645375E0
1.392771506E0,-1.216254473E0,5.770325184E0,7.805397034E0,9.782645375E0
1.394771539E0,-1.216254473E0,5.770325184E0,7.805397034E0,9.782645375E0
1.396771572E0,-1.216254473E0,5.770325184E0,7.805397034E0,9.782645375E0
1.398771605E0,-1.216254473E0,5.770325184E0,7.805397034E0,9.782645375E0
1.400771638E0,-1.216254473E0,5.770325184E0,7.805397034E0,9.782645375E0
1.402771671E0,-1.223437071E0,5.758354187E0,7.733570576E0,9.719236341E0
1.404771704E0,-1.223437071E0,5.758354187E0,7.733570576E0,9.719236341E0
1.406772604E0,-1.223437071E0,5.758354187E0,7.733570576E0,9.719236341E0
1.408773504E0,-1.223437071E0,5.758354187E0,7.733570576E0,9.719236341E0
1.410773504E0,-1.223437071E0,5.758354187E0,7.733570576E0,9.719236341E0
1.412773504E0,-1.223437071E0,5.758354187E0,7.733570576E0,9.719236341E0
1.414773504E0,-1.223437071E0,5.758354187E0,7.733570576E0,9.719236341E0
1.416773504E0,-1.223437071E0,5.758354187E0,7.733570576E0,9.719236341E0
1.418773504E0,-1.223437071E0,5.758354187E0,7.733570576E0,9.719236341E0
1.420773504E0,-1.223437071E0,5.758354187E0,7.733570576E0,9.719236341E0
1.422773504E0,-1.244984865E0,5.779901981E0,7.688080788E0,9.698651475E0
1.424773470E0,-1.244984865E0,5.779901981E0,7.688080788E0,9.698651475E0
1.426772536E0,-1.244984865E0,5.779901981E0,7.688080788E0,9.698651475E0
1.428772502E0,-1.244984865E0,5.779901981E0,7.688080788E0,9.698651475E0
1.430772468E0,-1.244984865E0,5.779901981E0,7.688080788E0,9.698651475E0
1.432772434E0,-1.244984865E0,5.779901981E0,7.688080788E0,9.698651475E0
1.434771567E0,-1.244984865E0,5.779901981E0,7.688080788E0,9.698651475E0
1.436771533E0,-1.244984865E0,5.779901981E0,7.688080788E0,9.698651475E0
1.438771533E0,-1.244984865E0,5.779901981E0,7.688080788E0,9.698651475E0
1.440771533E0,-1.244984865E0,5.779901981E0,7.688080788E0,9.698651475E0
1.442771866E0,-1.225831270E0,5.770325184E0,7.697657585E0,9.698105347E0
1.444771899E0,-1.225831270E0,5.770325184E0,7.697657585E0,9.698105347E0
1.446771932E0,-1.225831270E0,5.770325184E0,7.697657585E0,9.698105347E0
1.448771965E0,-1.225831270E0,5.770325184E0,7.697657585E0,9.698105347E0
1.450771998E0,-1.225831270E0,5.770325184E0,7.697657585E0,9.698105347E0
1.452772031E0,-1.225831270E0,5.770325184E0,7.697657585E0,9.698105347E0
1.454772031E0,-1.225831270E0,5.770325184E0,7.697657585E0,9.698105347E0
1.456771997E0,-1.225831270E0,5.770325184E0,7.697657585E0,9.698105347E0
1.458771963E0,-1.225831270E0,5.770325184E0,7.697657585E0,9.698105347E0
1.460771929E0,-1.225831270E0,5.770325184E0,7.697657585E0,9.698105347E0
1.462771895E0,-1.225831270E0,5.748777390E0,7.762300968E0,9.736756138E0
1.464771861E0,-1.225831270E0,5.748777390E0,7.762300968E0,9.736756138E0
1.466770961E0,-1.225831270E0,5.748777390E0,7.762300968E0,9.736756138E0
1.468771494E0,-1.225831270E0,5.748777390E0,7.762300968E0,9.736756138E0
1.470771494E0,-1.225831270E0,5.748777390E0,7.762300968E0,9.736756138E0
1.472771527E0,-1.225831270E0,5.748777390E0,7.762300968E0,9.736756138E0
1.474771560E0,-1.225831270E0,5.748777390E0,7.762300968E0,9.736756138E0
1.476771593E0,-1.225831270E0,5.748777390E0,7.762300968E0,9.736756138E0
1.478771626E0,-1.225831270E0,5.748777390E0,7.762300968E0,9.736756138E0
1.480771659E0,-1.237802267E0,5.724835396E0,7.855675220E0,9.798853399E0
1.482771692E0,-1.237802267E0,5.724835396E0,7.855675220E0,9.798853399E0
1.484771725E0,-1.237802267E0,5.724835396E0,7.855675220E0,9.798853399E0
1.490480307E0,-1.237802267E0,5.724835396E0,7.855675220E0,9.798853399E0
1.492480307E0,-1.237802267E0,5.724835396E0,7.855675220E0,9.798853399E0
1.494480307E0,-1.237802267E0,5.724835396E0,7.855675220E0,9.798853399E0
1.496480307E0,-1.237802267E0,5.724835396E0,7.855675220E0,9.798853399E0
1.498480307E0,-1.237802267E0,5.724835396E0,7.855675220E0,9.798853399E0
1.500480307E0,-1.237802267E0,5.724835396E0,7.855675220E0,9.798853399E0
1.502480307E0,-1.237802267E0,5.724835396E0,7.855675220E0,9.798853399E0
1.504480307E0,-1.211466074E0,5.746383190E0,7.882011414E0,9.829276359E0
1.506480273E0,-1.211466074E0,5.746383190E0,7.882011414E0,9.829276359E0
1.508480239E0,-1.211466074E0,5.746383190E0,7.882011414E0,9.829276359E0
1.510479339E0,-1.211466074E0,5.746383190E0,7.882011414E0,9.829276359E0
1.512479305E0,-1.211466074E0,5.746383190E0,7.882011414E0,9.829276359E0
1.514479271E0,-1.211466074E0,5.746383190E0,7.882011414E0,9.829276359E0
1.516479237E0,-1.211466074E0,5.746383190E0,7.882011414E0,9.829276359E0
1.518479203E0,-1.211466074E0,5.746383190E0,7.882011414E0,9.829276359E0
1.520479203E0,-1.211466074E0,5.746383190E0,7.882011414E0,9.829276359E0
1.522479203E0,-1.211466074E0,5.746383190E0,7.882011414E0,9.829276359E0
1.524479236E0,-1.211466074E0,5.763142586E0,7.853281021E0,9.816082992E0
1.526479269E0,-1.211466074E0,5.763142586E0,7.853281021E0,9.816082992E0
1.528479302E0,-1.211466074E0,5.763142586E0,7.853281021E0,9.816082992E0
1.530480202E0,-1.211466074E0,5.763142586E0,7.853281021E0,9.816082992E0
1.532479668E0,-1.211466074E0,5.763142586E0,7.853281021E0,9.816082992E0
1.534479701E0,-1.211466074E0,5.763142586E0,7.853281021E0,9.816082992E0
1.536479701E0,-1.211466074E0,5.763142586E0,7.853281021E0,9.816082992E0
1.538479667E0,-1.211466074E0,5.763142586E0,7.853281021E0,9.816082992E0
1.540479633E0,-1.211466074E0,5.763142586E0,7.853281021E0,9.816082992E0
1.542479599E0,-1.211466074E0,5.763142586E0,7.853281021E0,9.816082992E0
1.544479565E0,-1.247379065E0,5.755959988E0,7.822156429E0,9.791484112E0
1.546479531E0,-1.247379065E0,5.755959988E0,7.822156429E0,9.791484112E0
1.548479497E0,-1.247379065E0,5.755959988E0,7.822156429E0,9.791484112E0
1.550478597E0,-1.247379065E0,5.755959988E0,7.822156429E0,9.791484112E0
1.552477730E0,-1.247379065E0,5.755959988E0,7.822156429E0,9.791484112E0
1.554477396E0,-1.247379065E0,5.755959988E0,7.822156429E0,9.791484112E0
1.556477396E0,-1.247379065E0,5.755959988E0,7.822156429E0,9.791484112E0
1.558477396E0,-1.247379065E0,5.755959988E0,7.822156429E0,9.791484112E0
1.560477396E0,-1.247379065E0,5.755959988E0,7.822156429E0,9.791484112E0
1.562477396E0,-1.247379065E0,5.755959988E0,7.822156429E0,9.791484112E0
1.564477396E0,-1.304839969E0,5.729623795E0,7.716811180E0,9.699503645E0
1.566477396E0,-1.304839969E0,5.729623795E0,7.716811180E0,9.699503645E0
1.568477396E0,-1.304839969E0,5.729623795E0,7.716811180E0,9.699503645E0
1.570478296E0,-1.304839969E0,5.729623795E0,7.716811180E0,9.699503645E0
1.572478662E0,-1.304839969E0,5.729623795E0,7.716811180E0,9.699503645E0
1.574478695E0,-1.304839969E0,5.729623795E0,7.716811180E0,9.699503645E0
1.576478728E0,-1.304839969E0,5.729623795E0,7.716811180E0,9.699503645E0
1.578478761E0,-1.304839969E0,5.729623795E0,7.716811180E0,9.699503645E0
1.580478794E0,-1.304839969E0,5.729623795E0,7.716811180E0,9.699503645E0
1.582478827E0,-1.304839969E0,5.729623795E0,7.716811180E0,9.699503645E0
1.584478827E0,-1.302445769E0,5.748777390E0,7.664138794E0,9.668703631E0
1.586478793E0,-1.302445769E0,5.748777390E0,7.664138794E0,9.668703631E0
1.588478759E0,-1.302445769E0,5.748777390E0,7.664138794E0,9.668703631E0
1.590479092E0,-1.302445769E0,5.748777390E0,7.664138794E0,9.668703631E0
1.592479058E0,-1.302445769E0,5.748777390E0,7.664138794E0,9.668703631E0
1.594478191E0,-1.302445769E0,5.748777390E0,7.664138794E0,9.668703631E0
1.596478157E0,-1.302445769E0,5.748777390E0,7.664138794E0,9.668703631E0
1.598478157E0,-1.302445769E0,5.748777390E0,7.664138794E0,9.668703631E0
1.600478157E0,-1.302445769E0,5.748777390E0,7.664138794E0,9.668703631E0
1.602478190E0,-1.302445769E0,5.748777390E0,7.664138794E0,9.668703631E0
1.604478223E0,-1.189918280E0,5.799055576E0,7.673715591E0,9.691793542E0
1.606478256E0,-1.189918280E0,5.799055576E0,7.673715591E0,9.691793542E0
1.608478289E0,-1.189918280E0,5.799055576E0,7.673715591E0,9.691793542E0
1.610479189E0,-1.189918280E0,5.799055576E0,7.673715591E0,9.691793542E0
1.612480089E0,-1.189918280E0,5.799055576E0,7.673715591E0,9.691793542E0
1.614480455E0,-1.189918280E0,5.799055576E0,7.673715591E0,9.691793542E0
1.616480488E0,-1.189918280E0,5.799055576E0,7.673715591E0,9.691793542E0
1.618480488E0,-1.189918280E0,5.799055576E0,7.673715591E0,9.691793542E0
1.620480488E0,-1.189918280E0,5.799055576E0,7.673715591E0,9.691793542E0
1.622480488E0,-1.189918280E0,5.799055576E0,7.673715591E0,9.691793542E0
1.624480488E0,-1.091755986E0,5.834969044E0,7.745541573E0,9.758699151E0
1.626480488E0,-1.091755986E0,5.834969044E0,7.745541573E0,9.758699151E0
1.628480488E0,-1.091755986E0,5.834969044E0,7.745541573E0,9.758699151E0
1.630479954E0,-1.091755986E0,5.834969044E0,7.745541573E0,9.758699151E0
1.632479587E0,-1.091755986E0,5.834969044E0,7.745541573E0,9.758699151E0
1.634479553E0,-1.091755986E0,5.834969044E0,7.745541573E0,9.758699151E0
1.636479519E0,-1.091755986E0,5.834969044E0,7.745541573E0,9.758699151E0
1.638479485E0,-1.091755986E0,5.834969044E0,7.745541573E0,9.758699151E0
1.640479451E0,-1.091755986E0,5.834969044E0,7.745541573E0,9.758699151E0
1.642479417E0,-1.091755986E0,5.834969044E0,7.745541573E0,9.758699151E0
1.644479383E0,-1.125274777E0,5.789478779E0,7.771877766E0,9.756351360E0
1.646479383E0,-1.125274777E0,5.789478779E0,7.771877766E0,9.756351360E0
1.648479416E0,-1.125274777E0,5.789478779E0,7.771877766E0,9.756351360E0
1.650479082E0,-1.125274777E0,5.789478779E0,7.771877766E0,9.756351360E0
1.652479115E0,-1.125274777E0,5.789478779E0,7.771877766E0,9.756351360E0
1.654479981E0,-1.125274777E0,5.789478779E0,7.771877766E0,9.756351360E0
1.656480014E0,-1.125274777E0,5.789478779E0,7.771877766E0,9.756351360E0
1.658480047E0,-1.125274777E0,5.789478779E0,7.771877766E0,9.756351360E0
1.660480080E0,-1.125274777E0,5.789478779E0,7.771877766E0,9.756351360E0
1.662480080E0,-1.125274777E0,5.789478779E0,7.771877766E0,9.756351360E0
1.664480046E0,-1.187524080E0,5.720046997E0,7.795820236E0,9.741866569E0
1.666480012E0,-1.187524080E0,5.720046997E0,7.795820236E0,9.741866569E0
1.668479978E0,-1.187524080E0,5.720046997E0,7.795820236E0,9.741866569E0
1.670479078E0,-1.187524080E0,5.720046997E0,7.795820236E0,9.741866569E0
1.672479044E0,-1.187524080E0,5.720046997E0,7.795820236E0,9.741866569E0
1.674479010E0,-1.187524080E0,5.720046997E0,7.795820236E0,9.741866569E0
1.676478976E0,-1.187524080E0,5.720046997E0,7.795820236E0,9.741866569E0
1.678478976E0,-1.187524080E0,5.720046997E0,7.795820236E0,9.741866569E0
1.680479009E0,-1.187524080E0,5.720046997E0,7.795820236E0,9.741866569E0
1.682479042E0,-1.187524080E0,5.720046997E0,7.795820236E0,9.741866569E0
1.684479075E0,-1.273715258E0,5.693710804E0,7.822156429E0,9.758423258E0
1.686479108E0,-1.273715258E0,5.693710804E0,7.822156429E0,9.758423258E0
1.688479141E0,-1.273715258E0,5.693710804E0,7.822156429E0,9.758423258E0
1.690479674E0,-1.273715258E0,5.693710804E0,7.822156429E0,9.758423258E0
1.692479707E0,-1.273715258E0,5.693710804E0,7.822156429E0,9.758423258E0
1.694479740E0,-1.273715258E0,5.693710804E0,7.822156429E0,9.758423258E0
1.696479740E0,-1.273715258E0,5.693710804E0,7.822156429E0,9.758423258E0
1.698479740E0,-1.273715258E0,5.693710804E0,7.822156429E0,9.758423258E0
1.700479740E0,-1.273715258E0,5.693710804E0,7.822156429E0,9.758423258E0
1.702479740E0,-1.273715258E0,5.693710804E0,7.822156429E0,9.758423258E0
1.704479740E0,-1.295263171E0,5.676951408E0,7.834127426E0,9.761098120E0
1.706479740E0,-1.295263171E0,5.676951408E0,7.834127426E0,9.761098120E0
1.708479706E0,-1.295263171E0,5.676951408E0,7.834127426E0,9.761098120E0
1.710478806E0,-1.295263171E0,5.676951408E0,7.834127426E0,9.761098120E0
1.712478772E0,-1.295263171E0,5.676951408E0,7.834127426E0,9.761098120E0
1.714478738E0,-1.295263171E0,5.676951408E0,7.834127426E0,9.761098120E0
1.716478704E0,-1.295263171E0,5.676951408E0,7.834127426E0,9.761098120E0
1.718478670E0,-1.295263171E0,5.676951408E0,7.834127426E0,9.761098120E0
1.720478636E0,-1.295263171E0,5.676951408E0,7.834127426E0,9.761098120E0
1.722478602E0,-1.295263171E0,5.676951408E0,7.834127426E0,9.761098120E0
1.724478602E0,-1.314416766E0,5.686528206E0,7.896376610E0,9.819218810E0
1.726478635E0,-1.314416766E0,5.686528206E0,7.896376610E0,9.819218810E0
1.728478668E0,-1.314416766E0,5.686528206E0,7.896376610E0,9.819218810E0
1.730479568E0,-1.314416766E0,5.686528206E0,7.896376610E0,9.819218810E0
1.732479601E0,-1.314416766E0,5.686528206E0,7.896376610E0,9.819218810E0
1.734479634E0,-1.314416766E0,5.686528206E0,7.896376610E0,9.819218810E0
1.736479667E0,-1.314416766E0,5.686528206E0,7.896376610E0,9.819218810E0
1.738479700E0,-1.314416766E0,5.686528206E0,7.896376610E0,9.819218810E0
1.740479700E0,-1.314416766E0,5.686528206E0,7.896376610E0,9.819218810E0
1.742479666E0,-1.292868972E0,5.698499203E0,7.908347607E0,9.832922516E0
1.744479632E0,-1.292868972E0,5.698499203E0,7.908347607E0,9.832922516E0
1.746479598E0,-1.292868972E0,5.698499203E0,7.908347607E0,9.832922516E0
1.748479564E0,-1.292868972E0,5.698499203E0,7.908347607E0,9.832922516E0
1.750478664E0,-1.292868972E0,5.698499203E0,7.908347607E0,9.832922516E0
1.752477764E0,-1.292868972E0,5.698499203E0,7.908347607E0,9.832922516E0
1.754477730E0,-1.292868972E0,5.698499203E0,7.908347607E0,9.832922516E0
1.756477730E0,-1.292868972E0,5.698499203E0,7.908347607E0,9.832922516E0
1.758477763E0,-1.292868972E0,5.698499203E0,7.908347607E0,9.832922516E0
1.760477796E0,-1.292868972E0,5.698499203E0,7.908347607E0,9.832922516E0
1.762477829E0,-1.280897856E0,5.691316605E0,7.848492622E0,9.779090983E0
1.764477862E0,-1.280897856E0,5.691316605E0,7.848492622E0,9.779090983E0
1.766477895E0,-1.280897856E0,5.691316605E0,7.848492622E0,9.779090983E0
1.768477928E0,-1.280897856E0,5.691316605E0,7.848492622E0,9.779090983E0
1.770478828E0,-1.280897856E0,5.691316605E0,7.848492622E0,9.779090983E0
1.772478861E0,-1.280897856E0,5.691316605E0,7.848492622E0,9.779090983E0
1.774478861E0,-1.280897856E0,5.691316605E0,7.848492622E0,9.779090983E0
1.776478861E0,-1.280897856E0,5.691316605E0,7.848492622E0,9.779090983E0
1.778478861E0,-1.280897856E0,5.691316605E0,7.848492622E0,9.779090983E0
1.780478861E0,-1.280897856E0,5.691316605E0,7.848492622E0,9.779090983E0
1.782478861E0,-1.230619669E0,5.727229595E0,7.750329971E0,9.715101557E0
1.784478861E0,-1.230619669E0,5.727229595E0,7.750329971E0,9.715101557E0
1.786478827E0,-1.230619669E0,5.727229595E0,7.750329971E0,9.715101557E0
1.788478793E0,-1.230619669E0,5.727229595E0,7.750329971E0,9.715101557E0
1.790478759E0,-1.230619669E0,5.727229595E0,7.750329971E0,9.715101557E0
1.792478725E0,-1.230619669E0,5.727229595E0,7.750329971E0,9.715101557E0
1.794478691E0,-1.230619669E0,5.727229595E0,7.750329971E0,9.715101557E0
1.796478657E0,-1.230619669E0,5.727229595E0,7.750329971E0,9.715101557E0
1.798478590E0,-1.230619669E0,5.727229595E0,7.750329971E0,9.715101557E0
1.800478556E0,-1.230619669E0,5.727229595E0,7.750329971E0,9.715101557E0
1.802478556E0,-1.240196466E0,5.727229595E0,7.688080788E0,9.666738452E0
1.804478589E0,-1.240196466E0,5.727229595E0,7.688080788E0,9.666738452E0
1.806478622E0,-1.240196466E0,5.727229595E0,7.688080788E0,9.666738452E0
1.808478655E0,-1.240196466E0,5.727229595E0,7.688080788E0,9.666738452E0
1.810479555E0,-1.240196466E0,5.727229595E0,7.688080788E0,9.666738452E0
1.812480455E0,-1.240196466E0,5.727229595E0,7.688080788E0,9.666738452E0
1.814480488E0,-1.240196466E0,5.727229595E0,7.688080788E0,9.666738452E0
1.816480521E0,-1.240196466E0,5.727229595E0,7.688080788E0,9.666738452E0
1.818480521E0,-1.240196466E0,5.727229595E0,7.688080788E0,9.666738452E0
1.820480487E0,-1.240196466E0,5.727229595E0,7.688080788E0,9.666738452E0
1.822480453E0,-1.218648672E0,5.777507782E0,7.721599579E0,9.720483569E0
1.824480419E0,-1.218648672E0,5.777507782E0,7.721599579E0,9.720483569E0
1.826480385E0,-1.218648672E0,5.777507782E0,7.721599579E0,9.720483569E0
1.828481251E0,-1.218648672E0,5.777507782E0,7.721599579E0,9.720483569E0
1.830480617E0,-1.218648672E0,5.777507782E0,7.721599579E0,9.720483569E0
1.832480583E0,-1.218648672E0,5.777507782E0,7.721599579E0,9.720483569E0
1.834480583E0,-1.218648672E0,5.777507782E0,7.721599579E0,9.720483569E0
1.836480616E0,-1.218648672E0,5.777507782E0,7.721599579E0,9.720483569E0
1.838480649E0,-1.218648672E0,5.777507782E0,7.721599579E0,9.720483569E0
1.840480682E0,-1.218648672E0,5.777507782E0,7.721599579E0,9.720483569E0
1.842480715E0,-1.132457376E0,5.765536785E0,7.822156429E0,9.783149050E0
1.844480748E0,-1.132457376E0,5.765536785E0,7.822156429E0,9.783149050E0
1.846480781E0,-1.132457376E0,5.765536785E0,7.822156429E0,9.783149050E0
1.848480814E0,-1.132457376E0,5.765536785E0,7.822156429E0,9.783149050E0
1.850480847E0,-1.132457376E0,5.765536785E0,7.822156429E0,9.783149050E0
1.852480847E0,-1.132457376E0,5.765536785E0,7.822156429E0,9.783149050E0
1.854480847E0,-1.132457376E0,5.765536785E0,7.822156429E0,9.783149050E0
1.856480847E0,-1.132457376E0,5.765536785E0,7.822156429E0,9.783149050E0
1.858480880E0,-1.132457376E0,5.765536785E0,7.822156429E0,9.783149050E0
1.860480880E0,-1.132457376E0,5.765536785E0,7.822156429E0,9.783149050E0
1.862480880E0,-1.163581967E0,5.746383190E0,7.819762230E0,9.773613666E0
1.864480846E0,-1.163581967E0,5.746383190E0,7.819762230E0,9.773613666E0
1.866480812E0,-1.163581967E0,5.746383190E0,7.819762230E0,9.773613666E0
1.868480778E0,-1.163581967E0,5.746383190E0,7.819762230E0,9.773613666E0
1.870479878E0,-1.163581967E0,5.746383190E0,7.819762230E0,9.773613666E0
1.872480244E0,-1.163581967E0,5.746383190E0,7.819762230E0,9.773613666E0
1.874480210E0,-1.163581967E0,5.746383190E0,7.819762230E0,9.773613666E0
1.876480176E0,-1.163581967E0,5.746383190E0,7.819762230E0,9.773613666E0
1.878480142E0,-1.163581967E0,5.746383190E0,7.819762230E0,9.773613666E0
1.880479742E0,-1.163581967E0,5.746383190E0,7.819762230E0,9.773613666E0
1.882479775E0,-1.223437071E0,5.708076000E0,7.826944828E0,9.764220155E0
1.884479808E0,-1.223437071E0,5.708076000E0,7.826944828E0,9.764220155E0
1.886479841E0,-1.223437071E0,5.708076000E0,7.826944828E0,9.764220155E0
1.888478974E0,-1.223437071E0,5.708076000E0,7.826944828E0,9.764220155E0
1.890479607E0,-1.223437071E0,5.708076000E0,7.826944828E0,9.764220155E0
1.892479640E0,-1.223437071E0,5.708076000E0,7.826944828E0,9.764220155E0
1.894479673E0,-1.223437071E0,5.708076000E0,7.826944828E0,9.764220155E0
1.896479673E0,-1.223437071E0,5.708076000E0,7.826944828E0,9.764220155E0
1.898479639E0,-1.223437071E0,5.708076000E0,7.826944828E0,9.764220155E0
1.900479605E0,-1.223437071E0,5.708076000E0,7.826944828E0,9.764220155E0
1.902479571E0,-1.283292055E0,5.679345608E0,7.831733227E0,9.758988184E0
1.904479537E0,-1.283292055E0,5.679345608E0,7.831733227E0,9.758988184E0
1.906479503E0,-1.283292055E0,5.679345608E0,7.831733227E0,9.758988184E0
1.908479469E0,-1.283292055E0,5.679345608E0,7.831733227E0,9.758988184E0
1.910478569E0,-1.283292055E0,5.679345608E0,7.831733227E0,9.758988184E0
1.912479069E0,-1.283292055E0,5.679345608E0,7.831733227E0,9.758988184E0
1.914479102E0,-1.283292055E0,5.679345608E0,7.831733227E0,9.758988184E0
1.916479135E0,-1.283292055E0,5.679345608E0,7.831733227E0,9.758988184E0
1.918479168E0,-1.283292055E0,5.679345608E0,7.831733227E0,9.758988184E0
1.920479201E0,-1.283292055E0,5.679345608E0,7.831733227E0,9.758988184E0
1.922479234E0,-1.340752959E0,5.664980412E0,7.812579632E0,9.742998618E0
1.924479267E0,-1.340752959E0,5.664980412E0,7.812579632E0,9.742998618E0
1.926479300E0,-1.340752959E0,5.664980412E0,7.812579632E0,9.742998618E0
1.928479333E0,-1.340752959E0,5.664980412E0,7.812579632E0,9.742998618E0
1.930480199E0,-1.340752959E0,5.664980412E0,7.812579632E0,9.742998618E0
1.932479799E0,-1.340752959E0,5.664980412E0,7.812579632E0,9.742998618E0
1.934479799E0,-1.340752959E0,5.664980412E0,7.812579632E0,9.742998618E0
1.936479799E0,-1.340752959E0,5.664980412E0,7.812579632E0,9.742998618E0
1.938479799E0,-1.340752959E0,5.664980412E0,7.812579632E0,9.742998618E0
1.940480199E0,-1.340752959E0,5.664980412E0,7.812579632E0,9.742998618E0
1.942480165E0,-1.280897856E0,5.662586212E0,7.812579632E0,9.733549323E0
1.944480131E0,-1.280897856E0,5.662586212E0,7.812579632E0,9.733549323E0
1.946480097E0,-1.280897856E0,5.662586212E0,7.812579632E0,9.733549323E0
1.948480230E0,-1.280897856E0,5.662586212E0,7.812579632E0,9.733549323E0
1.950479330E0,-1.280897856E0,5.662586212E0,7.812579632E0,9.733549323E0
1.952478430E0,-1.280897856E0,5.662586212E0,7.812579632E0,9.733549323E0
1.954478396E0,-1.280897856E0,5.662586212E0,7.812579632E0,9.733549323E0
1.956478362E0,-1.280897856E0,5.662586212E0,7.812579632E0,9.733549323E0
1.958478362E0,-1.280897856E0,5.662586212E0,7.812579632E0,9.733549323E0
1.960478395E0,-1.280897856E0,5.662586212E0,7.812579632E0,9.733549323E0
1.962478428E0,-1.273715258E0,5.712864399E0,7.843704224E0,9.786872133E0
1.964478461E0,-1.273715258E0,5.712864399E0,7.843704224E0,9.786872133E0
1.966478494E0,-1.273715258E0,5.712864399E0,7.843704224E0,9.786872133E0
1.968478527E0,-1.273715258E0,5.712864399E0,7.843704224E0,9.786872133E0
1.970479427E0,-1.273715258E0,5.712864399E0,7.843704224E0,9.786872133E0
1.972478960E0,-1.273715258E0,5.712864399E0,7.843704224E0,9.786872133E0
1.974478960E0,-1.273715258E0,5.712864399E0,7.843704224E0,9.786872133E0
1.976478926E0,-1.273715258E0,5.712864399E0,7.843704224E0,9.786872133E0
1.978478892E0,-1.273715258E0,5.712864399E0,7.843704224E0,9.786872133E0
1.980478858E0,-1.273715258E0,5.712864399E0,7.843704224E0,9.786872133E0
1.982478824E0,-1.240196466E0,5.712864399E0,7.870040417E0,9.803695379E0
1.984478790E0,-1.240196466E0,5.712864399E0,7.870040417E0,9.803695379E0
1.986478756E0,-1.240196466E0,5.712864399E0,7.870040417E0,9.803695379E0
1.988478722E0,-1.240196466E0,5.712864399E0,7.870040417E0,9.803695379E0
1.990478722E0,-1.240196466E0,5.712864399E0,7.870040417E0,9.803695379E0
1.992478755E0,-1.240196466E0,5.712864399E0,7.870040417E0,9.803695379E0
1.994478788E0,-1.240196466E0,5.712864399E0,7.870040417E0,9.803695379E0
1.996478821E0,-1.240196466E0,5.712864399E0,7.870040417E0,9.803695379E0
1.998478854E0,-1.240196466E0,5.712864399E0,7.870040417E0,9.803695379E0
2.000478887E0,-1.240196466E0,5.712864399E0,7.870040417E0,9.803695379E0
2.002478920E0,-1.276109457E0,5.698499203E0,7.817368031E0,9.757693961E0
2.004478953E0,-1.276109457E0,5.698499203E0,7.817368031E0,9.757693961E0
2.006478986E0,-1.276109457E0,5.698499203E0,7.817368031E0,9.757693961E0
2.008478819E0,-1.276109457E0,5.698499203E0,7.817368031E0,9.757693961E0
2.010479685E0,-1.276109457E0,5.698499203E0,7.817368031E0,9.757693961E0
2.012480551E0,-1.276109457E0,5.698499203E0,7.817368031E0,9.757693961E0
2.014480551E0,-1.276109457E0,5.698499203E0,7.817368031E0,9.757693961E0
2.016480551E0,-1.276109457E0,5.698499203E0,7.817368031E0,9.757693961E0
2.018480551E0,-1.276109457E0,5.698499203E0,7.817368031E0,9.757693961E0
2.020480517E0,-1.297657371E0,5.700893402E0,7.769483566E0,9.723629730E0
2.022480483E0,-1.297657371E0,5.700893402E0,7.769483566E0,9.723629730E0
2.024480449E0,-1.297657371E0,5.700893402E0,7.769483566E0,9.723629730E0
2.026480415E0,-1.297657371E0,5.700893402E0,7.769483566E0,9.723629730E0
2.028480381E0,-1.297657371E0,5.700893402E0,7.769483566E0,9.723629730E0
2.030479447E0,-1.297657371E0,5.700893402E0,7.769483566E0,9.723629730E0
2.032478947E0,-1.297657371E0,5.700893402E0,7.769483566E0,9.723629730E0
2.034478913E0,-1.297657371E0,5.700893402E0,7.769483566E0,9.723629730E0
2.036478913E0,-1.297657371E0,5.700893402E0,7.769483566E0,9.723629730E0
2.038478946E0,-1.297657371E0,5.700893402E0,7.769483566E0,9.723629730E0
2.040478979E0,-1.249773264E0,5.703287601E0,7.755118370E0,9.707279928E0
2.042479012E0,-1.249773264E0,5.703287601E0,7.755118370E0,9.707279928E0
2.044479612E0,-1.249773264E0,5.703287601E0,7.755118370E0,9.707279928E0
2.046479645E0,-1.249773264E0,5.703287601E0,7.755118370E0,9.707279928E0
2.048479678E0,-1.249773264E0,5.703287601E0,7.755118370E0,9.707279928E0
2.050479311E0,-1.249773264E0,5.703287601E0,7.755118370E0,9.707279928E0
2.052479311E0,-1.249773264E0,5.703287601E0,7.755118370E0,9.707279928E0
2.054479277E0,-1.249773264E0,5.703287601E0,7.755118370E0,9.707279928E0
2.056479243E0,-1.249773264E0,5.703287601E0,7.755118370E0,9.707279928E0
2.058479209E0,-1.249773264E0,5.703287601E0,7.755118370E0,9.707279928E0
2.060479175E0,-1.228225470E0,5.712864399E0,7.762300968E0,9.715897991E0
2.062479141E0,-1.228225470E0,5.712864399E0,7.762300968E0,9.715897991E0
2.064479107E0,-1.228225470E0,5.712864399E0,7.762300968E0,9.715897991E0
2.066479073E0,-1.228225470E0,5.712864399E0,7.762300968E0,9.715897991E0
2.068479073E0,-1.228225470E0,5.712864399E0,7.762300968E0,9.715897991E0
2.070478239E0,-1.228225470E0,5.712864399E0,7.762300968E0,9.715897991E0
2.072478272E0,-1.228225470E0,5.712864399E0,7.762300968E0,9.715897991E0
2.074478305E0,-1.228225470E0,5.712864399E0,7.762300968E0,9.715897991E0
2.076478338E0,-1.228225470E0,5.712864399E0,7.762300968E0,9.715897991E0
2.078478371E0,-1.228225470E0,5.712864399E0,7.762300968E0,9.715897991E0
2.080478404E0,-1.249773264E0,5.703287601E0,7.819762230E0,9.759001179E0
2.082478437E0,-1.249773264E0,5.703287601E0,7.819762230E0,9.759001179E0
2.084478470E0,-1.249773264E0,5.703287601E0,7.819762230E0,9.759001179E0
2.086478470E0,-1.249773264E0,5.703287601E0,7.819762230E0,9.759001179E0
2.088478470E0,-1.249773264E0,5.703287601E0,7.819762230E0,9.759001179E0
2.090479370E0,-1.249773264E0,5.703287601E0,7.819762230E0,9.759001179E0
2.092479836E0,-1.249773264E0,5.703287601E0,7.819762230E0,9.759001179E0
2.094479836E0,-1.249773264E0,5.703287601E0,7.819762230E0,9.759001179E0
2.096479836E0,-1.249773264E0,5.703287601E0,7.819762230E0,9.759001179E0
2.098479802E0,-1.249773264E0,5.703287601E0,7.819762230E0,9.759001179E0
2.100479768E0,-1.228225470E0,5.708076000E0,7.860463619E0,9.791708622E0
2.102479734E0,-1.228225470E0,5.708076000E0,7.860463619E0,9.791708622E0
2.104479134E0,-1.228225470E0,5.708076000E0,7.860463619E0,9.791708622E0
2.106479100E0,-1.228225470E0,5.708076000E0,7.860463619E0,9.791708622E0
2.108479066E0,-1.228225470E0,5.708076000E0,7.860463619E0,9.791708622E0
2.110478566E0,-1.228225470E0,5.708076000E0,7.860463619E0,9.791708622E0
2.112478332E0,-1.228225470E0,5.708076000E0,7.860463619E0,9.791708622E0
2.114478332E0,-1.228225470E0,5.708076000E0,7.860463619E0,9.791708622E0
2.116478332E0,-1.228225470E0,5.708076000E0,7.860463619E0,9.791708622E0
2.118478365E0,-1.228225470E0,5.708076000E0,7.860463619E0,9.791708622E0
2.120478398E0,-1.223437071E0,5.715258598E0,7.826944828E0,9.768420776E0
2.122478431E0,-1.223437071E0,5.715258598E0,7.826944828E0,9.768420776E0
2.124478464E0,-1.223437071E0,5.715258598E0,7.826944828E0,9.768420776E0
2.126478097E0,-1.223437071E0,5.715258598E0,7.826944828E0,9.768420776E0
2.128478130E0,-1.223437071E0,5.715258598E0,7.826944828E0,9.768420776E0
2.130478996E0,-1.223437071E0,5.715258598E0,7.826944828E0,9.768420776E0
2.132478962E0,-1.223437071E0,5.715258598E0,7.826944828E0,9.768420776E0
2.134478928E0,-1.223437071E0,5.715258598E0,7.826944828E0,9.768420776E0
2.136478894E0,-1.223437071E0,5.715258598E0,7.826944828E0,9.768420776E0
2.138478860E0,-1.223437071E0,5.715258598E0,7.826944828E0,9.768420776E0
2.140478826E0,-1.228225470E0,5.700893402E0,7.795820236E0,9.735683671E0
2.142478792E0,-1.228225470E0,5.700893402E0,7.795820236E0,9.735683671E0
2.144478358E0,-1.228225470E0,5.700893402E0,7.795820236E0,9.735683671E0
2.146478358E0,-1.228225470E0,5.700893402E0,7.795820236E0,9.735683671E0
2.148478391E0,-1.228225470E0,5.700893402E0,7.795820236E0,9.735683671E0
2.150477557E0,-1.228225470E0,5.700893402E0,7.795820236E0,9.735683671E0
2.152476723E0,-1.228225470E0,5.700893402E0,7.795820236E0,9.735683671E0
2.154476756E0,-1.228225470E0,5.700893402E0,7.795820236E0,9.735683671E0
2.156476789E0,-1.228225470E0,5.700893402E0,7.795820236E0,9.735683671E0
2.158476822E0,-1.228225470E0,5.700893402E0,7.795820236E0,9.735683671E0
2.160476855E0,-1.254561663E0,5.688922405E0,7.783848763E0,9.722451576E0
2.162476888E0,-1.254561663E0,5.688922405E0,7.783848763E0,9.722451576E0
2.164476888E0,-1.254561663E0,5.688922405E0,7.783848763E0,9.722451576E0
2.166476888E0,-1.254561663E0,5.688922405E0,7.783848763E0,9.722451576E0
2.168476888E0,-1.254561663E0,5.688922405E0,7.783848763E0,9.722451576E0
2.170477754E0,-1.254561663E0,5.688922405E0,7.783848763E0,9.722451576E0
2.172477954E0,-1.254561663E0,5.688922405E0,7.783848763E0,9.722451576E0
2.174477954E0,-1.254561663E0,5.688922405E0,7.783848763E0,9.722451576E0
2.176477954E0,-1.254561663E0,5.688922405E0,7.783848763E0,9.722451576E0
2.178477920E0,-1.254561663E0,5.688922405E0,7.783848763E0,9.722451576E0
2.180477886E0,-1.261744261E0,5.693710804E0,7.814973831E0,9.751110567E0
2.182477852E0,-1.261744261E0,5.693710804E0,7.814973831E0,9.751110567E0
2.184477818E0,-1.261744261E0,5.693710804E0,7.814973831E0,9.751110567E0
2.186478184E0,-1.261744261E0,5.693710804E0,7.814973831E0,9.751110567E0
2.188478150E0,-1.261744261E0,5.693710804E0,7.814973831E0,9.751110567E0
2.190478116E0,-1.261744261E0,5.693710804E0,7.814973831E0,9.751110567E0
2.192478116E0,-1.261744261E0,5.693710804E0,7.814973831E0,9.751110567E0
2.194478116E0,-1.261744261E0,5.693710804E0,7.814973831E0,9.751110567E0
2.196478149E0,-1.261744261E0,5.693710804E0,7.814973831E0,9.751110567E0
2.198478182E0,-1.261744261E0,5.693710804E0,7.814973831E0,9.751110567E0
2.200478215E0,-1.235408068E0,5.710470200E0,7.862857819E0,9.795929566E0
2.202478248E0,-1.235408068E0,5.710470200E0,7.862857819E0,9.795929566E0
2.204478681E0,-1.235408068E0,5.710470200E0,7.862857819E0,9.795929566E0
2.206478714E0,-1.235408068E0,5.710470200E0,7.862857819E0,9.795929566E0
2.208478714E0,-1.235408068E0,5.710470200E0,7.862857819E0,9.795929566E0
2.210479547E0,-1.235408068E0,5.710470200E0,7.862857819E0,9.795929566E0
2.212480380E0,-1.235408068E0,5.710470200E0,7.862857819E0,9.795929566E0
2.214480346E0,-1.235408068E0,5.710470200E0,7.862857819E0,9.795929566E0
2.216480312E0,-1.235408068E0,5.710470200E0,7.862857819E0,9.795929566E0
2.218480278E0,-1.235408068E0,5.710470200E0,7.862857819E0,9.795929566E0
2.220480244E0,-1.185129881E0,5.715258598E0,7.870040417E0,9.798277902E0
2.222480210E0,-1.185129881E0,5.715258598E0,7.870040417E0,9.798277902E0
2.224480210E0,-1.185129881E0,5.715258598E0,7.870040417E0,9.798277902E0
2.226480210E0,-1.185129881E0,5.715258598E0,7.870040417E0,9.798277902E0
2.228480210E0,-1.185129881E0,5.715258598E0,7.870040417E0,9.798277902E0
2.230479743E0,-1.185129881E0,5.715258598E0,7.870040417E0,9.798277902E0
2.232479743E0,-1.185129881E0,5.715258598E0,7.870040417E0,9.798277902E0
2.234480343E0,-1.185129881E0,5.715258598E0,7.870040417E0,9.798277902E0
2.236480343E0,-1.185129881E0,5.715258598E0,7.870040417E0,9.798277902E0
2.238480343E0,-1.185129881E0,5.715258598E0,7.870040417E0,9.798277902E0
2.240480343E0,-1.187524080E0,5.712864399E0,7.807791233E0,9.747237405E0
2.242480376E0,-1.187524080E0,5.712864399E0,7.807791233E0,9.747237405E0
2.244480409E0,-1.187524080E0,5.712864399E0,7.807791233E0,9.747237405E0
2.246480442E0,-1.187524080E0,5.712864399E0,7.807791233E0,9.747237405E0
2.248480508E0,-1.187524080E0,5.712864399E0,7.807791233E0,9.747237405E0
2.250480541E0,-1.187524080E0,5.712864399E0,7.807791233E0,9.747237405E0
2.252480574E0,-1.187524080E0,5.712864399E0,7.807791233E0,9.747237405E0
2.254480607E0,-1.187524080E0,5.712864399E0,7.807791233E0,9.747237405E0
2.256480607E0,-1.187524080E0,5.712864399E0,7.807791233E0,9.747237405E0
2.258480573E0,-1.187524080E0,5.712864399E0,7.807791233E0,9.747237405E0
2.260480539E0,-1.228225470E0,5.691316605E0,7.714416981E0,9.664980696E0
2.262480505E0,-1.228225470E0,5.691316605E0,7.714416981E0,9.664980696E0
2.264480471E0,-1.228225470E0,5.691316605E0,7.714416981E0,9.664980696E0
2.266480437E0,-1.228225470E0,5.691316605E0,7.714416981E0,9.664980696E0
2.268480403E0,-1.228225470E0,5.691316605E0,7.714416981E0,9.664980696E0
2.270479536E0,-1.228225470E0,5.691316605E0,7.714416981E0,9.664980696E0
2.272479536E0,-1.228225470E0,5.691316605E0,7.714416981E0,9.664980696E0
2.274479569E0,-1.228225470E0,5.691316605E0,7.714416981E0,9.664980696E0
2.276479602E0,-1.228225470E0,5.691316605E0,7.714416981E0,9.664980696E0
2.278479635E0,-1.228225470E0,5.691316605E0,7.714416981E0,9.664980696E0
2.280479668E0,-1.271321058E0,5.681739807E0,7.714416981E0,9.664918718E0
2.282479701E0,-1.271321058E0,5.681739807E0,7.714416981E0,9.664918718E0
2.284479734E0,-1.271321058E0,5.681739807E0,7.714416981E0,9.664918718E0
2.286479767E0,-1.271321058E0,5.681739807E0,7.714416981E0,9.664918718E0
2.288479767E0,-1.271321058E0,5.681739807E0,7.714416981E0,9.664918718E0
2.290480233E0,-1.271321058E0,5.681739807E0,7.714416981E0,9.664918718E0
2.292480233E0,-1.271321058E0,5.681739807E0,7.714416981E0,9.664918718E0
2.294479633E0,-1.271321058E0,5.681739807E0,7.714416981E0,9.664918718E0
2.296479633E0,-1.271321058E0,5.681739807E0,7.714416981E0,9.664918718E0
2.298479633E0,-1.218648672E0,5.703287601E0,7.848492622E0,9.778109761E0
2.300479633E0,-1.218648672E0,5.703287601E0,7.848492622E0,9.778109761E0
2.302479599E0,-1.218648672E0,5.703287601E0,7.848492622E0,9.778109761E0
2.304479565E0,-1.218648672E0,5.703287601E0,7.848492622E0,9.778109761E0
2.306479531E0,-1.218648672E0,5.703287601E0,7.848492622E0,9.778109761E0
2.308479464E0,-1.218648672E0,5.703287601E0,7.848492622E0,9.778109761E0
2.310478564E0,-1.218648672E0,5.703287601E0,7.848492622E0,9.778109761E0
2.312478530E0,-1.218648672E0,5.703287601E0,7.848492622E0,9.778109761E0
2.314478496E0,-1.218648672E0,5.703287601E0,7.848492622E0,9.778109761E0
2.316478462E0,-1.218648672E0,5.703287601E0,7.848492622E0,9.778109761E0
2.318478462E0,-1.206677675E0,5.717652798E0,7.915530205E0,9.838863905E0
2.320478495E0,-1.206677675E0,5.717652798E0,7.915530205E0,9.838863905E0
2.322478528E0,-1.206677675E0,5.717652798E0,7.915530205E0,9.838863905E0
2.324478561E0,-1.206677675E0,5.717652798E0,7.915530205E0,9.838863905E0
2.326478594E0,-1.206677675E0,5.717652798E0,7.915530205E0,9.838863905E0
2.328478627E0,-1.206677675E0,5.717652798E0,7.915530205E0,9.838863905E0
2.330479527E0,-1.206677675E0,5.717652798E0,7.915530205E0,9.838863905E0
2.332479560E0,-1.206677675E0,5.717652798E0,7.915530205E0,9.838863905E0
2.334479626E0,-1.206677675E0,5.717652798E0,7.915530205E0,9.838863905E0
2.336479592E0,-1.206677675E0,5.717652798E0,7.915530205E0,9.838863905E0
2.338479558E0,-1.230619669E0,5.698499203E0,7.862857819E0,9.788352824E0
2.340479524E0,-1.230619669E0,5.698499203E0,7.862857819E0,9.788352824E0
2.342479490E0,-1.230619669E0,5.698499203E0,7.862857819E0,9.788352824E0
2.344479456E0,-1.230619669E0,5.698499203E0,7.862857819E0,9.788352824E0
2.346479422E0,-1.230619669E0,5.698499203E0,7.862857819E0,9.788352824E0
2.348479422E0,-1.230619669E0,5.698499203E0,7.862857819E0,9.788352824E0
2.350478555E0,-1.230619669E0,5.698499203E0,7.862857819E0,9.788352824E0
2.352477721E0,-1.230619669E0,5.698499203E0,7.862857819E0,9.788352824E0
2.354477754E0,-1.230619669E0,5.698499203E0,7.862857819E0,9.788352824E0
2.356477787E0,-1.230619669E0,5.698499203E0,7.862857819E0,9.788352824E0
2.358477820E0,-1.319205165E0,5.667374611E0,7.762300968E0,9.701172793E0
2.360477853E0,-1.319205165E0,5.667374611E0,7.762300968E0,9.701172793E0
2.362477886E0,-1.319205165E0,5.667374611E0,7.762300968E0,9.701172793E0
2.364477919E0,-1.319205165E0,5.667374611E0,7.762300968E0,9.701172793E0
2.366477952E0,-1.319205165E0,5.667374611E0,7.762300968E0,9.701172793E0
2.368477952E0,-1.319205165E0,5.667374611E0,7.762300968E0,9.701172793E0
2.370478818E0,-1.319205165E0,5.667374611E0,7.762300968E0,9.701172793E0
2.372478818E0,-1.319205165E0,5.667374611E0,7.762300968E0,9.701172793E0
2.374478818E0,-1.319205165E0,5.667374611E0,7.762300968E0,9.701172793E0
2.376478818E0,-1.319205165E0,5.667374611E0,7.762300968E0,9.701172793E0
2.378478818E0,-1.290474772E0,5.686528206E0,7.757512569E0,9.704685953E0
2.380478784E0,-1.290474772E0,5.686528206E0,7.757512569E0,9.704685953E0
2.382478750E0,-1.290474772E0,5.686528206E0,7.757512569E0,9.704685953E0
2.384478716E0,-1.290474772E0,5.686528206E0,7.757512569E0,9.704685953E0
2.386478682E0,-1.290474772E0,5.686528206E0,7.757512569E0,9.704685953E0
2.388478648E0,-1.290474772E0,5.686528206E0,7.757512569E0,9.704685953E0
2.390478614E0,-1.290474772E0,5.686528206E0,7.757512569E0,9.704685953E0
2.392478580E0,-1.290474772E0,5.686528206E0,7.757512569E0,9.704685953E0
2.394478480E0,-1.290474772E0,5.686528206E0,7.757512569E0,9.704685953E0
2.396478480E0,-1.290474772E0,5.686528206E0,7.757512569E0,9.704685953E0
2.398478513E0,-1.187524080E0,5.720046997E0,7.848492622E0,9.784068046E0
2.400478546E0,-1.187524080E0,5.720046997E0,7.848492622E0,9.784068046E0
2.402478579E0,-1.187524080E0,5.720046997E0,7.848492622E0,9.784068046E0
2.404478079E0,-1.187524080E0,5.720046997E0,7.848492622E0,9.784068046E0
2.406478112E0,-1.187524080E0,5.720046997E0,7.848492622E0,9.784068046E0
2.408478145E0,-1.187524080E0,5.720046997E0,7.848492622E0,9.784068046E0
2.410479045E0,-1.187524080E0,5.720046997E0,7.848492622E0,9.784068046E0
2.412479911E0,-1.187524080E0,5.720046997E0,7.848492622E0,9.784068046E0
2.414479877E0,-1.187524080E0,5.720046997E0,7.848492622E0,9.784068046E0
2.416479843E0,-1.187524080E0,5.720046997E0,7.848492622E0,9.784068046E0
2.418479809E0,-1.149216771E0,5.729623795E0,7.872434616E0,9.804311031E0
2.420479775E0,-1.149216771E0,5.729623795E0,7.872434616E0,9.804311031E0
2.422479741E0,-1.149216771E0,5.729623795E0,7.872434616E0,9.804311031E0
2.424479707E0,-1.149216771E0,5.729623795E0,7.872434616E0,9.804311031E0
2.426479673E0,-1.149216771E0,5.729623795E0,7.872434616E0,9.804311031E0
2.428479673E0,-1.149216771E0,5.729623795E0,7.872434616E0,9.804311031E0
2.430479206E0,-1.149216771E0,5.729623795E0,7.872434616E0,9.804311031E0
2.432479239E0,-1.149216771E0,5.729623795E0,7.872434616E0,9.804311031E0
2.434479272E0,-1.149216771E0,5.729623795E0,7.872434616E0,9.804311031E0
2.436479305E0,-1.149216771E0,5.729623795E0,7.872434616E0,9.804311031E0
2.438479338E0,-1.168370485E0,5.727229595E0,7.872434616E0,9.805175940E0
2.440479371E0,-1.168370485E0,5.727229595E0,7.872434616E0,9.805175940E0
2.442479404E0,-1.168370485E0,5.727229595E0,7.872434616E0,9.805175940E0
2.444479437E0,-1.168370485E0,5.727229595E0,7.872434616E0,9.805175940E0
2.446479437E0,-1.168370485E0,5.727229595E0,7.872434616E0,9.805175940E0
2.448479437E0,-1.168370485E0,5.727229595E0,7.872434616E0,9.805175940E0
2.450479437E0,-1.168370485E0,5.727229595E0,7.872434616E0,9.805175940E0
2.452479437E0,-1.168370485E0,5.727229595E0,7.872434616E0,9.805175940E0
2.454479437E0,-1.168370485E0,5.727229595E0,7.872434616E0,9.805175940E0
2.456479437E0,-1.168370485E0,5.727229595E0,7.872434616E0,9.805175940E0
2.458479403E0,-1.218648672E0,5.688922405E0,7.841310024E0,9.763968743E0
2.460479369E0,-1.218648672E0,5.688922405E0,7.841310024E0,9.763968743E0
2.462479335E0,-1.218648672E0,5.688922405E0,7.841310024E0,9.763968743E0
2.464479835E0,-1.218648672E0,5.688922405E0,7.841310024E0,9.763968743E0
2.466479801E0,-1.218648672E0,5.688922405E0,7.841310024E0,9.763968743E0
2.468479767E0,-1.218648672E0,5.688922405E0,7.841310024E0,9.763968743E0
2.470478867E0,-1.218648672E0,5.688922405E0,7.841310024E0,9.763968743E0
2.472478867E0,-1.218648672E0,5.688922405E0,7.841310024E0,9.763968743E0
2.474478867E0,-1.218648672E0,5.688922405E0,7.841310024E0,9.763968743E0
2.476478900E0,-1.218648672E0,5.688922405E0,7.841310024E0,9.763968743E0
2.478478933E0,-1.266532660E0,5.693710804E0,7.826944828E0,9.761327422E0
2.480478966E0,-1.266532660E0,5.693710804E0,7.826944828E0,9.761327422E0
2.482478999E0,-1.266532660E0,5.693710804E0,7.826944828E0,9.761327422E0
2.484479032E0,-1.266532660E0,5.693710804E0,7.826944828E0,9.761327422E0
2.486479065E0,-1.266532660E0,5.693710804E0,7.826944828E0,9.761327422E0
2.488479098E0,-1.266532660E0,5.693710804E0,7.826944828E0,9.761327422E0
2.490479598E0,-1.266532660E0,5.693710804E0,7.826944828E0,9.761327422E0
2.492479564E0,-1.266532660E0,5.693710804E0,7.826944828E0,9.761327422E0
2.494479530E0,-1.266532660E0,5.693710804E0,7.826944828E0,9.761327422E0
2.496479496E0,-1.266532660E0,5.693710804E0,7.826944828E0,9.761327422E0
2.498479462E0,-1.252167463E0,5.708076000E0,7.855675220E0,9.790898230E0
2.500479428E0,-1.252167463E0,5.708076000E0,7.855675220E0,9.790898230E0
2.502479394E0,-1.252167463E0,5.708076000E0,7.855675220E0,9.790898230E0
2.504479360E0,-1.252167463E0,5.708076000E0,7.855675220E0,9.790898230E0
2.506479360E0,-1.252167463E0,5.708076000E0,7.855675220E0,9.790898230E0
2.508479393E0,-1.252167463E0,5.708076000E0,7.855675220E0,9.790898230E0
2.510478559E0,-1.252167463E0,5.708076000E0,7.855675220E0,9.790898230E0
2.512479125E0,-1.252167463E0,5.708076000E0,7.855675220E0,9.790898230E0
2.514479158E0,-1.252167463E0,5.708076000E0,7.855675220E0,9.790898230E0
2.516479191E0,-1.252167463E0,5.708076000E0,7.855675220E0,9.790898230E0
2.518479224E0,-1.259350061E0,5.698499203E0,7.886799812E0,9.811241869E0
2.520479257E0,-1.259350061E0,5.698499203E0,7.886799812E0,9.811241869E0
2.522479290E0,-1.259350061E0,5.698499203E0,7.886799812E0,9.811241869E0
2.524479290E0,-1.259350061E0,5.698499203E0,7.886799812E0,9.811241869E0
2.526479290E0,-1.259350061E0,5.698499203E0,7.886799812E0,9.811241869E0
2.528479290E0,-1.259350061E0,5.698499203E0,7.886799812E0,9.811241869E0
2.530480156E0,-1.259350061E0,5.698499203E0,7.886799812E0,9.811241869E0
2.532480122E0,-1.259350061E0,5.698499203E0,7.886799812E0,9.811241869E0
2.534480122E0,-1.259350061E0,5.698499203E0,7.886799812E0,9.811241869E0
2.536480088E0,-1.259350061E0,5.698499203E0,7.886799812E0,9.811241869E0
2.538480054E0,-1.347935557E0,5.751171589E0,8.049605370E0,9.984440471E0
2.540480020E0,-1.347935557E0,5.751171589E0,8.049605370E0,9.984440471E0
2.542479986E0,-1.347935557E0,5.751171589E0,8.049605370E0,9.984440471E0
2.544479952E0,-1.347935557E0,5.751171589E0,8.049605370E0,9.984440471E0
2.546479918E0,-1.347935557E0,5.751171589E0,8.049605370E0,9.984440471E0
2.548479884E0,-1.347935557E0,5.751171589E0,8.049605370E0,9.984440471E0
2.550478984E0,-1.347935557E0,5.751171589E0,8.049605370E0,9.984440471E0
2.552478117E0,-1.347935557E0,5.751171589E0,8.049605370E0,9.984440471E0
2.554478150E0,-1.347935557E0,5.751171589E0,8.049605370E0,9.984440471E0
2.556478183E0,-1.347935557E0,5.751171589E0,8.049605370E0,9.984440471E0
2.558478216E0,-1.388636947E0,5.712864399E0,8.494926453E0,1.033096838E1
2.560478249E0,-1.388636947E0,5.712864399E0,8.494926453E0,1.033096838E1
2.562478282E0,-1.388636947E0,5.712864399E0,8.494926453E0,1.033096838E1
2.564478315E0,-1.388636947E0,5.712864399E0,8.494926453E0,1.033096838E1
2.566478348E0,-1.388636947E0,5.712864399E0,8.494926453E0,1.033096838E1
2.568478348E0,-1.388636947E0,5.712864399E0,8.494926453E0,1.033096838E1
2.570479181E0,-1.388636947E0,5.712864399E0,8.494926453E0,1.033096838E1
2.572479014E0,-1.388636947E0,5.712864399E0,8.494926453E0,1.033096838E1
2.574478980E0,-1.388636947E0,5.712864399E0,8.494926453E0,1.033096838E1
2.576478946E0,-1.422155857E0,5.645826817E0,8.952219009E0,1.067895655E1
2.578478912E0,-1.422155857E0,5.645826817E0,8.952219009E0,1.067895655E1
2.580478878E0,-1.422155857E0,5.645826817E0,8.952219009E0,1.067895655E1
2.582478844E0,-1.422155857E0,5.645826817E0,8.952219009E0,1.067895655E1
2.584478844E0,-1.422155857E0,5.645826817E0,8.952219009E0,1.067895655E1
2.586478877E0,-1.422155857E0,5.645826817E0,8.952219009E0,1.067895655E1
2.588478910E0,-1.422155857E0,5.645826817E0,8.952219009E0,1.067895655E1
2.590478943E0,-1.422155857E0,5.645826817E0,8.952219009E0,1.067895655E1
2.592478976E0,-1.422155857E0,5.645826817E0,8.952219009E0,1.067895655E1
2.594479009E0,-1.422155857E0,5.645826817E0,8.952219009E0,1.067895655E1
2.596479042E0,-1.517923832E0,5.755959988E0,9.450213432E0,1.116878248E1
2.598479075E0,-1.517923832E0,5.755959988E0,9.450213432E0,1.116878248E1
2.600479108E0,-1.517923832E0,5.755959988E0,9.450213432E0,1.116878248E1
2.602479108E0,-1.517923832E0,5.755959988E0,9.450213432E0,1.116878248E1
2.604479108E0,-1.517923832E0,5.755959988E0,9.450213432E0,1.116878248E1
2.606479108E0,-1.517923832E0,5.755959988E0,9.450213432E0,1.116878248E1
2.608479108E0,-1.517923832E0,5.755959988E0,9.450213432E0,1.116878248E1
2.610479974E0,-1.517923832E0,5.755959988E0,9.450213432E0,1.116878248E1
2.612480840E0,-1.517923832E0,5.755959988E0,9.450213432E0,1.116878248E1
2.614480806E0,-1.517923832E0,5.755959988E0,9.450213432E0,1.116878248E1
2.616480772E0,-1.314416766E0,6.127061367E0,1.169118595E1,1.326470510E1
2.618480738E0,-1.314416766E0,6.127061367E0,1.169118595E1,1.326470510E1
2.620480704E0,-1.314416766E0,6.127061367E0,1.169118595E1,1.326470510E1
2.622480670E0,-1.314416766E0,6.127061367E0,1.169118595E1,1.326470510E1
2.624480636E0,-1.314416766E0,6.127061367E0,1.169118595E1,1.326470510E1
2.626480602E0,-1.314416766E0,6.127061367E0,1.169118595E1,1.326470510E1
2.628480568E0,-1.314416766E0,6.127061367E0,1.169118595E1,1.326470510E1
2.630479668E0,-1.314416766E0,6.127061367E0,1.169118595E1,1.326470510E1
2.632479301E0,-1.314416766E0,6.127061367E0,1.169118595E1,1.326470510E1
2.634479334E0,-1.314416766E0,6.127061367E0,1.169118595E1,1.326470510E1
2.636479367E0,-1.764526606E0,6.069600582E0,1.498830128E1,1.626661552E1
2.638479400E0,-1.764526606E0,6.069600582E0,1.498830128E1,1.626661552E1
2.640479433E0,-1.764526606E0,6.069600582E0,1.498830128E1,1.626661552E1
2.642479466E0,-1.764526606E0,6.069600582E0,1.498830128E1,1.626661552E1
2.644479499E0,-1.764526606E0,6.069600582E0,1.498830128E1,1.626661552E1
2.646479499E0,-1.764526606E0,6.069600582E0,1.498830128E1,1.626661552E1
2.648479465E0,-1.764526606E0,6.069600582E0,1.498830128E1,1.626661552E1
2.650479431E0,-1.764526606E0,6.069600582E0,1.498830128E1,1.626661552E1
2.652479397E0,-1.764526606E0,6.069600582E0,1.498830128E1,1.626661552E1
2.654479363E0,-1.764526606E0,6.069600582E0,1.498830128E1,1.626661552E1
2.656479329E0,-2.674323320E0,5.571606636E0,1.521814442E1,1.642518570E1
2.658479295E0,-2.674323320E0,5.571606636E0,1.521814442E1,1.642518570E1
2.660479261E0,-2.674323320E0,5.571606636E0,1.521814442E1,1.642518570E1
2.662479261E0,-2.674323320E0,5.571606636E0,1.521814442E1,1.642518570E1
2.664479294E0,-2.674323320E0,5.571606636E0,1.521814442E1,1.642518570E1
2.666479327E0,-2.674323320E0,5.571606636E0,1.521814442E1,1.642518570E1
2.668479360E0,-2.674323320E0,5.571606636E0,1.521814442E1,1.642518570E1
2.670478526E0,-2.674323320E0,5.571606636E0,1.521814442E1,1.642518570E1
2.672478559E0,-2.674323320E0,5.571606636E0,1.521814442E1,1.642518570E1
2.674478592E0,-2.674323320E0,5.571606636E0,1.521814442E1,1.642518570E1
2.676478625E0,-2.829946518E0,5.557241440E0,1.299363232E1,1.441270309E1
2.678478658E0,-2.829946518E0,5.557241440E0,1.299363232E1,1.441270309E1
2.680478658E0,-2.829946518E0,5.557241440E0,1.299363232E1,1.441270309E1
2.682478658E0,-2.829946518E0,5.557241440E0,1.299363232E1,1.441270309E1
2.684478658E0,-2.829946518E0,5.557241440E0,1.299363232E1,1.441270309E1
2.686478658E0,-2.829946518E0,5.557241440E0,1.299363232E1,1.441270309E1
2.688478658E0,-2.829946518E0,5.557241440E0,1.299363232E1,1.441270309E1
2.690479558E0,-2.829946518E0,5.557241440E0,1.299363232E1,1.441270309E1
2.692479524E0,-2.829946518E0,5.557241440E0,1.299363232E1,1.441270309E1
2.694479490E0,-2.829946518E0,5.557241440E0,1.299363232E1,1.441270309E1
2.696479456E0,-2.255337954E0,5.978621006E0,1.119558620E1,1.289075672E1
2.698479422E0,-2.255337954E0,5.978621006E0,1.119558620E1,1.289075672E1
2.700479388E0,-2.255337954E0,5.978621006E0,1.119558620E1,1.289075672E1
2.702479354E0,-2.255337954E0,5.978621006E0,1.119558620E1,1.289075672E1
2.704479320E0,-2.255337954E0,5.978621006E0,1.119558620E1,1.289075672E1
2.706479286E0,-2.255337954E0,5.978621006E0,1.119558620E1,1.289075672E1
2.708479286E0,-2.255337954E0,5.978621006E0,1.119558620E1,1.289075672E1
2.710478452E0,-2.255337954E0,5.978621006E0,1.119558620E1,1.289075672E1
2.712478485E0,-2.255337954E0,5.978621006E0,1.119558620E1,1.289075672E1
2.714478518E0,-2.255337954E0,5.978621006E0,1.119558620E1,1.289075672E1
2.716478551E0,-1.410184860E0,6.862081528E0,9.177274704E0,1.154552533E1
2.718478584E0,-1.410184860E0,6.862081528E0,9.177274704E0,1.154552533E1
2.720478617E0,-1.410184860E0,6.862081528E0,9.177274704E0,1.154552533E1
2.722478650E0,-1.410184860E0,6.862081528E0,9.177274704E0,1.154552533E1
2.724478650E0,-1.410184860E0,6.862081528E0,9.177274704E0,1.154552533E1
2.726478616E0,-1.410184860E0,6.862081528E0,9.177274704E0,1.154552533E1
2.728478582E0,-1.410184860E0,6.862081528E0,9.177274704E0,1.154552533E1
2.730479415E0,-1.410184860E0,6.862081528E0,9.177274704E0,1.154552533E1
2.732479381E0,-1.410184860E0,6.862081528E0,9.177274704E0,1.154552533E1
2.734479347E0,-1.410184860E0,6.862081528E0,9.177274704E0,1.154552533E1
2.736479313E0,8.355764151E-1,6.991368294E0,4.855441093E0,8.552936734E0
2.738479279E0,8.355764151E-1,6.991368294E0,4.855441093E0,8.552936734E0
2.740479279E0,8.355764151E-1,6.991368294E0,4.855441093E0,8.552936734E0
2.742479312E0,8.355764151E-1,6.991368294E0,4.855441093E0,8.552936734E0
2.744479345E0,8.355764151E-1,6.991368294E0,4.855441093E0,8.552936734E0
2.746479378E0,8.355764151E-1,6.991368294E0,4.855441093E0,8.552936734E0
2.748479411E0,8.355764151E-1,6.991368294E0,4.855441093E0,8.552936734E0
2.750478577E0,8.355764151E-1,6.991368294E0,4.855441093E0,8.552936734E0
2.752477743E0,8.355764151E-1,6.991368294E0,4.855441093E0,8.552936734E0
2.754477776E0,8.355764151E-1,6.991368294E0,4.855441093E0,8.552936734E0
2.756477809E0,2.482787132E0,7.561188221E0,1.498770237E0,8.098278303E0
2.758477809E0,2.482787132E0,7.561188221E0,1.498770237E0,8.098278303E0
2.760477809E0,2.482787132E0,7.561188221E0,1.498770237E0,8.098278303E0
2.762477809E0,2.482787132E0,7.561188221E0,1.498770237E0,8.098278303E0
2.764477809E0,2.482787132E0,7.561188221E0,1.498770237E0,8.098278303E0
2.766477809E0,2.482787132E0,7.561188221E0,1.498770237E0,8.098278303E0
2.768477809E0,2.482787132E0,7.561188221E0,1.498770237E0,8.098278303E0
2.770478642E0,2.482787132E0,7.561188221E0,1.498770237E0,8.098278303E0
2.772478608E0,2.482787132E0,7.561188221E0,1.498770237E0,8.098278303E0
2.774478574E0,2.482787132E0,7.561188221E0,1.498770237E0,8.098278303E0
2.776478540E0,1.635239720E0,8.138191223E0,5.770025849E-1,8.320883205E0
2.778478506E0,1.635239720E0,8.138191223E0,5.770025849E-1,8.320883205E0
2.780478472E0,1.635239720E0,8.138191223E0,5.770025849E-1,8.320883205E0
2.782478438E0,1.635239720E0,8.138191223E0,5.770025849E-1,8.320883205E0
2.784478404E0,1.635239720E0,8.138191223E0,5.770025849E-1,8.320883205E0
2.786478404E0,1.635239720E0,8.138191223E0,5.770025849E-1,8.320883205E0
2.788478437E0,1.635239720E0,8.138191223E0,5.770025849E-1,8.320883205E0
2.790478470E0,1.635239720E0,8.138191223E0,5.770025849E-1,8.320883205E0
2.792478503E0,1.635239720E0,8.138191223E0,5.770025849E-1,8.320883205E0
2.794478536E0,1.635239720E0,8.138191223E0,5.770025849E-1,8.320883205E0
2.796478569E0,4.046200812E-1,7.530063629E0,5.650315881E-1,7.562065615E0
2.798478602E0,4.046200812E-1,7.530063629E0,5.650315881E-1,7.562065615E0
2.800478635E0,4.046200812E-1,7.530063629E0,5.650315881E-1,7.562065615E0
2.802478635E0,4.046200812E-1,7.530063629E0,5.650315881E-1,7.562065615E0
2.804478601E0,4.046200812E-1,7.530063629E0,5.650315881E-1,7.562065615E0
2.806478567E0,4.046200812E-1,7.530063629E0,5.650315881E-1,7.562065615E0
2.808478533E0,4.046200812E-1,7.530063629E0,5.650315881E-1,7.562065615E0
2.810479366E0,4.046200812E-1,7.530063629E0,5.650315881E-1,7.562065615E0
2.812480199E0,4.046200812E-1,7.530063629E0,5.650315881E-1,7.562065615E0
2.814480165E0,4.046200812E-1,7.530063629E0,5.650315881E-1,7.562065615E0
2.816480131E0,-8.978256583E-1,6.323386192E0,2.106897593E0,6.725349159E0
2.818480064E0,-8.978256583E-1,6.323386192E0,2.106897593E0,6.725349159E0
2.820480097E0,-8.978256583E-1,6.323386192E0,2.106897593E0,6.725349159E0
2.822480130E0,-8.978256583E-1,6.323386192E0,2.106897593E0,6.725349159E0
2.824480163E0,-8.978256583E-1,6.323386192E0,2.106897593E0,6.725349159E0
2.826480196E0,-8.978256583E-1,6.323386192E0,2.106897593E0,6.725349159E0
2.828480229E0,-8.978256583E-1,6.323386192E0,2.106897593E0,6.725349159E0
2.830479795E0,-8.978256583E-1,6.323386192E0,2.106897593E0,6.725349159E0
2.832479828E0,-8.978256583E-1,6.323386192E0,2.106897593E0,6.725349159E0
2.834479861E0,-8.978256583E-1,6.323386192E0,2.106897593E0,6.725349159E0
2.836479861E0,5.003881454E-1,5.976226807E0,1.951274395E0,6.306595508E0
2.838479461E0,5.003881454E-1,5.976226807E0,1.951274395E0,6.306595508E0
2.840479461E0,5.003881454E-1,5.976226807E0,1.951274395E0,6.306595508E0
2.842479461E0,5.003881454E-1,5.976226807E0,1.951274395E0,6.306595508E0
2.844479461E0,5.003881454E-1,5.976226807E0,1.951274395E0,6.306595508E0
2.846479461E0,5.003881454E-1,5.976226807E0,1.951274395E0,6.306595508E0
2.848479427E0,5.003881454E-1,5.976226807E0,1.951274395E0,6.306595508E0
2.850479393E0,5.003881454E-1,5.976226807E0,1.951274395E0,6.306595508E0
2.852479359E0,5.003881454E-1,5.976226807E0,1.951274395E0,6.306595508E0
2.854479325E0,2.382230759E0,6.309020519E0,8.451532125E-1,6.796546715E0
2.856479425E0,2.382230759E0,6.309020519E0,8.451532125E-1,6.796546715E0
2.858479391E0,2.382230759E0,6.309020519E0,8.451532125E-1,6.796546715E0
2.860479357E0,2.382230759E0,6.309020519E0,8.451532125E-1,6.796546715E0
2.862479323E0,2.382230759E0,6.309020519E0,8.451532125E-1,6.796546715E0
2.864479323E0,2.382230759E0,6.309020519E0,8.451532125E-1,6.796546715E0
2.866479323E0,2.382230759E0,6.309020519E0,8.451532125E-1,6.796546715E0
2.868479356E0,2.382230759E0,6.309020519E0,8.451532125E-1,6.796546715E0
2.870478522E0,2.382230759E0,6.309020519E0,8.451532125E-1,6.796546715E0
2.872478888E0,2.382230759E0,6.309020519E0,8.451532125E-1,6.796546715E0
2.874478921E0,3.143586874E0,6.330568790E0,-6.320692301E-1,7.096319550E0
2.876478954E0,3.143586874E0,6.330568790E0,-6.320692301E-1,7.096319550E0
2.878479054E0,3.143586874E0,6.330568790E0,-6.320692301E-1,7.096319550E0
2.880479054E0,3.143586874E0,6.330568790E0,-6.320692301E-1,7.096319550E0
2.882479020E0,3.143586874E0,6.330568790E0,-6.320692301E-1,7.096319550E0
2.884478986E0,3.143586874E0,6.330568790E0,-6.320692301E-1,7.096319550E0
2.886478952E0,3.143586874E0,6.330568790E0,-6.320692301E-1,7.096319550E0
2.888478918E0,3.143586874E0,6.330568790E0,-6.320692301E-1,7.096319550E0
2.890479351E0,3.143586874E0,6.330568790E0,-6.320692301E-1,7.096319550E0
2.892479317E0,3.143586874E0,6.330568790E0,-6.320692301E-1,7.096319550E0
2.894479283E0,5.722141862E-1,7.113472462E0,-4.692635536E0,8.541062452E0
2.896479283E0,5.722141862E-1,7.113472462E0,-4.692635536E0,8.541062452E0
2.898479716E0,5.722141862E-1,7.113472462E0,-4.692635536E0,8.541062452E0
2.900479749E0,5.722141862E-1,7.113472462E0,-4.692635536E0,8.541062452E0
2.902479782E0,5.722141862E-1,7.113472462E0,-4.692635536E0,8.541062452E0
2.904479815E0,5.722141862E-1,7.113472462E0,-4.692635536E0,8.541062452E0
2.906479848E0,5.722141862E-1,7.113472462E0,-4.692635536E0,8.541062452E0
2.908479881E0,5.722141862E-1,7.113472462E0,-4.692635536E0,8.541062452E0
2.910479047E0,5.722141862E-1,7.113472462E0,-4.692635536E0,8.541062452E0
2.912479080E0,5.722141862E-1,7.113472462E0,-4.692635536E0,8.541062452E0
2.914479080E0,-2.537853718E-1,6.828562737E0,-7.314585686E0,1.000983715E1
2.916478946E0,-2.537853718E-1,6.828562737E0,-7.314585686E0,1.000983715E1
2.918478946E0,-2.537853718E-1,6.828562737E0,-7.314585686E0,1.000983715E1
2.920478946E0,-2.537853718E-1,6.828562737E0,-7.314585686E0,1.000983715E1
2.922478946E0,-2.537853718E-1,6.828562737E0,-7.314585686E0,1.000983715E1
2.924479246E0,-2.537853718E-1,6.828562737E0,-7.314585686E0,1.000983715E1
2.926479246E0,-2.537853718E-1,6.828562737E0,-7.314585686E0,1.000983715E1
2.928479212E0,-2.537853718E-1,6.828562737E0,-7.314585686E0,1.000983715E1
2.930480045E0,-2.537853718E-1,6.828562737E0,-7.314585686E0,1.000983715E1
2.932479678E0,-2.537853718E-1,6.828562737E0,-7.314585686E0,1.000983715E1
2.934479644E0,1.781286120E0,6.517316341E0,-5.377676487E0,8.635264729E0
2.936479610E0,1.781286120E0,6.517316341E0,-5.377676487E0,8.635264729E0
2.938479576E0,1.781286120E0,6.517316341E0,-5.377676487E0,8.635264729E0
2.940479542E0,1.781286120E0,6.517316341E0,-5.377676487E0,8.635264729E0
2.942479142E0,1.781286120E0,6.517316341E0,-5.377676487E0,8.635264729E0
2.944479142E0,1.781286120E0,6.517316341E0,-5.377676487E0,8.635264729E0
2.946479175E0,1.781286120E0,6.517316341E0,-5.377676487E0,8.635264729E0
2.948479208E0,1.781286120E0,6.517316341E0,-5.377676487E0,8.635264729E0
2.950478374E0,1.781286120E0,6.517316341E0,-5.377676487E0,8.635264729E0
2.952477540E0,1.781286120E0,6.517316341E0,-5.377676487E0,8.635264729E0
2.954477573E0,2.983175278E0,6.977003098E0,-4.465186119E0,8.804305426E0
2.956477606E0,2.983175278E0,6.977003098E0,-4.465186119E0,8.804305426E0
2.958477606E0,2.983175278E0,6.977003098E0,-4.465186119E0,8.804305426E0
2.960477572E0,2.983175278E0,6.977003098E0,-4.465186119E0,8.804305426E0
2.962477538E0,2.983175278E0,6.977003098E0,-4.465186119E0,8.804305426E0
2.964477504E0,2.983175278E0,6.977003098E0,-4.465186119E0,8.804305426E0
2.966477470E0,2.983175278E0,6.977003098E0,-4.465186119E0,8.804305426E0
2.968477436E0,2.983175278E0,6.977003098E0,-4.465186119E0,8.804305426E0
2.970478269E0,2.983175278E0,6.977003098E0,-4.465186119E0,8.804305426E0
2.972478235E0,2.983175278E0,6.977003098E0,-4.465186119E0,8.804305426E0
2.974478235E0,4.448426723E0,8.274660110E0,-2.394201756E0,9.694880211E0
2.976478268E0,4.448426723E0,8.274660110E0,-2.394201756E0,9.694880211E0
2.978478301E0,4.448426723E0,8.274660110E0,-2.394201756E0,9.694880211E0
2.980478334E0,4.448426723E0,8.274660110E0,-2.394201756E0,9.694880211E0
2.982478367E0,4.448426723E0,8.274660110E0,-2.394201756E0,9.694880211E0
2.984478100E0,4.448426723E0,8.274660110E0,-2.394201756E0,9.694880211E0
2.986478133E0,4.448426723E0,8.274660110E0,-2.394201756E0,9.694880211E0
2.988478166E0,4.448426723E0,8.274660110E0,-2.394201756E0,9.694880211E0
2.990478366E0,4.448426723E0,8.274660110E0,-2.394201756E0,9.694880211E0
2.992478366E0,4.448426723E0,8.274660110E0,-2.394201756E0,9.694880211E0
2.994478366E0,7.221211433E0,9.797372818E0,1.029506683E0,1.221451156E1
2.996478366E0,7.221211433E0,9.797372818E0,1.029506683E0,1.221451156E1
2.998478366E0,7.221211433E0,9.797372818E0,1.029506683E0,1.221451156E1
3.000478366E0,7.221211433E0,9.797372818E0,1.029506683E0,1.221451156E1
3.002478766E0,7.221211433E0,9.797372818E0,1.029506683E0,1.221451156E1
3.004478766E0,7.221211433E0,9.797372818E0,1.029506683E0,1.221451156E1
3.006478732E0,7.221211433E0,9.797372818E0,1.029506683E0,1.221451156E1
3.008478698E0,7.221211433E0,9.797372818E0,1.029506683E0,1.221451156E1
3.010479531E0,7.221211433E0,9.797372818E0,1.029506683E0,1.221451156E1
3.012480364E0,7.221211433E0,9.797372818E0,1.029506683E0,1.221451156E1
3.014480330E0,9.550769806E0,1.079096603E1,6.224924326E-2,1.441062201E1
3.016480296E0,9.550769806E0,1.079096603E1,6.224924326E-2,1.441062201E1
3.018480262E0,9.550769806E0,1.079096603E1,6.224924326E-2,1.441062201E1
3.020480262E0,9.550769806E0,1.079096603E1,6.224924326E-2,1.441062201E1
3.022480262E0,9.550769806E0,1.079096603E1,6.224924326E-2,1.441062201E1
3.024480295E0,9.550769806E0,1.079096603E1,6.224924326E-2,1.441062201E1
3.026480328E0,9.550769806E0,1.079096603E1,6.224924326E-2,1.441062201E1
3.028480361E0,9.550769806E0,1.079096603E1,6.224924326E-2,1.441062201E1
3.030479894E0,9.550769806E0,1.079096603E1,6.224924326E-2,1.441062201E1
3.032479927E0,9.550769806E0,1.079096603E1,6.224924326E-2,1.441062201E1
3.034479560E0,9.330503464E0,1.062816048E1,-1.446097851E0,1.421644432E1
3.036479560E0,9.330503464E0,1.062816048E1,-1.446097851E0,1.421644432E1
3.038479526E0,9.330503464E0,1.062816048E1,-1.446097851E0,1.421644432E1
3.040479492E0,9.330503464E0,1.062816048E1,-1.446097851E0,1.421644432E1
3.042479458E0,9.330503464E0,1.062816048E1,-1.446097851E0,1.421644432E1
3.044479424E0,9.330503464E0,1.062816048E1,-1.446097851E0,1.421644432E1
3.046479390E0,9.330503464E0,1.062816048E1,-1.446097851E0,1.421644432E1
3.048479356E0,9.330503464E0,1.062816048E1,-1.446097851E0,1.421644432E1
3.050479156E0,9.330503464E0,1.062816048E1,-1.446097851E0,1.421644432E1
3.052479156E0,9.330503464E0,1.062816048E1,-1.446097851E0,1.421644432E1
3.054479189E0,8.138191223E0,9.565135002E0,-8.619125932E-2,1.255903631E1
3.056479222E0,8.138191223E0,9.565135002E0,-8.619125932E-2,1.255903631E1
3.058479255E0,8.138191223E0,9.565135002E0,-8.619125932E-2,1.255903631E1
3.060479288E0,8.138191223E0,9.565135002E0,-8.619125932E-2,1.255903631E1
3.062479321E0,8.138191223E0,9.565135002E0,-8.619125932E-2,1.255903631E1
3.064479354E0,8.138191223E0,9.565135002E0,-8.619125932E-2,1.255903631E1
3.066479387E0,8.138191223E0,9.565135002E0,-8.619125932E-2,1.255903631E1
3.068479420E0,8.138191223E0,9.565135002E0,-8.619125932E-2,1.255903631E1
3.070478553E0,8.138191223E0,9.565135002E0,-8.619125932E-2,1.255903631E1
3.072478553E0,8.138191223E0,9.565135002E0,-8.619125932E-2,1.255903631E1
3.074478553E0,6.289866924E0,8.830115318E0,3.665522814E0,1.144418717E1
3.076478553E0,6.289866924E0,8.830115318E0,3.665522814E0,1.144418717E1
3.078478553E0,6.289866924E0,8.830115318E0,3.665522814E0,1.144418717E1
3.080478553E0,6.289866924E0,8.830115318E0,3.665522814E0,1.144418717E1
3.082478553E0,6.289866924E0,8.830115318E0,3.665522814E0,1.144418717E1
3.084478519E0,6.289866924E0,8.830115318E0,3.665522814E0,1.144418717E1
3.086478485E0,6.289866924E0,8.830115318E0,3.665522814E0,1.144418717E1
3.088478451E0,6.289866924E0,8.830115318E0,3.665522814E0,1.144418717E1
3.090478917E0,6.289866924E0,8.830115318E0,3.665522814E0,1.144418717E1
3.092478883E0,6.289866924E0,8.830115318E0,3.665522814E0,1.144418717E1
3.094479249E0,2.956839085E0,6.826168537E0,6.364087582E0,9.789846016E0
3.096479215E0,2.956839085E0,6.826168537E0,6.364087582E0,9.789846016E0
3.098479215E0,2.956839085E0,6.826168537E0,6.364087582E0,9.789846016E0
3.100479215E0,2.956839085E0,6.826168537E0,6.364087582E0,9.789846016E0
3.102479248E0,2.956839085E0,6.826168537E0,6.364087582E0,9.789846016E0
3.104479281E0,2.956839085E0,6.826168537E0,6.364087582E0,9.789846016E0
3.106479314E0,2.956839085E0,6.826168537E0,6.364087582E0,9.789846016E0
3.108479347E0,2.956839085E0,6.826168537E0,6.364087582E0,9.789846016E0
3.110478513E0,2.956839085E0,6.826168537E0,6.364087582E0,9.789846016E0
3.112477646E0,2.944868207E-1,5.633855820E0,6.471826553E0,8.585545575E0
3.114477646E0,2.944868207E-1,5.633855820E0,6.471826553E0,8.585545575E0
3.116477646E0,2.944868207E-1,5.633855820E0,6.471826553E0,8.585545575E0
3.118477612E0,2.944868207E-1,5.633855820E0,6.471826553E0,8.585545575E0
3.120477578E0,2.944868207E-1,5.633855820E0,6.471826553E0,8.585545575E0
3.122477544E0,2.944868207E-1,5.633855820E0,6.471826553E0,8.585545575E0
3.124477510E0,2.944868207E-1,5.633855820E0,6.471826553E0,8.585545575E0
3.126477476E0,2.944868207E-1,5.633855820E0,6.471826553E0,8.585545575E0
3.128477442E0,2.944868207E-1,5.633855820E0,6.471826553E0,8.585545575E0
3.130478308E0,2.944868207E-1,5.633855820E0,6.471826553E0,8.585545575E0
3.132478341E0,-1.845929503E0,4.316745758E0,7.752724171E0,9.063469630E0
3.134478374E0,-1.845929503E0,4.316745758E0,7.752724171E0,9.063469630E0
3.136478407E0,-1.845929503E0,4.316745758E0,7.752724171E0,9.063469630E0
3.138478440E0,-1.845929503E0,4.316745758E0,7.752724171E0,9.063469630E0
3.140478473E0,-1.845929503E0,4.316745758E0,7.752724171E0,9.063469630E0
3.142478506E0,-1.845929503E0,4.316745758E0,7.752724171E0,9.063469630E0
3.144478539E0,-1.845929503E0,4.316745758E0,7.752724171E0,9.063469630E0
3.146478572E0,-1.845929503E0,4.316745758E0,7.752724171E0,9.063469630E0
3.148478572E0,-5.700893402E0,2.707842112E0,8.909123421E0,1.091810765E1
3.150477705E0,-5.700893402E0,2.707842112E0,8.909123421E0,1.091810765E1
3.152476838E0,-5.700893402E0,2.707842112E0,8.909123421E0,1.091810765E1
3.154476838E0,-5.700893402E0,2.707842112E0,8.909123421E0,1.091810765E1
3.156476838E0,-5.700893402E0,2.707842112E0,8.909123421E0,1.091810765E1
3.158476838E0,-5.700893402E0,2.707842112E0,8.909123421E0,1.091810765E1
3.160476838E0,-5.700893402E0,2.707842112E0,8.909123421E0,1.091810765E1
3.162476804E0,-5.700893402E0,2.707842112E0,8.909123421E0,1.091810765E1
3.164476770E0,-5.700893402E0,2.707842112E0,8.909123421E0,1.091810765E1
3.166476736E0,-5.700893402E0,2.707842112E0,8.909123421E0,1.091810765E1
3.168476702E0,-5.700893402E0,2.707842112E0,8.909123421E0,1.091810765E1
3.170477535E0,-5.700893402E0,2.707842112E0,8.909123421E0,1.091810765E1
3.172478401E0,-7.738358974E0,1.431732655E0,9.490914345E0,1.232921381E1
3.174478367E0,-7.738358974E0,1.431732655E0,9.490914345E0,1.232921381E1
3.176478333E0,-7.738358974E0,1.431732655E0,9.490914345E0,1.232921381E1
3.178478333E0,-7.738358974E0,1.431732655E0,9.490914345E0,1.232921381E1
3.180478366E0,-7.738358974E0,1.431732655E0,9.490914345E0,1.232921381E1
3.182478399E0,-7.738358974E0,1.431732655E0,9.490914345E0,1.232921381E1
3.184478432E0,-7.738358974E0,1.431732655E0,9.490914345E0,1.232921381E1
3.186478465E0,-7.738358974E0,1.431732655E0,9.490914345E0,1.232921381E1
3.188478498E0,-7.738358974E0,1.431732655E0,9.490914345E0,1.232921381E1
3.190478531E0,-7.738358974E0,1.431732655E0,9.490914345E0,1.232921381E1
3.192478531E0,-9.452607155E0,3.280056417E-1,1.176780033E1,1.509769831E1
3.194478531E0,-9.452607155E0,3.280056417E-1,1.176780033E1,1.509769831E1
3.196478497E0,-9.452607155E0,3.280056417E-1,1.176780033E1,1.509769831E1
3.198478463E0,-9.452607155E0,3.280056417E-1,1.176780033E1,1.509769831E1
3.200478429E0,-9.452607155E0,3.280056417E-1,1.176780033E1,1.509769831E1
3.202478395E0,-9.452607155E0,3.280056417E-1,1.176780033E1,1.509769831E1
3.204478361E0,-9.452607155E0,3.280056417E-1,1.176780033E1,1.509769831E1
3.206478327E0,-9.452607155E0,3.280056417E-1,1.176780033E1,1.509769831E1
3.208478327E0,-9.452607155E0,3.280056417E-1,1.176780033E1,1.509769831E1
3.210479227E0,-9.452607155E0,3.280056417E-1,1.176780033E1,1.509769831E1
3.212480127E0,-1.187793350E1,-1.082179189E0,1.405665779E1,1.843491373E1
3.214480160E0,-1.187793350E1,-1.082179189E0,1.405665779E1,1.843491373E1
3.216480193E0,-1.187793350E1,-1.082179189E0,1.405665779E1,1.843491373E1
3.218480226E0,-1.187793350E1,-1.082179189E0,1.405665779E1,1.843491373E1
3.220480259E0,-1.187793350E1,-1.082179189E0,1.405665779E1,1.843491373E1
3.222480292E0,-1.187793350E1,-1.082179189E0,1.405665779E1,1.843491373E1
3.224480325E0,-1.187793350E1,-1.082179189E0,1.405665779E1,1.843491373E1
3.226480325E0,-1.187793350E1,-1.082179189E0,1.405665779E1,1.843491373E1
3.228480325E0,-1.187793350E1,-1.082179189E0,1.405665779E1,1.843491373E1
3.230479791E0,-1.187793350E1,-1.082179189E0,1.405665779E1,1.843491373E1
3.232479791E0,-1.210059452E1,-1.635239720E0,1.488295650E1,1.925099455E1
3.234479791E0,-1.210059452E1,-1.635239720E0,1.488295650E1,1.925099455E1
3.236479791E0,-1.210059452E1,-1.635239720E0,1.488295650E1,1.925099455E1
3.238479724E0,-1.210059452E1,-1.635239720E0,1.488295650E1,1.925099455E1
3.240479690E0,-1.210059452E1,-1.635239720E0,1.488295650E1,1.925099455E1
3.242479656E0,-1.210059452E1,-1.635239720E0,1.488295650E1,1.925099455E1
3.244479222E0,-1.210059452E1,-1.635239720E0,1.488295650E1,1.925099455E1
3.246479188E0,-1.210059452E1,-1.635239720E0,1.488295650E1,1.925099455E1
3.248479154E0,-1.210059452E1,-1.635239720E0,1.488295650E1,1.925099455E1
3.250479120E0,-1.210059452E1,-1.635239720E0,1.488295650E1,1.925099455E1
3.252479086E0,-1.155711079E1,-1.216254473E0,1.268478012E1,1.720318957E1
3.254479052E0,-1.155711079E1,-1.216254473E0,1.268478012E1,1.720318957E1
3.256479052E0,-1.155711079E1,-1.216254473E0,1.268478012E1,1.720318957E1
3.258479085E0,-1.155711079E1,-1.216254473E0,1.268478012E1,1.720318957E1
3.260479118E0,-1.155711079E1,-1.216254473E0,1.268478012E1,1.720318957E1
3.262479151E0,-1.155711079E1,-1.216254473E0,1.268478012E1,1.720318957E1
3.264479184E0,-1.155711079E1,-1.216254473E0,1.268478012E1,1.720318957E1
3.266479217E0,-1.155711079E1,-1.216254473E0,1.268478012E1,1.720318957E1
3.268479250E0,-1.018044472E1,3.351882473E-2,1.107827091E1,1.504561945E1
3.270478383E0,-1.018044472E1,3.351882473E-2,1.107827091E1,1.504561945E1
3.272478383E0,-1.018044472E1,3.351882473E-2,1.107827091E1,1.504561945E1
3.274478349E0,-1.018044472E1,3.351882473E-2,1.107827091E1,1.504561945E1
3.276478315E0,-1.018044472E1,3.351882473E-2,1.107827091E1,1.504561945E1
3.278478281E0,-1.018044472E1,3.351882473E-2,1.107827091E1,1.504561945E1
3.280478247E0,-1.018044472E1,3.351882473E-2,1.107827091E1,1.504561945E1
3.282478213E0,-1.018044472E1,3.351882473E-2,1.107827091E1,1.504561945E1
3.284478179E0,-1.018044472E1,3.351882473E-2,1.107827091E1,1.504561945E1
3.286478179E0,-1.018044472E1,3.351882473E-2,1.107827091E1,1.504561945E1
3.288478212E0,-1.018044472E1,3.351882473E-2,1.107827091E1,1.504561945E1
3.290478778E0,-1.018044472E1,3.351882473E-2,1.107827091E1,1.504561945E1
3.292478811E0,-8.770259857E0,1.345541358E0,1.042944145E1,1.369310734E1
3.294478844E0,-8.770259857E0,1.345541358E0,1.042944145E1,1.369310734E1
3.296478877E0,-8.770259857E0,1.345541358E0,1.042944145E1,1.369310734E1
3.298478977E0,-8.770259857E0,1.345541358E0,1.042944145E1,1.369310734E1
3.300479010E0,-8.770259857E0,1.345541358E0,1.042944145E1,1.369310734E1
3.302479043E0,-8.770259857E0,1.345541358E0,1.042944145E1,1.369310734E1
3.304479443E0,-8.770259857E0,1.345541358E0,1.042944145E1,1.369310734E1
3.306479443E0,-8.770259857E0,1.345541358E0,1.042944145E1,1.369310734E1
3.308479443E0,-7.874828815E0,2.257732153E0,9.366415977E0,1.244347345E1
3.310478576E0,-7.874828815E0,2.257732153E0,9.366415977E0,1.244347345E1
3.312478576E0,-7.874828815E0,2.257732153E0,9.366415977E0,1.244347345E1
3.314478576E0,-7.874828815E0,2.257732153E0,9.366415977E0,1.244347345E1
3.316478576E0,-7.874828815E0,2.257732153E0,9.366415977E0,1.244347345E1
3.318478542E0,-7.874828815E0,2.257732153E0,9.366415977E0,1.244347345E1
3.320478508E0,-7.874828815E0,2.257732153E0,9.366415977E0,1.244347345E1
3.322478474E0,-7.874828815E0,2.257732153E0,9.366415977E0,1.244347345E1
3.324478440E0,-7.874828815E0,2.257732153E0,9.366415977E0,1.244347345E1
3.326478406E0,-7.874828815E0,2.257732153E0,9.366415977E0,1.244347345E1
3.328478372E0,-7.874828815E0,2.257732153E0,9.366415977E0,1.244347345E1
3.330479205E0,-7.874828815E0,2.257732153E0,9.366415977E0,1.244347345E1
3.332479171E0,-6.586748123E0,3.201047659E0,7.726387978E0,1.064561074E1
3.334479171E0,-6.586748123E0,3.201047659E0,7.726387978E0,1.064561074E1
3.336479204E0,-6.586748123E0,3.201047659E0,7.726387978E0,1.064561074E1
3.338478637E0,-6.586748123E0,3.201047659E0,7.726387978E0,1.064561074E1
3.340478670E0,-6.586748123E0,3.201047659E0,7.726387978E0,1.064561074E1
3.342478703E0,-6.586748123E0,3.201047659E0,7.726387978E0,1.064561074E1
3.344478736E0,-6.586748123E0,3.201047659E0,7.726387978E0,1.064561074E1
3.346478769E0,-6.586748123E0,3.201047659E0,7.726387978E0,1.064561074E1
3.348478769E0,-4.917989731E0,4.161122322E0,6.517316341E0,9.163895147E0
3.350477902E0,-4.917989731E0,4.161122322E0,6.517316341E0,9.163895147E0
3.352477002E0,-4.917989731E0,4.161122322E0,6.517316341E0,9.163895147E0
3.354476968E0,-4.917989731E0,4.161122322E0,6.517316341E0,9.163895147E0
3.356476934E0,-4.917989731E0,4.161122322E0,6.517316341E0,9.163895147E0
3.358476900E0,-4.917989731E0,4.161122322E0,6.517316341E0,9.163895147E0
3.360476866E0,-4.917989731E0,4.161122322E0,6.517316341E0,9.163895147E0
3.362476832E0,-4.917989731E0,4.161122322E0,6.517316341E0,9.163895147E0
3.364476832E0,-4.917989731E0,4.161122322E0,6.517316341E0,9.163895147E0
3.366476832E0,-4.917989731E0,4.161122322E0,6.517316341E0,9.163895147E0
3.368476865E0,-4.917989731E0,4.161122322E0,6.517316341E0,9.163895147E0
3.370477765E0,-4.917989731E0,4.161122322E0,6.517316341E0,9.163895147E0
3.372477798E0,-3.742137194E0,4.958691120E0,6.500556946E0,8.991632166E0
3.374477831E0,-3.742137194E0,4.958691120E0,6.500556946E0,8.991632166E0
3.376477864E0,-3.742137194E0,4.958691120E0,6.500556946E0,8.991632166E0
3.378477897E0,-3.742137194E0,4.958691120E0,6.500556946E0,8.991632166E0
3.380477930E0,-3.742137194E0,4.958691120E0,6.500556946E0,8.991632166E0
3.382477930E0,-3.742137194E0,4.958691120E0,6.500556946E0,8.991632166E0
3.384477930E0,-3.742137194E0,4.958691120E0,6.500556946E0,8.991632166E0
3.386477930E0,-3.742137194E0,4.958691120E0,6.500556946E0,8.991632166E0
3.388477930E0,-3.742137194E0,4.958691120E0,6.500556946E0,8.991632166E0
3.390477596E0,-3.282450438E0,5.360917091E0,7.142202854E0,9.514461338E0
3.392477596E0,-3.282450438E0,5.360917091E0,7.142202854E0,9.514461338E0
3.394477596E0,-3.282450438E0,5.360917091E0,7.142202854E0,9.514461338E0
3.396477562E0,-3.282450438E0,5.360917091E0,7.142202854E0,9.514461338E0
3.398478128E0,-3.282450438E0,5.360917091E0,7.142202854E0,9.514461338E0
3.400478094E0,-3.282450438E0,5.360917091E0,7.142202854E0,9.514461338E0
3.402478060E0,-3.282450438E0,5.360917091E0,7.142202854E0,9.514461338E0
3.404478026E0,-3.282450438E0,5.360917091E0,7.142202854E0,9.514461338E0
3.406477992E0,-3.282450438E0,5.360917091E0,7.142202854E0,9.514461338E0
3.408477958E0,-3.282450438E0,5.360917091E0,7.142202854E0,9.514461338E0
3.410478791E0,-3.282450438E0,5.535693645E0,6.567594528E0,9.195198905E0
3.412479657E0,-3.282450438E0,5.535693645E0,6.567594528E0,9.195198905E0
3.414479690E0,-3.282450438E0,5.535693645E0,6.567594528E0,9.195198905E0
3.416479723E0,-3.282450438E0,5.535693645E0,6.567594528E0,9.195198905E0
3.418479756E0,-3.282450438E0,5.535693645E0,6.567594528E0,9.195198905E0
3.420479789E0,-3.282450438E0,5.535693645E0,6.567594528E0,9.195198905E0
3.422479822E0,-3.282450438E0,5.535693645E0,6.567594528E0,9.195198905E0
3.424479855E0,-3.282450438E0,5.535693645E0,6.567594528E0,9.195198905E0
3.426479888E0,-3.282450438E0,5.535693645E0,6.567594528E0,9.195198905E0
3.428479888E0,-2.808398485E0,6.081571579E0,5.983409405E0,8.981859664E0
3.430478954E0,-2.808398485E0,6.081571579E0,5.983409405E0,8.981859664E0
3.432478920E0,-2.808398485E0,6.081571579E0,5.983409405E0,8.981859664E0
3.434478886E0,-2.808398485E0,6.081571579E0,5.983409405E0,8.981859664E0
3.436478852E0,-2.808398485E0,6.081571579E0,5.983409405E0,8.981859664E0
3.438478818E0,-2.808398485E0,6.081571579E0,5.983409405E0,8.981859664E0
3.440478618E0,-2.808398485E0,6.081571579E0,5.983409405E0,8.981859664E0
3.442478618E0,-2.808398485E0,6.081571579E0,5.983409405E0,8.981859664E0
3.444478618E0,-2.808398485E0,6.081571579E0,5.983409405E0,8.981859664E0
3.446478618E0,-2.808398485E0,6.081571579E0,5.983409405E0,8.981859664E0
3.448478618E0,-2.808398485E0,6.081571579E0,5.983409405E0,8.981859664E0
3.450478951E0,-2.250549555E0,6.617872715E0,6.014533997E0,9.221487503E0
3.452478951E0,-2.250549555E0,6.617872715E0,6.014533997E0,9.221487503E0
3.454479317E0,-2.250549555E0,6.617872715E0,6.014533997E0,9.221487503E0
3.456479317E0,-2.250549555E0,6.617872715E0,6.014533997E0,9.221487503E0
3.458479317E0,-2.250549555E0,6.617872715E0,6.014533997E0,9.221487503E0
3.460479350E0,-2.250549555E0,6.617872715E0,6.014533997E0,9.221487503E0
3.462479383E0,-2.250549555E0,6.617872715E0,6.014533997E0,9.221487503E0
3.464479416E0,-2.250549555E0,6.617872715E0,6.014533997E0,9.221487503E0
3.466479449E0,-2.250549555E0,6.617872715E0,6.014533997E0,9.221487503E0
3.468479482E0,-1.932120800E0,7.044040680E0,6.651391506E0,9.878897148E0
3.470478648E0,-1.932120800E0,7.044040680E0,6.651391506E0,9.878897148E0
3.472478681E0,-1.932120800E0,7.044040680E0,6.651391506E0,9.878897148E0
3.474478681E0,-1.932120800E0,7.044040680E0,6.651391506E0,9.878897148E0
3.476478647E0,-1.932120800E0,7.044040680E0,6.651391506E0,9.878897148E0
3.478478680E0,-1.932120800E0,7.044040680E0,6.651391506E0,9.878897148E0
3.480478646E0,-1.932120800E0,7.044040680E0,6.651391506E0,9.878897148E0
3.482478612E0,-1.932120800E0,7.044040680E0,6.651391506E0,9.878897148E0
3.484478578E0,-1.932120800E0,7.044040680E0,6.651391506E0,9.878897148E0
3.486478544E0,-1.932120800E0,7.044040680E0,6.651391506E0,9.878897148E0
3.488478510E0,-1.932120800E0,7.044040680E0,6.651391506E0,9.878897148E0
3.490479010E0,-1.874659896E0,7.175721645E0,6.426336765E0,9.813416076E0
3.492479043E0,-1.874659896E0,7.175721645E0,6.426336765E0,9.813416076E0
3.494479076E0,-1.874659896E0,7.175721645E0,6.426336765E0,9.813416076E0
3.496479109E0,-1.874659896E0,7.175721645E0,6.426336765E0,9.813416076E0
3.498479142E0,-1.874659896E0,7.175721645E0,6.426336765E0,9.813416076E0
3.500479342E0,-1.874659896E0,7.175721645E0,6.426336765E0,9.813416076E0
3.502479375E0,-1.874659896E0,7.175721645E0,6.426336765E0,9.813416076E0
3.504479408E0,-1.874659896E0,7.175721645E0,6.426336765E0,9.813416076E0
3.506479441E0,-1.874659896E0,7.175721645E0,6.426336765E0,9.813416076E0
3.508479441E0,-2.202665567E0,7.235576630E0,6.684910297E0,1.009422263E1
3.510478574E0,-2.202665567E0,7.235576630E0,6.684910297E0,1.009422263E1
3.512477774E0,-2.202665567E0,7.235576630E0,6.684910297E0,1.009422263E1
3.514477407E0,-2.202665567E0,7.235576630E0,6.684910297E0,1.009422263E1
3.516477407E0,-2.202665567E0,7.235576630E0,6.684910297E0,1.009422263E1
3.518477407E0,-2.202665567E0,7.235576630E0,6.684910297E0,1.009422263E1
3.520477373E0,-2.202665567E0,7.235576630E0,6.684910297E0,1.009422263E1
3.522477339E0,-2.202665567E0,7.235576630E0,6.684910297E0,1.009422263E1
3.524477305E0,-2.202665567E0,7.235576630E0,6.684910297E0,1.009422263E1
3.526477271E0,-2.202665567E0,7.235576630E0,6.684910297E0,1.009422263E1
3.528477237E0,-2.202665567E0,7.235576630E0,6.684910297E0,1.009422263E1
3.530478070E0,-2.296039343E0,6.921936512E0,7.036858082E0,1.013421795E1
3.532478036E0,-2.296039343E0,6.921936512E0,7.036858082E0,1.013421795E1
3.534478002E0,-2.296039343E0,6.921936512E0,7.036858082E0,1.013421795E1
3.536478002E0,-2.296039343E0,6.921936512E0,7.036858082E0,1.013421795E1
3.538477968E0,-2.296039343E0,6.921936512E0,7.036858082E0,1.013421795E1
3.540478001E0,-2.296039343E0,6.921936512E0,7.036858082E0,1.013421795E1
3.542478034E0,-2.296039343E0,6.921936512E0,7.036858082E0,1.013421795E1
3.544478067E0,-2.296039343E0,6.921936512E0,7.036858082E0,1.013421795E1
3.546478100E0,-2.296039343E0,6.921936512E0,7.036858082E0,1.013421795E1
3.548478133E0,-2.882618904E0,6.672939301E0,7.063194275E0,1.013539955E1
3.550477699E0,-2.882618904E0,6.672939301E0,7.063194275E0,1.013539955E1
3.552476832E0,-2.882618904E0,6.672939301E0,7.063194275E0,1.013539955E1
3.554476798E0,-2.882618904E0,6.672939301E0,7.063194275E0,1.013539955E1
3.556476764E0,-2.882618904E0,6.672939301E0,7.063194275E0,1.013539955E1
3.558476730E0,-2.882618904E0,6.672939301E0,7.063194275E0,1.013539955E1
3.560476696E0,-2.882618904E0,6.672939301E0,7.063194275E0,1.013539955E1
3.562476662E0,-2.882618904E0,6.672939301E0,7.063194275E0,1.013539955E1
3.564476628E0,-2.882618904E0,6.672939301E0,7.063194275E0,1.013539955E1
3.566476594E0,-2.882618904E0,6.672939301E0,7.063194275E0,1.013539955E1
3.568476594E0,-2.882618904E0,6.672939301E0,7.063194275E0,1.013539955E1
3.570477494E0,-2.729389906E0,6.486191750E0,6.481403351E0,9.567070715E0
3.572478327E0,-2.729389906E0,6.486191750E0,6.481403351E0,9.567070715E0
3.574478360E0,-2.729389906E0,6.486191750E0,6.481403351E0,9.567070715E0
3.576478393E0,-2.729389906E0,6.486191750E0,6.481403351E0,9.567070715E0
3.578478426E0,-2.729389906E0,6.486191750E0,6.481403351E0,9.567070715E0
3.580478459E0,-2.729389906E0,6.486191750E0,6.481403351E0,9.567070715E0
3.582478492E0,-2.729389906E0,6.486191750E0,6.481403351E0,9.567070715E0
3.584478525E0,-2.729389906E0,6.486191750E0,6.481403351E0,9.567070715E0
3.586478525E0,-2.729389906E0,6.486191750E0,6.481403351E0,9.567070715E0
3.588478525E0,-2.451662540E0,6.469432354E0,6.227617741E0,9.308459965E0
3.590478525E0,-2.451662540E0,6.469432354E0,6.227617741E0,9.308459965E0
3.592478525E0,-2.451662540E0,6.469432354E0,6.227617741E0,9.308459965E0
3.594478525E0,-2.451662540E0,6.469432354E0,6.227617741E0,9.308459965E0
3.596478525E0,-2.451662540E0,6.469432354E0,6.227617741E0,9.308459965E0
3.598478491E0,-2.451662540E0,6.469432354E0,6.227617741E0,9.308459965E0
3.600478457E0,-2.451662540E0,6.469432354E0,6.227617741E0,9.308459965E0
3.602478423E0,-2.451662540E0,6.469432354E0,6.227617741E0,9.308459965E0
3.604478389E0,-2.451662540E0,6.469432354E0,6.227617741E0,9.308459965E0
3.606478355E0,-2.451662540E0,6.469432354E0,6.227617741E0,9.308459965E0
3.608478321E0,-2.451662540E0,6.469432354E0,6.227617741E0,9.308459965E0
3.610479154E0,-3.505111217E0,6.048052788E0,6.479009151E0,9.531123058E0
3.612479987E0,-3.505111217E0,6.048052788E0,6.479009151E0,9.531123058E0
3.614479987E0,-3.505111217E0,6.048052788E0,6.479009151E0,9.531123058E0
3.616479987E0,-3.505111217E0,6.048052788E0,6.479009151E0,9.531123058E0
3.618480020E0,-3.505111217E0,6.048052788E0,6.479009151E0,9.531123058E0
3.620480053E0,-3.505111217E0,6.048052788E0,6.479009151E0,9.531123058E0
3.622480086E0,-3.505111217E0,6.048052788E0,6.479009151E0,9.531123058E0
3.624480119E0,-3.505111217E0,6.048052788E0,6.479009151E0,9.531123058E0
3.626480152E0,-3.505111217E0,6.048052788E0,6.479009151E0,9.531123058E0
3.628480185E0,-3.567360640E0,6.244377136E0,6.854898930E0,9.935187320E0
3.630479685E0,-3.567360640E0,6.244377136E0,6.854898930E0,9.935187320E0
3.632479651E0,-3.567360640E0,6.244377136E0,6.854898930E0,9.935187320E0
3.634479617E0,-3.567360640E0,6.244377136E0,6.854898930E0,9.935187320E0
3.636479583E0,-3.567360640E0,6.244377136E0,6.854898930E0,9.935187320E0
3.638479549E0,-3.567360640E0,6.244377136E0,6.854898930E0,9.935187320E0
3.640479515E0,-3.567360640E0,6.244377136E0,6.854898930E0,9.935187320E0
3.642479481E0,-3.567360640E0,6.244377136E0,6.854898930E0,9.935187320E0
3.644479447E0,-3.567360640E0,6.244377136E0,6.854898930E0,9.935187320E0
3.646479447E0,-3.567360640E0,6.244377136E0,6.854898930E0,9.935187320E0
3.648479480E0,-3.543418407E0,6.165368557E0,6.663362503E0,9.745151784E0
3.650479513E0,-3.543418407E0,6.165368557E0,6.663362503E0,9.745151784E0
3.652479546E0,-3.543418407E0,6.165368557E0,6.663362503E0,9.745151784E0
3.654479579E0,-3.543418407E0,6.165368557E0,6.663362503E0,9.745151784E0
3.656479612E0,-3.543418407E0,6.165368557E0,6.663362503E0,9.745151784E0
3.658479645E0,-3.543418407E0,6.165368557E0,6.663362503E0,9.745151784E0
3.660479678E0,-3.543418407E0,6.165368557E0,6.663362503E0,9.745151784E0
3.662479711E0,-3.543418407E0,6.165368557E0,6.663362503E0,9.745151784E0
3.664479711E0,-3.543418407E0,6.165368557E0,6.663362503E0,9.745151784E0
3.666479711E0,-3.543418407E0,6.165368557E0,6.663362503E0,9.745151784E0
3.668479711E0,-3.809175014E0,6.093542576E0,6.816591740E0,9.904897696E0
3.670478844E0,-3.809175014E0,6.093542576E0,6.816591740E0,9.904897696E0
3.672478844E0,-3.809175014E0,6.093542576E0,6.816591740E0,9.904897696E0
3.674478844E0,-3.809175014E0,6.093542576E0,6.816591740E0,9.904897696E0
3.676478844E0,-3.809175014E0,6.093542576E0,6.816591740E0,9.904897696E0
3.678478810E0,-3.809175014E0,6.093542576E0,6.816591740E0,9.904897696E0
3.680478776E0,-3.809175014E0,6.093542576E0,6.816591740E0,9.904897696E0
3.682478742E0,-3.809175014E0,6.093542576E0,6.816591740E0,9.904897696E0
3.684478708E0,-3.809175014E0,6.093542576E0,6.816591740E0,9.904897696E0
3.686478674E0,-3.809175014E0,6.093542576E0,6.816591740E0,9.904897696E0
3.688478640E0,-3.816357613E0,5.722441196E0,6.495768547E0,9.460757247E0
3.690479106E0,-3.816357613E0,5.722441196E0,6.495768547E0,9.460757247E0
3.692479106E0,-3.816357613E0,5.722441196E0,6.495768547E0,9.460757247E0
3.694479106E0,-3.816357613E0,5.722441196E0,6.495768547E0,9.460757247E0
3.696479139E0,-3.816357613E0,5.722441196E0,6.495768547E0,9.460757247E0
3.698480139E0,-3.816357613E0,5.722441196E0,6.495768547E0,9.460757247E0
3.700480172E0,-3.816357613E0,5.722441196E0,6.495768547E0,9.460757247E0
3.702480205E0,-3.816357613E0,5.722441196E0,6.495768547E0,9.460757247E0
3.704480238E0,-3.816357613E0,5.722441196E0,6.495768547E0,9.460757247E0
3.706480271E0,-3.816357613E0,5.722441196E0,6.495768547E0,9.460757247E0
3.708480271E0,-4.321534157E0,5.418377876E0,6.143820763E0,9.261803811E0
3.710479371E0,-4.321534157E0,5.418377876E0,6.143820763E0,9.261803811E0
3.712479971E0,-4.321534157E0,5.418377876E0,6.143820763E0,9.261803811E0
3.714479937E0,-4.321534157E0,5.418377876E0,6.143820763E0,9.261803811E0
3.716479903E0,-4.321534157E0,5.418377876E0,6.143820763E0,9.261803811E0
3.718479869E0,-4.321534157E0,5.418377876E0,6.143820763E0,9.261803811E0
3.720479835E0,-4.321534157E0,5.418377876E0,6.143820763E0,9.261803811E0
3.722479801E0,-4.321534157E0,5.418377876E0,6.143820763E0,9.261803811E0
3.724479801E0,-4.321534157E0,5.418377876E0,6.143820763E0,9.261803811E0
3.726479834E0,-4.321534157E0,5.418377876E0,6.143820763E0,9.261803811E0
3.728479867E0,-4.639962673E0,4.910807133E0,5.315426826E0,8.596455238E0
3.730480767E0,-4.639962673E0,4.910807133E0,5.315426826E0,8.596455238E0
3.732480800E0,-4.639962673E0,4.910807133E0,5.315426826E0,8.596455238E0
3.734480833E0,-4.639962673E0,4.910807133E0,5.315426826E0,8.596455238E0
3.736480866E0,-4.639962673E0,4.910807133E0,5.315426826E0,8.596455238E0
3.738480899E0,-4.639962673E0,4.910807133E0,5.315426826E0,8.596455238E0
3.740480932E0,-4.639962673E0,4.910807133E0,5.315426826E0,8.596455238E0
3.742480932E0,-4.639962673E0,4.910807133E0,5.315426826E0,8.596455238E0
3.744480932E0,-4.639962673E0,4.910807133E0,5.315426826E0,8.596455238E0
3.746480932E0,-4.639962673E0,4.910807133E0,5.315426826E0,8.596455238E0
3.748480932E0,-4.525041103E0,4.328716755E0,3.512293816E0,7.179832420E0
3.750480065E0,-4.525041103E0,4.328716755E0,3.512293816E0,7.179832420E0
3.752479198E0,-4.525041103E0,4.328716755E0,3.512293816E0,7.179832420E0
3.754479198E0,-4.525041103E0,4.328716755E0,3.512293816E0,7.179832420E0
3.756479164E0,-4.525041103E0,4.328716755E0,3.512293816E0,7.179832420E0
3.758478164E0,-4.525041103E0,4.328716755E0,3.512293816E0,7.179832420E0
3.760478130E0,-4.525041103E0,4.328716755E0,3.512293816E0,7.179832420E0
3.762478096E0,-4.525041103E0,4.328716755E0,3.512293816E0,7.179832420E0
3.764478062E0,-4.525041103E0,4.328716755E0,3.512293816E0,7.179832420E0
3.766478028E0,-4.525041103E0,4.328716755E0,3.512293816E0,7.179832420E0
3.768477994E0,-4.606443882E0,3.971980572E0,2.564189911E0,6.600835159E0
3.770478860E0,-4.606443882E0,3.971980572E0,2.564189911E0,6.600835159E0
3.772478226E0,-4.606443882E0,3.971980572E0,2.564189911E0,6.600835159E0
3.774478259E0,-4.606443882E0,3.971980572E0,2.564189911E0,6.600835159E0
3.776478292E0,-4.606443882E0,3.971980572E0,2.564189911E0,6.600835159E0
3.778478325E0,-4.606443882E0,3.971980572E0,2.564189911E0,6.600835159E0
3.780478358E0,-4.606443882E0,3.971980572E0,2.564189911E0,6.600835159E0
3.782478791E0,-4.606443882E0,3.971980572E0,2.564189911E0,6.600835159E0
3.784478824E0,-4.606443882E0,3.971980572E0,2.564189911E0,6.600835159E0
3.786478824E0,-4.606443882E0,3.971980572E0,2.564189911E0,6.600835159E0
3.788478790E0,-4.431667328E0,3.672705412E0,2.238578558E0,6.175732694E0
3.790478756E0,-4.431667328E0,3.672705412E0,2.238578558E0,6.175732694E0
3.792478722E0,-4.431667328E0,3.672705412E0,2.238578558E0,6.175732694E0
3.794478688E0,-4.431667328E0,3.672705412E0,2.238578558E0,6.175732694E0
3.796478654E0,-4.431667328E0,3.672705412E0,2.238578558E0,6.175732694E0
3.798478620E0,-4.431667328E0,3.672705412E0,2.238578558E0,6.175732694E0
3.800478586E0,-4.431667328E0,3.672705412E0,2.238578558E0,6.175732694E0
3.802478586E0,-4.431667328E0,3.672705412E0,2.238578558E0,6.175732694E0
3.804478619E0,-4.431667328E0,3.672705412E0,2.238578558E0,6.175732694E0
3.806478652E0,-4.431667328E0,3.672705412E0,2.238578558E0,6.175732694E0
3.808478685E0,-2.726995707E0,4.113238335E0,-4.716577232E-1,4.957589756E0
3.810479585E0,-2.726995707E0,4.113238335E0,-4.716577232E-1,4.957589756E0
3.812480485E0,-2.726995707E0,4.113238335E0,-4.716577232E-1,4.957589756E0
3.814480518E0,-2.726995707E0,4.113238335E0,-4.716577232E-1,4.957589756E0
3.816480551E0,-2.726995707E0,4.113238335E0,-4.716577232E-1,4.957589756E0
3.818480584E0,-2.726995707E0,4.113238335E0,-4.716577232E-1,4.957589756E0
3.820480584E0,-2.726995707E0,4.113238335E0,-4.716577232E-1,4.957589756E0
3.822480584E0,-2.726995707E0,4.113238335E0,-4.716577232E-1,4.957589756E0
3.824480584E0,-2.726995707E0,4.113238335E0,-4.716577232E-1,4.957589756E0
3.826480584E0,-2.726995707E0,4.113238335E0,-4.716577232E-1,4.957589756E0
3.828480584E0,7.445967197E-1,4.788403511E0,-5.090372086E0,7.028166221E0
3.830479684E0,7.445967197E-1,4.788403511E0,-5.090372086E0,7.028166221E0
3.832480517E0,7.445967197E-1,4.788403511E0,-5.090372086E0,7.028166221E0
3.834480483E0,7.445967197E-1,4.788403511E0,-5.090372086E0,7.028166221E0
3.836480449E0,7.445967197E-1,4.788403511E0,-5.090372086E0,7.028166221E0
3.838480415E0,7.445967197E-1,4.788403511E0,-5.090372086E0,7.028166221E0
3.840480381E0,7.445967197E-1,4.788403511E0,-5.090372086E0,7.028166221E0
3.842479947E0,7.445967197E-1,4.788403511E0,-5.090372086E0,7.028166221E0
3.844480280E0,7.445967197E-1,4.788403511E0,-5.090372086E0,7.028166221E0
3.846480246E0,7.445967197E-1,4.788403511E0,-5.090372086E0,7.028166221E0
3.848480246E0,4.388571739E0,6.601113319E0,-7.228394032E0,1.072771827E1
3.850479912E0,4.388571739E0,6.601113319E0,-7.228394032E0,1.072771827E1
3.852479945E0,4.388571739E0,6.601113319E0,-7.228394032E0,1.072771827E1
3.854479978E0,4.388571739E0,6.601113319E0,-7.228394032E0,1.072771827E1
3.856480011E0,4.388571739E0,6.601113319E0,-7.228394032E0,1.072771827E1
3.858480044E0,4.388571739E0,6.601113319E0,-7.228394032E0,1.072771827E1
3.860480077E0,4.388571739E0,6.601113319E0,-7.228394032E0,1.072771827E1
3.862480110E0,4.388571739E0,6.601113319E0,-7.228394032E0,1.072771827E1
3.864480110E0,4.388571739E0,6.601113319E0,-7.228394032E0,1.072771827E1
3.866480110E0,4.388571739E0,6.601113319E0,-7.228394032E0,1.072771827E1
3.868479343E0,7.376834869E0,8.839692116E0,-1.045098972E1,1.554930981E1
3.870478443E0,7.376834869E0,8.839692116E0,-1.045098972E1,1.554930981E1
3.872478409E0,7.376834869E0,8.839692116E0,-1.045098972E1,1.554930981E1
3.874478375E0,7.376834869E0,8.839692116E0,-1.045098972E1,1.554930981E1
3.876478341E0,7.376834869E0,8.839692116E0,-1.045098972E1,1.554930981E1
3.878478307E0,7.376834869E0,8.839692116E0,-1.045098972E1,1.554930981E1
3.880478307E0,7.376834869E0,8.839692116E0,-1.045098972E1,1.554930981E1
3.882478340E0,7.376834869E0,8.839692116E0,-1.045098972E1,1.554930981E1
3.884478373E0,7.376834869E0,8.839692116E0,-1.045098972E1,1.554930981E1
3.886478406E0,7.376834869E0,8.839692116E0,-1.045098972E1,1.554930981E1
3.888478439E0,1.012537861E1,9.730335236E0,-1.359457684E1,1.954521003E1
3.890479372E0,1.012537861E1,9.730335236E0,-1.359457684E1,1.954521003E1
3.892478572E0,1.012537861E1,9.730335236E0,-1.359457684E1,1.954521003E1
3.894478605E0,1.012537861E1,9.730335236E0,-1.359457684E1,1.954521003E1
3.896478638E0,1.012537861E1,9.730335236E0,-1.359457684E1,1.954521003E1
3.898478638E0,1.012537861E1,9.730335236E0,-1.359457684E1,1.954521003E1
3.900478638E0,1.012537861E1,9.730335236E0,-1.359457684E1,1.954521003E1
3.902478638E0,1.012537861E1,9.730335236E0,-1.359457684E1,1.954521003E1
3.904478271E0,1.012537861E1,9.730335236E0,-1.359457684E1,1.954521003E1
3.906478271E0,1.012537861E1,9.730335236E0,-1.359457684E1,1.954521003E1
3.908478071E0,1.081490803E1,1.015889740E1,-1.318516827E1,1.984978827E1
3.910477537E0,1.081490803E1,1.015889740E1,-1.318516827E1,1.984978827E1
3.912477570E0,1.081490803E1,1.015889740E1,-1.318516827E1,1.984978827E1
3.914477536E0,1.081490803E1,1.015889740E1,-1.318516827E1,1.984978827E1
3.916477502E0,1.081490803E1,1.015889740E1,-1.318516827E1,1.984978827E1
3.918477468E0,1.081490803E1,1.015889740E1,-1.318516827E1,1.984978827E1
3.920477434E0,1.081490803E1,1.015889740E1,-1.318516827E1,1.984978827E1
3.922477400E0,1.081490803E1,1.015889740E1,-1.318516827E1,1.984978827E1
3.924477366E0,1.081490803E1,1.015889740E1,-1.318516827E1,1.984978827E1
3.926477332E0,1.081490803E1,1.015889740E1,-1.318516827E1,1.984978827E1
3.928478065E0,1.047014332E1,9.763854027E0,-1.139909363E1,1.830016618E1
3.930478965E0,1.047014332E1,9.763854027E0,-1.139909363E1,1.830016618E1
3.932478998E0,1.047014332E1,9.763854027E0,-1.139909363E1,1.830016618E1
3.934479031E0,1.047014332E1,9.763854027E0,-1.139909363E1,1.830016618E1
3.936479064E0,1.047014332E1,9.763854027E0,-1.139909363E1,1.830016618E1
3.938479097E0,1.047014332E1,9.763854027E0,-1.139909363E1,1.830016618E1
3.940479130E0,1.047014332E1,9.763854027E0,-1.139909363E1,1.830016618E1
3.942479130E0,1.047014332E1,9.763854027E0,-1.139909363E1,1.830016618E1
3.944479130E0,1.047014332E1,9.763854027E0,-1.139909363E1,1.830016618E1
3.946479096E0,9.883563995E0,9.213187218E0,-9.349657059E0,1.643118204E1
3.948479062E0,9.883563995E0,9.213187218E0,-9.349657059E0,1.643118204E1
3.950478162E0,9.883563995E0,9.213187218E0,-9.349657059E0,1.643118204E1
3.952477262E0,9.883563995E0,9.213187218E0,-9.349657059E0,1.643118204E1
3.954477228E0,9.883563995E0,9.213187218E0,-9.349657059E0,1.643118204E1
3.956477194E0,9.883563995E0,9.213187218E0,-9.349657059E0,1.643118204E1
3.958477194E0,9.883563995E0,9.213187218E0,-9.349657059E0,1.643118204E1
3.960477194E0,9.883563995E0,9.213187218E0,-9.349657059E0,1.643118204E1
3.962477194E0,9.883563995E0,9.213187218E0,-9.349657059E0,1.643118204E1
3.964477194E0,9.883563995E0,9.213187218E0,-9.349657059E0,1.643118204E1
3.966477194E0,8.502109528E0,8.767866135E0,-5.564424038E0,1.342103416E1
3.968477394E0,8.502109528E0,8.767866135E0,-5.564424038E0,1.342103416E1
3.970478260E0,8.502109528E0,8.767866135E0,-5.564424038E0,1.342103416E1
3.972478193E0,8.502109528E0,8.767866135E0,-5.564424038E0,1.342103416E1
3.974477893E0,8.502109528E0,8.767866135E0,-5.564424038E0,1.342103416E1
3.976477926E0,8.502109528E0,8.767866135E0,-5.564424038E0,1.342103416E1
3.978477959E0,8.502109528E0,8.767866135E0,-5.564424038E0,1.342103416E1
3.980477992E0,8.502109528E0,8.767866135E0,-5.564424038E0,1.342103416E1
3.982478025E0,8.502109528E0,8.767866135E0,-5.564424038E0,1.342103416E1
3.984478058E0,8.502109528E0,8.767866135E0,-5.564424038E0,1.342103416E1
3.986478091E0,6.900388718E0,8.193257332E0,-2.102109194E0,1.091621240E1
3.988478124E0,6.900388718E0,8.193257332E0,-2.102109194E0,1.091621240E1
3.990478124E0,6.900388718E0,8.193257332E0,-2.102109194E0,1.091621240E1
3.992478090E0,6.900388718E0,8.193257332E0,-2.102109194E0,1.091621240E1
3.994478056E0,6.900388718E0,8.193257332E0,-2.102109194E0,1.091621240E1
3.996477522E0,6.900388718E0,8.193257332E0,-2.102109194E0,1.091621240E1
3.998477488E0,6.900388718E0,8.193257332E0,-2.102109194E0,1.091621240E1
4.000477454E0,6.900388718E0,8.193257332E0,-2.102109194E0,1.091621240E1
4.002477420E0,6.900388718E0,8.193257332E0,-2.102109194E0,1.091621240E1
4.004477386E0,6.900388718E0,8.193257332E0,-2.102109194E0,1.091621240E1
4.006477386E0,4.999392509E0,7.542034626E0,1.175553083E0,9.124589679E0
4.008477419E0,4.999392509E0,7.542034626E0,1.175553083E0,9.124589679E0
4.010478319E0,4.999392509E0,7.542034626E0,1.175553083E0,9.124589679E0
4.012479219E0,4.999392509E0,7.542034626E0,1.175553083E0,9.124589679E0
4.014479252E0,4.999392509E0,7.542034626E0,1.175553083E0,9.124589679E0
4.016479285E0,4.999392509E0,7.542034626E0,1.175553083E0,9.124589679E0
4.018479318E0,4.999392509E0,7.542034626E0,1.175553083E0,9.124589679E0
4.020479351E0,4.999392509E0,7.542034626E0,1.175553083E0,9.124589679E0
4.022479384E0,4.999392509E0,7.542034626E0,1.175553083E0,9.124589679E0
4.024479384E0,4.999392509E0,7.542034626E0,1.175553083E0,9.124589679E0
4.026479384E0,2.760514498E0,5.916371822E0,4.422090530E0,7.885352274E0
4.028479384E0,2.760514498E0,5.916371822E0,4.422090530E0,7.885352274E0
4.030478484E0,2.760514498E0,5.916371822E0,4.422090530E0,7.885352274E0
4.032478484E0,2.760514498E0,5.916371822E0,4.422090530E0,7.885352274E0
4.034478784E0,2.760514498E0,5.916371822E0,4.422090530E0,7.885352274E0
4.036478750E0,2.760514498E0,5.916371822E0,4.422090530E0,7.885352274E0
4.038478716E0,2.760514498E0,5.916371822E0,4.422090530E0,7.885352274E0
4.040478682E0,2.760514498E0,5.916371822E0,4.422090530E0,7.885352274E0
4.042478648E0,2.760514498E0,5.916371822E0,4.422090530E0,7.885352274E0
4.044478614E0,2.760514498E0,5.916371822E0,4.422090530E0,7.885352274E0
4.046478580E0,4.022258818E-1,5.056853294E0,7.903559208E0,9.391474807E0
4.048478546E0,4.022258818E-1,5.056853294E0,7.903559208E0,9.391474807E0
4.050478512E0,4.022258818E-1,5.056853294E0,7.903559208E0,9.391474807E0
4.052478512E0,4.022258818E-1,5.056853294E0,7.903559208E0,9.391474807E0
4.054478545E0,4.022258818E-1,5.056853294E0,7.903559208E0,9.391474807E0
4.056479078E0,4.022258818E-1,5.056853294E0,7.903559208E0,9.391474807E0
4.058479111E0,4.022258818E-1,5.056853294E0,7.903559208E0,9.391474807E0
4.060479144E0,4.022258818E-1,5.056853294E0,7.903559208E0,9.391474807E0
4.062479177E0,4.022258818E-1,5.056853294E0,7.903559208E0,9.391474807E0
4.064479210E0,4.022258818E-1,5.056853294E0,7.903559208E0,9.391474807E0
4.066479243E0,8.140285611E-1,3.914519787E0,8.289025307E0,9.202936933E0
4.068479243E0,8.140285611E-1,3.914519787E0,8.289025307E0,9.202936933E0
4.070478343E0,8.140285611E-1,3.914519787E0,8.289025307E0,9.202936933E0
4.072478309E0,8.140285611E-1,3.914519787E0,8.289025307E0,9.202936933E0
4.074478275E0,8.140285611E-1,3.914519787E0,8.289025307E0,9.202936933E0
4.076478241E0,8.140285611E-1,3.914519787E0,8.289025307E0,9.202936933E0
4.078478207E0,8.140285611E-1,3.914519787E0,8.289025307E0,9.202936933E0
4.080478173E0,8.140285611E-1,3.914519787E0,8.289025307E0,9.202936933E0
4.082478139E0,8.140285611E-1,3.914519787E0,8.289025307E0,9.202936933E0
4.084478139E0,8.140285611E-1,3.914519787E0,8.289025307E0,9.202936933E0
4.086478172E0,-2.090138197E0,2.681505919E0,1.502421379E1,1.540409529E1
4.088478205E0,-2.090138197E0,2.681505919E0,1.502421379E1,1.540409529E1
4.090479138E0,-2.090138197E0,2.681505919E0,1.502421379E1,1.540409529E1
4.092479171E0,-2.090138197E0,2.681505919E0,1.502421379E1,1.540409529E1
4.094479204E0,-2.090138197E0,2.681505919E0,1.502421379E1,1.540409529E1
4.096479237E0,-2.090138197E0,2.681505919E0,1.502421379E1,1.540409529E1
4.098479270E0,-2.090138197E0,2.681505919E0,1.502421379E1,1.540409529E1
4.100479303E0,-2.090138197E0,2.681505919E0,1.502421379E1,1.540409529E1
4.102479303E0,-2.090138197E0,2.681505919E0,1.502421379E1,1.540409529E1
4.104479303E0,-2.090138197E0,2.681505919E0,1.502421379E1,1.540409529E1
4.106479303E0,-2.533065319E0,2.604891539E0,2.219963646E1,2.249501586E1
4.108479303E0,-2.533065319E0,2.604891539E0,2.219963646E1,2.249501586E1
4.110478436E0,-2.533065319E0,2.604891539E0,2.219963646E1,2.249501586E1
4.112478869E0,-2.533065319E0,2.604891539E0,2.219963646E1,2.249501586E1
4.114479069E0,-2.533065319E0,2.604891539E0,2.219963646E1,2.249501586E1
4.116479035E0,-2.533065319E0,2.604891539E0,2.219963646E1,2.249501586E1
4.118479001E0,-2.533065319E0,2.604891539E0,2.219963646E1,2.249501586E1
4.120479267E0,-2.533065319E0,2.604891539E0,2.219963646E1,2.249501586E1
4.122479233E0,-2.533065319E0,2.604891539E0,2.219963646E1,2.249501586E1
4.124479199E0,-2.533065319E0,2.604891539E0,2.219963646E1,2.249501586E1
4.126479165E0,-2.762908697E0,2.494758129E0,1.896746445E1,1.932930910E1
4.128479131E0,-2.762908697E0,2.494758129E0,1.896746445E1,1.932930910E1
4.130479997E0,-2.762908697E0,2.494758129E0,1.896746445E1,1.932930910E1
4.132480030E0,-2.762908697E0,2.494758129E0,1.896746445E1,1.932930910E1
4.134480063E0,-2.762908697E0,2.494758129E0,1.896746445E1,1.932930910E1
4.136480096E0,-2.762908697E0,2.494758129E0,1.896746445E1,1.932930910E1
4.138480129E0,-2.762908697E0,2.494758129E0,1.896746445E1,1.932930910E1
4.140480162E0,-2.762908697E0,2.494758129E0,1.896746445E1,1.932930910E1
4.142480195E0,-2.762908697E0,2.494758129E0,1.896746445E1,1.932930910E1
4.144479828E0,-2.762908697E0,2.494758129E0,1.896746445E1,1.932930910E1
4.146478961E0,-2.542642117E0,3.655946016E0,1.414045429E1,1.482509419E1
4.148478927E0,-2.542642117E0,3.655946016E0,1.414045429E1,1.482509419E1
4.150478027E0,-2.542642117E0,3.655946016E0,1.414045429E1,1.482509419E1
4.152477127E0,-2.542642117E0,3.655946016E0,1.414045429E1,1.482509419E1
4.154477093E0,-2.542642117E0,3.655946016E0,1.414045429E1,1.482509419E1
4.156477059E0,-2.542642117E0,3.655946016E0,1.414045429E1,1.482509419E1
4.158477025E0,-2.542642117E0,3.655946016E0,1.414045429E1,1.482509419E1
4.160476991E0,-2.542642117E0,3.655946016E0,1.414045429E1,1.482509419E1
4.162476991E0,-2.542642117E0,3.655946016E0,1.414045429E1,1.482509419E1
4.164477024E0,-2.542642117E0,3.655946016E0,1.414045429E1,1.482509419E1
4.166477057E0,-4.352658749E0,3.964797974E0,1.215087318E1,1.350218428E1
4.168477090E0,-4.352658749E0,3.964797974E0,1.215087318E1,1.350218428E1
4.170477990E0,-4.352658749E0,3.964797974E0,1.215087318E1,1.350218428E1
4.172477590E0,-4.352658749E0,3.964797974E0,1.215087318E1,1.350218428E1
4.174477390E0,-4.352658749E0,3.964797974E0,1.215087318E1,1.350218428E1
4.176477423E0,-4.352658749E0,3.964797974E0,1.215087318E1,1.350218428E1
4.178477456E0,-4.352658749E0,3.964797974E0,1.215087318E1,1.350218428E1
4.180477156E0,-4.352658749E0,3.964797974E0,1.215087318E1,1.350218428E1
4.182477156E0,-4.352658749E0,3.964797974E0,1.215087318E1,1.350218428E1
4.184477156E0,-4.352658749E0,3.964797974E0,1.215087318E1,1.350218428E1
4.186477156E0,-4.867412090E0,4.156333923E0,1.113094330E1,1.283996538E1
4.188477156E0,-4.867412090E0,4.156333923E0,1.113094330E1,1.283996538E1
4.190476889E0,-4.867412090E0,4.156333923E0,1.113094330E1,1.283996538E1
4.192476855E0,-4.867412090E0,4.156333923E0,1.113094330E1,1.283996538E1
4.194476821E0,-4.867412090E0,4.156333923E0,1.113094330E1,1.283996538E1
4.196476787E0,-4.867412090E0,4.156333923E0,1.113094330E1,1.283996538E1
4.198476753E0,-4.867412090E0,4.156333923E0,1.113094330E1,1.283996538E1
4.200476719E0,-4.867412090E0,4.156333923E0,1.113094330E1,1.283996538E1
4.202476685E0,-4.867412090E0,4.156333923E0,1.113094330E1,1.283996538E1
4.204477051E0,-4.867412090E0,4.156333923E0,1.113094330E1,1.283996538E1
4.206477884E0,-4.429273129E0,4.491522312E0,1.102081013E1,1.269844435E1
4.208477884E0,-4.429273129E0,4.491522312E0,1.102081013E1,1.269844435E1
4.210478784E0,-4.429273129E0,4.491522312E0,1.102081013E1,1.269844435E1
4.212479684E0,-4.429273129E0,4.491522312E0,1.102081013E1,1.269844435E1
4.214479717E0,-4.429273129E0,4.491522312E0,1.102081013E1,1.269844435E1
4.216479750E0,-4.429273129E0,4.491522312E0,1.102081013E1,1.269844435E1
4.218479783E0,-4.429273129E0,4.491522312E0,1.102081013E1,1.269844435E1
4.220479816E0,-4.429273129E0,4.491522312E0,1.102081013E1,1.269844435E1
4.222479849E0,-4.429273129E0,4.491522312E0,1.102081013E1,1.269844435E1
4.224479849E0,-3.265691042E0,4.906018734E0,1.032649136E1,1.188991932E1
4.226479815E0,-3.265691042E0,4.906018734E0,1.032649136E1,1.188991932E1
4.228479781E0,-3.265691042E0,4.906018734E0,1.032649136E1,1.188991932E1
4.230479247E0,-3.265691042E0,4.906018734E0,1.032649136E1,1.188991932E1
4.232479213E0,-3.265691042E0,4.906018734E0,1.032649136E1,1.188991932E1
4.234479179E0,-3.265691042E0,4.906018734E0,1.032649136E1,1.188991932E1
4.236479145E0,-3.265691042E0,4.906018734E0,1.032649136E1,1.188991932E1
4.238479111E0,-3.265691042E0,4.906018734E0,1.032649136E1,1.188991932E1
4.240479111E0,-3.265691042E0,4.906018734E0,1.032649136E1,1.188991932E1
4.242479144E0,-3.265691042E0,4.906018734E0,1.032649136E1,1.188991932E1
4.244479177E0,-2.327163935E0,5.506963253E0,8.466196060E0,1.036430470E1
4.246479210E0,-2.327163935E0,5.506963253E0,8.466196060E0,1.036430470E1
4.248479243E0,-2.327163935E0,5.506963253E0,8.466196060E0,1.036430470E1
4.250479543E0,-2.327163935E0,5.506963253E0,8.466196060E0,1.036430470E1
4.252479576E0,-2.327163935E0,5.506963253E0,8.466196060E0,1.036430470E1
4.254479209E0,-2.327163935E0,5.506963253E0,8.466196060E0,1.036430470E1
4.256479242E0,-2.327163935E0,5.506963253E0,8.466196060E0,1.036430470E1
4.258479242E0,-2.327163935E0,5.506963253E0,8.466196060E0,1.036430470E1
4.260479242E0,-2.327163935E0,5.506963253E0,8.466196060E0,1.036430470E1
4.262479242E0,-2.327163935E0,5.506963253E0,8.466196060E0,1.036430470E1
4.264479242E0,-1.635239720E0,4.992209911E0,8.657732964E0,1.012682126E1
4.266479242E0,-1.635239720E0,4.992209911E0,8.657732964E0,1.012682126E1
4.268479242E0,-1.635239720E0,4.992209911E0,8.657732964E0,1.012682126E1
4.270478342E0,-1.635239720E0,4.992209911E0,8.657732964E0,1.012682126E1
4.272478308E0,-1.635239720E0,4.992209911E0,8.657732964E0,1.012682126E1
4.274478274E0,-1.635239720E0,4.992209911E0,8.657732964E0,1.012682126E1
4.276478240E0,-1.635239720E0,4.992209911E0,8.657732964E0,1.012682126E1
4.278478206E0,-1.635239720E0,4.992209911E0,8.657732964E0,1.012682126E1
4.280478172E0,-1.635239720E0,4.992209911E0,8.657732964E0,1.012682126E1
4.282478138E0,-1.635239720E0,4.992209911E0,8.657732964E0,1.012682126E1
4.284478104E0,-1.766920805E0,4.005499363E0,9.474155426E0,1.043674544E1
4.286478104E0,-1.766920805E0,4.005499363E0,9.474155426E0,1.043674544E1
4.288478137E0,-1.766920805E0,4.005499363E0,9.474155426E0,1.043674544E1
4.290478670E0,-1.766920805E0,4.005499363E0,9.474155426E0,1.043674544E1
4.292478703E0,-1.766920805E0,4.005499363E0,9.474155426E0,1.043674544E1
4.294477836E0,-1.766920805E0,4.005499363E0,9.474155426E0,1.043674544E1
4.296477869E0,-1.766920805E0,4.005499363E0,9.474155426E0,1.043674544E1
4.298477902E0,-1.766920805E0,4.005499363E0,9.474155426E0,1.043674544E1
4.300477935E0,-1.766920805E0,4.005499363E0,9.474155426E0,1.043674544E1
4.302477935E0,-1.766920805E0,4.005499363E0,9.474155426E0,1.043674544E1
4.304477901E0,1.438915253E0,5.890035629E0,1.065210247E1,1.225684641E1
4.306477867E0,1.438915253E0,5.890035629E0,1.065210247E1,1.225684641E1
4.308477833E0,1.438915253E0,5.890035629E0,1.065210247E1,1.225684641E1
4.310476933E0,1.438915253E0,5.890035629E0,1.065210247E1,1.225684641E1
4.312476866E0,1.438915253E0,5.890035629E0,1.065210247E1,1.225684641E1
4.314477232E0,1.438915253E0,5.890035629E0,1.065210247E1,1.225684641E1
4.316477198E0,1.438915253E0,5.890035629E0,1.065210247E1,1.225684641E1
4.318477198E0,1.438915253E0,5.890035629E0,1.065210247E1,1.225684641E1
4.320477198E0,1.438915253E0,5.890035629E0,1.065210247E1,1.225684641E1
4.322477198E0,1.438915253E0,5.890035629E0,1.065210247E1,1.225684641E1
4.324477198E0,3.890577793E0,6.500556946E0,9.996091843E0,1.254255509E1
4.326477198E0,3.890577793E0,6.500556946E0,9.996091843E0,1.254255509E1
4.328477198E0,3.890577793E0,6.500556946E0,9.996091843E0,1.254255509E1
4.330478064E0,3.890577793E0,6.500556946E0,9.996091843E0,1.254255509E1
4.332478064E0,3.890577793E0,6.500556946E0,9.996091843E0,1.254255509E1
4.334478064E0,3.890577793E0,6.500556946E0,9.996091843E0,1.254255509E1
4.336478097E0,3.890577793E0,6.500556946E0,9.996091843E0,1.254255509E1
4.338478130E0,3.890577793E0,6.500556946E0,9.996091843E0,1.254255509E1
4.340478163E0,3.890577793E0,6.500556946E0,9.996091843E0,1.254255509E1
4.342478196E0,3.890577793E0,6.500556946E0,9.996091843E0,1.254255509E1
4.344478229E0,4.570530891E0,6.304232121E0,7.984961987E0,1.115314813E1
4.346478262E0,4.570530891E0,6.304232121E0,7.984961987E0,1.115314813E1
4.348478262E0,4.570530891E0,6.304232121E0,7.984961987E0,1.115314813E1
4.350477395E0,4.570530891E0,6.304232121E0,7.984961987E0,1.115314813E1
4.352476495E0,4.570530891E0,6.304232121E0,7.984961987E0,1.115314813E1
4.354477361E0,4.570530891E0,6.304232121E0,7.984961987E0,1.115314813E1
4.356477327E0,4.570530891E0,6.304232121E0,7.984961987E0,1.115314813E1
4.358477293E0,4.570530891E0,6.304232121E0,7.984961987E0,1.115314813E1
4.360477259E0,4.570530891E0,6.304232121E0,7.984961987E0,1.115314813E1
4.362477225E0,4.570530891E0,6.304232121E0,7.984961987E0,1.115314813E1
4.364477225E0,4.819528103E0,6.234800339E0,5.861305237E0,9.821175361E0
4.366477225E0,4.819528103E0,6.234800339E0,5.861305237E0,9.821175361E0
4.368477258E0,4.819528103E0,6.234800339E0,5.861305237E0,9.821175361E0
4.370477924E0,4.819528103E0,6.234800339E0,5.861305237E0,9.821175361E0
4.372477990E0,4.819528103E0,6.234800339E0,5.861305237E0,9.821175361E0
4.374478023E0,4.819528103E0,6.234800339E0,5.861305237E0,9.821175361E0
4.376478056E0,4.819528103E0,6.234800339E0,5.861305237E0,9.821175361E0
4.378478089E0,4.819528103E0,6.234800339E0,5.861305237E0,9.821175361E0
4.380478122E0,4.819528103E0,6.234800339E0,5.861305237E0,9.821175361E0
4.382477722E0,4.819528103E0,6.234800339E0,5.861305237E0,9.821175361E0
4.384477722E0,7.518092632E0,6.198887348E0,5.083189487E0,1.099030193E1
4.386477722E0,7.518092632E0,6.198887348E0,5.083189487E0,1.099030193E1
4.388477722E0,7.518092632E0,6.198887348E0,5.083189487E0,1.099030193E1
4.390477722E0,7.518092632E0,6.198887348E0,5.083189487E0,1.099030193E1
4.392477722E0,7.518092632E0,6.198887348E0,5.083189487E0,1.099030193E1
4.394477722E0,7.518092632E0,6.198887348E0,5.083189487E0,1.099030193E1
4.396477688E0,7.518092632E0,6.198887348E0,5.083189487E0,1.099030193E1
4.398477654E0,7.518092632E0,6.198887348E0,5.083189487E0,1.099030193E1
4.400477620E0,7.518092632E0,6.198887348E0,5.083189487E0,1.099030193E1
4.402477586E0,7.518092632E0,6.198887348E0,5.083189487E0,1.099030193E1
4.404477552E0,8.020874977E0,8.245929718E0,2.257732153E0,1.172293252E1
4.406477518E0,8.020874977E0,8.245929718E0,2.257732153E0,1.172293252E1
4.408477484E0,8.020874977E0,8.245929718E0,2.257732153E0,1.172293252E1
4.410478317E0,8.020874977E0,8.245929718E0,2.257732153E0,1.172293252E1
4.412478817E0,8.020874977E0,8.245929718E0,2.257732153E0,1.172293252E1
4.414478850E0,8.020874977E0,8.245929718E0,2.257732153E0,1.172293252E1
4.416478883E0,8.020874977E0,8.245929718E0,2.257732153E0,1.172293252E1
4.418478916E0,8.020874977E0,8.245929718E0,2.257732153E0,1.172293252E1
4.420478949E0,8.020874977E0,8.245929718E0,2.257732153E0,1.172293252E1
4.422478982E0,8.020874977E0,8.245929718E0,2.257732153E0,1.172293252E1
4.424478115E0,7.592312813E0,7.771877766E0,-9.768342972E-1,1.090868934E1
4.426478148E0,7.592312813E0,7.771877766E0,-9.768342972E-1,1.090868934E1
4.428478148E0,7.592312813E0,7.771877766E0,-9.768342972E-1,1.090868934E1
4.430477814E0,7.592312813E0,7.771877766E0,-9.768342972E-1,1.090868934E1
4.432477780E0,7.592312813E0,7.771877766E0,-9.768342972E-1,1.090868934E1
4.434477746E0,7.592312813E0,7.771877766E0,-9.768342972E-1,1.090868934E1
4.436477712E0,7.592312813E0,7.771877766E0,-9.768342972E-1,1.090868934E1
4.438477678E0,7.592312813E0,7.771877766E0,-9.768342972E-1,1.090868934E1
4.440477644E0,7.592312813E0,7.771877766E0,-9.768342972E-1,1.090868934E1
4.442478044E0,7.592312813E0,7.771877766E0,-9.768342972E-1,1.090868934E1
4.444478044E0,6.840533733E0,7.764695168E0,-2.724601507E0,1.070078718E1
4.446478077E0,6.840533733E0,7.764695168E0,-2.724601507E0,1.070078718E1
4.448478110E0,6.840533733E0,7.764695168E0,-2.724601507E0,1.070078718E1
4.450478143E0,6.840533733E0,7.764695168E0,-2.724601507E0,1.070078718E1
4.452478176E0,6.840533733E0,7.764695168E0,-2.724601507E0,1.070078718E1
4.454478209E0,6.840533733E0,7.764695168E0,-2.724601507E0,1.070078718E1
4.456478242E0,6.840533733E0,7.764695168E0,-2.724601507E0,1.070078718E1
4.458478275E0,6.840533733E0,7.764695168E0,-2.724601507E0,1.070078718E1
4.460478275E0,6.840533733E0,7.764695168E0,-2.724601507E0,1.070078718E1
4.462478275E0,6.840533733E0,7.764695168E0,-2.724601507E0,1.070078718E1
4.464478275E0,5.691316605E0,7.158962250E0,-4.728548527E0,1.029567853E1
4.466478941E0,5.691316605E0,7.158962250E0,-4.728548527E0,1.029567853E1
4.468478941E0,5.691316605E0,7.158962250E0,-4.728548527E0,1.029567853E1
4.470478074E0,5.691316605E0,7.158962250E0,-4.728548527E0,1.029567853E1
4.472478440E0,5.691316605E0,7.158962250E0,-4.728548527E0,1.029567853E1
4.474478406E0,5.691316605E0,7.158962250E0,-4.728548527E0,1.029567853E1
4.476478372E0,5.691316605E0,7.158962250E0,-4.728548527E0,1.029567853E1
4.478478338E0,5.691316605E0,7.158962250E0,-4.728548527E0,1.029567853E1
4.480478304E0,5.691316605E0,7.158962250E0,-4.728548527E0,1.029567853E1
4.482478270E0,4.592078686E0,6.526893139E0,-8.573935509E0,1.171323571E1
4.484479136E0,4.592078686E0,6.526893139E0,-8.573935509E0,1.171323571E1
4.486479102E0,4.592078686E0,6.526893139E0,-8.573935509E0,1.171323571E1
4.488479068E0,4.592078686E0,6.526893139E0,-8.573935509E0,1.171323571E1
4.490479601E0,4.592078686E0,6.526893139E0,-8.573935509E0,1.171323571E1
4.492479634E0,4.592078686E0,6.526893139E0,-8.573935509E0,1.171323571E1
4.494479667E0,4.592078686E0,6.526893139E0,-8.573935509E0,1.171323571E1
4.496479700E0,4.592078686E0,6.526893139E0,-8.573935509E0,1.171323571E1
4.498479733E0,4.592078686E0,6.526893139E0,-8.573935509E0,1.171323571E1
4.500479766E0,4.592078686E0,6.526893139E0,-8.573935509E0,1.171323571E1
4.502479799E0,5.325003624E0,7.046434879E0,-1.500266647E1,1.740942013E1
4.504479832E0,5.325003624E0,7.046434879E0,-1.500266647E1,1.740942013E1
4.506479832E0,5.325003624E0,7.046434879E0,-1.500266647E1,1.740942013E1
4.508479798E0,5.325003624E0,7.046434879E0,-1.500266647E1,1.740942013E1
4.510478898E0,5.325003624E0,7.046434879E0,-1.500266647E1,1.740942013E1
4.512478864E0,5.325003624E0,7.046434879E0,-1.500266647E1,1.740942013E1
4.514479197E0,5.325003624E0,7.046434879E0,-1.500266647E1,1.740942013E1
4.516479163E0,5.325003624E0,7.046434879E0,-1.500266647E1,1.740942013E1
4.518479129E0,5.325003624E0,7.046434879E0,-1.500266647E1,1.740942013E1
4.520479129E0,5.325003624E0,7.046434879E0,-1.500266647E1,1.740942013E1
4.522479129E0,5.803843975E0,8.303390503E0,-2.134011841E1,2.362269147E1
4.524479162E0,5.803843975E0,8.303390503E0,-2.134011841E1,2.362269147E1
4.526478528E0,5.803843975E0,8.303390503E0,-2.134011841E1,2.362269147E1
4.528478561E0,5.803843975E0,8.303390503E0,-2.134011841E1,2.362269147E1
4.530479461E0,5.803843975E0,8.303390503E0,-2.134011841E1,2.362269147E1
4.532479494E0,5.803843975E0,8.303390503E0,-2.134011841E1,2.362269147E1
4.534479527E0,5.803843975E0,8.303390503E0,-2.134011841E1,2.362269147E1
4.536479560E0,5.803843975E0,8.303390503E0,-2.134011841E1,2.362269147E1
4.538479560E0,5.803843975E0,8.303390503E0,-2.134011841E1,2.362269147E1
4.540479560E0,5.803843975E0,8.303390503E0,-2.134011841E1,2.362269147E1
4.542479560E0,6.218040943E0,8.708010674E0,-2.279339790E1,2.518000141E1
4.544479560E0,6.218040943E0,8.708010674E0,-2.279339790E1,2.518000141E1
4.546479560E0,6.218040943E0,8.708010674E0,-2.279339790E1,2.518000141E1
4.548479560E0,6.218040943E0,8.708010674E0,-2.279339790E1,2.518000141E1
4.550478693E0,6.218040943E0,8.708010674E0,-2.279339790E1,2.518000141E1
4.552477793E0,6.218040943E0,8.708010674E0,-2.279339790E1,2.518000141E1
4.554477759E0,6.218040943E0,8.708010674E0,-2.279339790E1,2.518000141E1
4.556477725E0,6.218040943E0,8.708010674E0,-2.279339790E1,2.518000141E1
4.558477691E0,6.218040943E0,8.708010674E0,-2.279339790E1,2.518000141E1
4.560477657E0,6.218040943E0,8.708010674E0,-2.279339790E1,2.518000141E1
4.562477623E0,5.973832607E0,7.817368031E0,-1.826356888E1,2.074502030E1
4.564477589E0,5.973832607E0,7.817368031E0,-1.826356888E1,2.074502030E1
4.566477555E0,5.973832607E0,7.817368031E0,-1.826356888E1,2.074502030E1
4.568477555E0,5.973832607E0,7.817368031E0,-1.826356888E1,2.074502030E1
4.570478455E0,5.973832607E0,7.817368031E0,-1.826356888E1,2.074502030E1
4.572478488E0,5.973832607E0,7.817368031E0,-1.826356888E1,2.074502030E1
4.574478154E0,5.973832607E0,7.817368031E0,-1.826356888E1,2.074502030E1
4.576478187E0,5.973832607E0,7.817368031E0,-1.826356888E1,2.074502030E1
4.578478220E0,5.973832607E0,7.817368031E0,-1.826356888E1,2.074502030E1
4.580478253E0,5.973832607E0,7.817368031E0,-1.826356888E1,2.074502030E1
4.582478286E0,5.487809658E0,7.182904243E0,-1.251239777E1,1.543600551E1
4.584478286E0,5.487809658E0,7.182904243E0,-1.251239777E1,1.543600551E1
4.586478252E0,5.487809658E0,7.182904243E0,-1.251239777E1,1.543600551E1
4.588478218E0,5.487809658E0,7.182904243E0,-1.251239777E1,1.543600551E1
4.590478184E0,5.487809658E0,7.182904243E0,-1.251239777E1,1.543600551E1
4.592478150E0,5.487809658E0,7.182904243E0,-1.251239777E1,1.543600551E1
4.594478116E0,5.487809658E0,7.182904243E0,-1.251239777E1,1.543600551E1
4.596478082E0,5.487809658E0,7.182904243E0,-1.251239777E1,1.543600551E1
4.598478082E0,5.487809658E0,7.182904243E0,-1.251239777E1,1.543600551E1
4.600478082E0,5.487809658E0,7.182904243E0,-1.251239777E1,1.543600551E1
4.602477715E0,6.311414719E0,6.957849503E0,-8.248324394E0,1.250121917E1
4.604477748E0,6.311414719E0,6.957849503E0,-8.248324394E0,1.250121917E1
4.606478281E0,6.311414719E0,6.957849503E0,-8.248324394E0,1.250121917E1
4.608478314E0,6.311414719E0,6.957849503E0,-8.248324394E0,1.250121917E1
4.610479214E0,6.311414719E0,6.957849503E0,-8.248324394E0,1.250121917E1
4.612480114E0,6.311414719E0,6.957849503E0,-8.248324394E0,1.250121917E1
4.614480147E0,6.311414719E0,6.957849503E0,-8.248324394E0,1.250121917E1
4.616480180E0,6.311414719E0,6.957849503E0,-8.248324394E0,1.250121917E1
4.618480180E0,6.311414719E0,6.957849503E0,-8.248324394E0,1.250121917E1
4.620480180E0,6.311414719E0,6.957849503E0,-8.248324394E0,1.250121917E1
4.622480180E0,6.775889874E0,6.488585949E0,-4.740519524E0,1.051127759E1
4.624479780E0,6.775889874E0,6.488585949E0,-4.740519524E0,1.051127759E1
4.626479780E0,6.775889874E0,6.488585949E0,-4.740519524E0,1.051127759E1
4.628479780E0,6.775889874E0,6.488585949E0,-4.740519524E0,1.051127759E1
4.630479246E0,6.775889874E0,6.488585949E0,-4.740519524E0,1.051127759E1
4.632479212E0,6.775889874E0,6.488585949E0,-4.740519524E0,1.051127759E1
4.634479178E0,6.775889874E0,6.488585949E0,-4.740519524E0,1.051127759E1
4.636479144E0,6.775889874E0,6.488585949E0,-4.740519524E0,1.051127759E1
4.638479110E0,6.775889874E0,6.488585949E0,-4.740519524E0,1.051127759E1
4.640479076E0,6.775889874E0,6.488585949E0,-4.740519524E0,1.051127759E1
4.642479042E0,6.031293392E0,5.387253284E0,-1.233013868E0,8.180423041E0
4.644479008E0,6.031293392E0,5.387253284E0,-1.233013868E0,8.180423041E0
4.646479008E0,6.031293392E0,5.387253284E0,-1.233013868E0,8.180423041E0
4.648479041E0,6.031293392E0,5.387253284E0,-1.233013868E0,8.180423041E0
4.650479074E0,6.031293392E0,5.387253284E0,-1.233013868E0,8.180423041E0
4.652479107E0,6.031293392E0,5.387253284E0,-1.233013868E0,8.180423041E0
4.654479140E0,6.031293392E0,5.387253284E0,-1.233013868E0,8.180423041E0
4.656479173E0,6.031293392E0,5.387253284E0,-1.233013868E0,8.180423041E0
4.658479206E0,6.031293392E0,5.387253284E0,-1.233013868E0,8.180423041E0
4.660479239E0,6.031293392E0,5.387253284E0,-1.233013868E0,8.180423041E0
4.662479639E0,4.278438568E0,3.971980572E0,2.504334927E0,6.352429430E0
4.664479605E0,4.278438568E0,3.971980572E0,2.504334927E0,6.352429430E0
4.666479071E0,4.278438568E0,3.971980572E0,2.504334927E0,6.352429430E0
4.668479037E0,4.278438568E0,3.971980572E0,2.504334927E0,6.352429430E0
4.670478137E0,4.278438568E0,3.971980572E0,2.504334927E0,6.352429430E0
4.672478103E0,4.278438568E0,3.971980572E0,2.504334927E0,6.352429430E0
4.674478069E0,4.278438568E0,3.971980572E0,2.504334927E0,6.352429430E0
4.676478035E0,4.278438568E0,3.971980572E0,2.504334927E0,6.352429430E0
4.678478035E0,4.278438568E0,3.971980572E0,2.504334927E0,6.352429430E0
4.680478068E0,4.278438568E0,3.971980572E0,2.504334927E0,6.352429430E0
4.682478101E0,3.043030262E0,3.126827478E0,5.351340294E0,6.904630779E0
4.684478534E0,3.043030262E0,3.126827478E0,5.351340294E0,6.904630779E0
4.686478567E0,3.043030262E0,3.126827478E0,5.351340294E0,6.904630779E0
4.688478600E0,3.043030262E0,3.126827478E0,5.351340294E0,6.904630779E0
4.690479133E0,3.043030262E0,3.126827478E0,5.351340294E0,6.904630779E0
4.692479166E0,3.043030262E0,3.126827478E0,5.351340294E0,6.904630779E0
4.694479199E0,3.043030262E0,3.126827478E0,5.351340294E0,6.904630779E0
4.696479199E0,3.043030262E0,3.126827478E0,5.351340294E0,6.904630779E0
4.698479199E0,3.043030262E0,3.126827478E0,5.351340294E0,6.904630779E0
4.700479199E0,3.043030262E0,3.126827478E0,5.351340294E0,6.904630779E0
4.702478365E0,2.377442360E0,1.821987510E0,8.370428085E0,8.890215801E0
4.704478365E0,2.377442360E0,1.821987510E0,8.370428085E0,8.890215801E0
4.706478365E0,2.377442360E0,1.821987510E0,8.370428085E0,8.890215801E0
4.708478331E0,2.377442360E0,1.821987510E0,8.370428085E0,8.890215801E0
4.710477431E0,2.377442360E0,1.821987510E0,8.370428085E0,8.890215801E0
4.712477397E0,2.377442360E0,1.821987510E0,8.370428085E0,8.890215801E0
4.714477530E0,2.377442360E0,1.821987510E0,8.370428085E0,8.890215801E0
4.716477496E0,2.377442360E0,1.821987510E0,8.370428085E0,8.890215801E0
4.718477462E0,2.377442360E0,1.821987510E0,8.370428085E0,8.890215801E0
4.720477428E0,2.377442360E0,1.821987510E0,8.370428085E0,8.890215801E0
4.722477394E0,9.720458984E-1,1.819593310E-1,1.345092487E1,1.348722960E1
4.724476527E0,9.720458984E-1,1.819593310E-1,1.345092487E1,1.348722960E1
4.726476560E0,9.720458984E-1,1.819593310E-1,1.345092487E1,1.348722960E1
4.728476593E0,9.720458984E-1,1.819593310E-1,1.345092487E1,1.348722960E1
4.730477493E0,9.720458984E-1,1.819593310E-1,1.345092487E1,1.348722960E1
4.732477526E0,9.720458984E-1,1.819593310E-1,1.345092487E1,1.348722960E1
4.734477559E0,9.720458984E-1,1.819593310E-1,1.345092487E1,1.348722960E1
4.736477592E0,9.720458984E-1,1.819593310E-1,1.345092487E1,1.348722960E1
4.738477625E0,9.720458984E-1,1.819593310E-1,1.345092487E1,1.348722960E1
4.740477625E0,9.720458984E-1,1.819593310E-1,1.345092487E1,1.348722960E1
4.742477625E0,-2.037465572E0,-7.924807668E-1,1.917097092E1,1.929521748E1
4.744477591E0,-2.037465572E0,-7.924807668E-1,1.917097092E1,1.929521748E1
4.746477557E0,-2.037465572E0,-7.924807668E-1,1.917097092E1,1.929521748E1
4.748477523E0,-2.037465572E0,-7.924807668E-1,1.917097092E1,1.929521748E1
4.750476623E0,-2.037465572E0,-7.924807668E-1,1.917097092E1,1.929521748E1
4.752475723E0,-2.037465572E0,-7.924807668E-1,1.917097092E1,1.929521748E1
4.754475689E0,-2.037465572E0,-7.924807668E-1,1.917097092E1,1.929521748E1
4.756475689E0,-2.037465572E0,-7.924807668E-1,1.917097092E1,1.929521748E1
4.758475722E0,-2.037465572E0,-7.924807668E-1,1.917097092E1,1.929521748E1
4.760475755E0,-4.352658749E0,-7.829039693E-1,2.231216431E1,2.274623602E1
4.762476621E0,-4.352658749E0,-7.829039693E-1,2.231216431E1,2.274623602E1
4.764476654E0,-4.352658749E0,-7.829039693E-1,2.231216431E1,2.274623602E1
4.766476687E0,-4.352658749E0,-7.829039693E-1,2.231216431E1,2.274623602E1
4.768476720E0,-4.352658749E0,-7.829039693E-1,2.231216431E1,2.274623602E1
4.770477620E0,-4.352658749E0,-7.829039693E-1,2.231216431E1,2.274623602E1
4.772477653E0,-4.352658749E0,-7.829039693E-1,2.231216431E1,2.274623602E1
4.774477486E0,-4.352658749E0,-7.829039693E-1,2.231216431E1,2.274623602E1
4.776477486E0,-4.352658749E0,-7.829039693E-1,2.231216431E1,2.274623602E1
4.778477486E0,-4.352658749E0,-7.829039693E-1,2.231216431E1,2.274623602E1
4.780477486E0,-5.150227070E0,-7.326257229E-1,2.182614136E1,2.243751381E1
4.782477486E0,-5.150227070E0,-7.326257229E-1,2.182614136E1,2.243751381E1
4.784477952E0,-5.150227070E0,-7.326257229E-1,2.182614136E1,2.243751381E1
4.786477918E0,-5.150227070E0,-7.326257229E-1,2.182614136E1,2.243751381E1
4.788477884E0,-5.150227070E0,-7.326257229E-1,2.182614136E1,2.243751381E1
4.790477850E0,-5.150227070E0,-7.326257229E-1,2.182614136E1,2.243751381E1
4.792477816E0,-5.150227070E0,-7.326257229E-1,2.182614136E1,2.243751381E1
4.794477782E0,-5.150227070E0,-7.326257229E-1,2.182614136E1,2.243751381E1
4.796477148E0,-5.150227070E0,-7.326257229E-1,2.182614136E1,2.243751381E1
4.798477114E0,-5.150227070E0,-7.326257229E-1,2.182614136E1,2.243751381E1
4.800477080E0,-5.581183434E0,-3.974374831E-1,1.837370300E1,1.920678336E1
4.802477046E0,-5.581183434E0,-3.974374831E-1,1.837370300E1,1.920678336E1
4.804477079E0,-5.581183434E0,-3.974374831E-1,1.837370300E1,1.920678336E1
4.806477112E0,-5.581183434E0,-3.974374831E-1,1.837370300E1,1.920678336E1
4.808477145E0,-5.581183434E0,-3.974374831E-1,1.837370300E1,1.920678336E1
4.810478045E0,-5.581183434E0,-3.974374831E-1,1.837370300E1,1.920678336E1
4.812478945E0,-5.581183434E0,-3.974374831E-1,1.837370300E1,1.920678336E1
4.814478978E0,-5.581183434E0,-3.974374831E-1,1.837370300E1,1.920678336E1
4.816479011E0,-5.581183434E0,-3.974374831E-1,1.837370300E1,1.920678336E1
4.818479011E0,-5.581183434E0,-3.974374831E-1,1.837370300E1,1.920678336E1
4.820479777E0,-5.447108269E0,4.429273009E-1,1.444930649E1,1.544828894E1
4.822479743E0,-5.447108269E0,4.429273009E-1,1.444930649E1,1.544828894E1
4.824479709E0,-5.447108269E0,4.429273009E-1,1.444930649E1,1.544828894E1
4.826479675E0,-5.447108269E0,4.429273009E-1,1.444930649E1,1.544828894E1
4.828479641E0,-5.447108269E0,4.429273009E-1,1.444930649E1,1.544828894E1
4.830479107E0,-5.447108269E0,4.429273009E-1,1.444930649E1,1.544828894E1
4.832479073E0,-5.447108269E0,4.429273009E-1,1.444930649E1,1.544828894E1
4.834479073E0,-5.447108269E0,4.429273009E-1,1.444930649E1,1.544828894E1
4.836479106E0,-5.447108269E0,4.429273009E-1,1.444930649E1,1.544828894E1
4.838479139E0,-5.447108269E0,4.429273009E-1,1.444930649E1,1.544828894E1
4.840479172E0,-5.013757706E0,1.046266198E0,1.337670422E1,1.432370954E1
4.842479205E0,-5.013757706E0,1.046266198E0,1.337670422E1,1.432370954E1
4.844479638E0,-5.013757706E0,1.046266198E0,1.337670422E1,1.432370954E1
4.846479671E0,-5.013757706E0,1.046266198E0,1.337670422E1,1.432370954E1
4.848479704E0,-5.013757706E0,1.046266198E0,1.337670422E1,1.432370954E1
4.850479737E0,-5.013757706E0,1.046266198E0,1.337670422E1,1.432370954E1
4.852479737E0,-5.013757706E0,1.046266198E0,1.337670422E1,1.432370954E1
4.854479737E0,-5.013757706E0,1.046266198E0,1.337670422E1,1.432370954E1
4.856480337E0,-5.013757706E0,1.046266198E0,1.337670422E1,1.432370954E1
4.858480337E0,-5.013757706E0,1.046266198E0,1.337670422E1,1.432370954E1
4.860480337E0,-4.467580318E0,1.448492050E0,1.286434460E1,1.369484447E1
4.862480337E0,-4.467580318E0,1.448492050E0,1.286434460E1,1.369484447E1
4.864480303E0,-4.467580318E0,1.448492050E0,1.286434460E1,1.369484447E1
4.866480269E0,-4.467580318E0,1.448492050E0,1.286434460E1,1.369484447E1
4.868480235E0,-4.467580318E0,1.448492050E0,1.286434460E1,1.369484447E1
4.870479335E0,-4.467580318E0,1.448492050E0,1.286434460E1,1.369484447E1
4.872479301E0,-4.467580318E0,1.448492050E0,1.286434460E1,1.369484447E1
4.874479267E0,-4.467580318E0,1.448492050E0,1.286434460E1,1.369484447E1
4.876479233E0,-4.467580318E0,1.448492050E0,1.286434460E1,1.369484447E1
4.878479199E0,-4.467580318E0,1.448492050E0,1.286434460E1,1.369484447E1
4.880478399E0,-3.236960649E0,1.932120800E0,1.193300056E1,1.251429213E1
4.882478432E0,-3.236960649E0,1.932120800E0,1.193300056E1,1.251429213E1
4.884478465E0,-3.236960649E0,1.932120800E0,1.193300056E1,1.251429213E1
4.886478498E0,-3.236960649E0,1.932120800E0,1.193300056E1,1.251429213E1
4.888478531E0,-3.236960649E0,1.932120800E0,1.193300056E1,1.251429213E1
4.890479064E0,-3.236960649E0,1.932120800E0,1.193300056E1,1.251429213E1
4.892479097E0,-3.236960649E0,1.932120800E0,1.193300056E1,1.251429213E1
4.894478830E0,-3.236960649E0,1.932120800E0,1.193300056E1,1.251429213E1
4.896478830E0,-3.236960649E0,1.932120800E0,1.193300056E1,1.251429213E1
4.898478796E0,-3.236960649E0,1.932120800E0,1.193300056E1,1.251429213E1
4.900478762E0,-1.996764183E0,2.585737944E0,1.059224796E1,1.108462110E1
4.902478728E0,-1.996764183E0,2.585737944E0,1.059224796E1,1.108462110E1
4.904478694E0,-1.996764183E0,2.585737944E0,1.059224796E1,1.108462110E1
4.906478660E0,-1.996764183E0,2.585737944E0,1.059224796E1,1.108462110E1
4.908478626E0,-1.996764183E0,2.585737944E0,1.059224796E1,1.108462110E1
4.910477726E0,-1.996764183E0,2.585737944E0,1.059224796E1,1.108462110E1
4.912476826E0,-1.996764183E0,2.585737944E0,1.059224796E1,1.108462110E1
4.914476859E0,-1.996764183E0,2.585737944E0,1.059224796E1,1.108462110E1
4.916476892E0,-1.996764183E0,2.585737944E0,1.059224796E1,1.108462110E1
4.918476925E0,-1.996764183E0,2.585737944E0,1.059224796E1,1.108462110E1
4.920476958E0,-6.823474765E-1,3.500322819E0,9.057564735E0,9.734338028E0
4.922476991E0,-6.823474765E-1,3.500322819E0,9.057564735E0,9.734338028E0
4.924477024E0,-6.823474765E-1,3.500322819E0,9.057564735E0,9.734338028E0
4.926477057E0,-6.823474765E-1,3.500322819E0,9.057564735E0,9.734338028E0
4.928477090E0,-6.823474765E-1,3.500322819E0,9.057564735E0,9.734338028E0
4.930477956E0,-6.823474765E-1,3.500322819E0,9.057564735E0,9.734338028E0
4.932477956E0,-6.823474765E-1,3.500322819E0,9.057564735E0,9.734338028E0
4.934477956E0,-6.823474765E-1,3.500322819E0,9.057564735E0,9.734338028E0
4.936477956E0,-6.823474765E-1,3.500322819E0,9.057564735E0,9.734338028E0
4.938477956E0,-6.823474765E-1,3.500322819E0,9.057564735E0,9.734338028E0
4.940477956E0,4.788403511E-1,4.355052948E0,7.362469673E0,8.567481191E0
4.942477922E0,4.788403511E-1,4.355052948E0,7.362469673E0,8.567481191E0
4.944477888E0,4.788403511E-1,4.355052948E0,7.362469673E0,8.567481191E0
4.946477854E0,4.788403511E-1,4.355052948E0,7.362469673E0,8.567481191E0
4.948477820E0,4.788403511E-1,4.355052948E0,7.362469673E0,8.567481191E0
4.950476920E0,4.788403511E-1,4.355052948E0,7.362469673E0,8.567481191E0
4.952476020E0,4.788403511E-1,4.355052948E0,7.362469673E0,8.567481191E0
4.954476286E0,4.788403511E-1,4.355052948E0,7.362469673E0,8.567481191E0
4.956476252E0,4.788403511E-1,4.355052948E0,7.362469673E0,8.567481191E0
4.958476252E0,4.788403511E-1,4.355052948E0,7.362469673E0,8.567481191E0
4.960476285E0,1.776497602E0,5.617096424E0,5.571606636E0,8.108669217E0
4.962476851E0,1.776497602E0,5.617096424E0,5.571606636E0,8.108669217E0
4.964476884E0,1.776497602E0,5.617096424E0,5.571606636E0,8.108669217E0
4.966476917E0,1.776497602E0,5.617096424E0,5.571606636E0,8.108669217E0
4.968476950E0,1.776497602E0,5.617096424E0,5.571606636E0,8.108669217E0
4.970477850E0,1.776497602E0,5.617096424E0,5.571606636E0,8.108669217E0
4.972478783E0,1.776497602E0,5.617096424E0,5.571606636E0,8.108669217E0
4.974478783E0,1.776497602E0,5.617096424E0,5.571606636E0,8.108669217E0
4.976478749E0,1.776497602E0,5.617096424E0,5.571606636E0,8.108669217E0
4.978478715E0,1.776497602E0,5.617096424E0,5.571606636E0,8.108669217E0
4.980479081E0,2.379836559E0,6.522104740E0,4.017470360E0,8.021317871E0
4.982479047E0,2.379836559E0,6.522104740E0,4.017470360E0,8.021317871E0
4.984479013E0,2.379836559E0,6.522104740E0,4.017470360E0,8.021317871E0
4.986478979E0,2.379836559E0,6.522104740E0,4.017470360E0,8.021317871E0
4.988478945E0,2.379836559E0,6.522104740E0,4.017470360E0,8.021317871E0
4.990479411E0,2.379836559E0,6.522104740E0,4.017470360E0,8.021317871E0
4.992479444E0,2.379836559E0,6.522104740E0,4.017470360E0,8.021317871E0
4.994479477E0,2.379836559E0,6.522104740E0,4.017470360E0,8.021317871E0
4.996479510E0,2.379836559E0,6.522104740E0,4.017470360E0,8.021317871E0
4.998479543E0,2.379836559E0,6.522104740E0,4.017470360E0,8.021317871E0
5.000479576E0,3.519476414E0,7.678503990E0,1.824381709E0,8.641441221E0
5.002479609E0,3.519476414E0,7.678503990E0,1.824381709E0,8.641441221E0
5.004479642E0,3.519476414E0,7.678503990E0,1.824381709E0,8.641441221E0
5.006479675E0,3.519476414E0,7.678503990E0,1.824381709E0,8.641441221E0
5.008479675E0,3.519476414E0,7.678503990E0,1.824381709E0,8.641441221E0
5.010480541E0,3.519476414E0,7.678503990E0,1.824381709E0,8.641441221E0
5.012481407E0,3.519476414E0,7.678503990E0,1.824381709E0,8.641441221E0
5.014481407E0,3.519476414E0,7.678503990E0,1.824381709E0,8.641441221E0
5.016481407E0,3.519476414E0,7.678503990E0,1.824381709E0,8.641441221E0
5.018481407E0,3.519476414E0,7.678503990E0,1.824381709E0,8.641441221E0
5.020481773E0,4.209006786E0,8.954613686E0,-9.816227108E-2,9.894972472E0
5.022481206E0,4.209006786E0,8.954613686E0,-9.816227108E-2,9.894972472E0
5.024481172E0,4.209006786E0,8.954613686E0,-9.816227108E-2,9.894972472E0
5.026481138E0,4.209006786E0,8.954613686E0,-9.816227108E-2,9.894972472E0
5.028481104E0,4.209006786E0,8.954613686E0,-9.816227108E-2,9.894972472E0
5.030480637E0,4.209006786E0,8.954613686E0,-9.816227108E-2,9.894972472E0
5.032481103E0,4.209006786E0,8.954613686E0,-9.816227108E-2,9.894972472E0
5.034481069E0,4.209006786E0,8.954613686E0,-9.816227108E-2,9.894972472E0
5.036481069E0,4.209006786E0,8.954613686E0,-9.816227108E-2,9.894972472E0
5.038481102E0,4.752490520E0,9.967360497E0,-2.375048161E0,1.129492343E1
5.040480735E0,4.752490520E0,9.967360497E0,-2.375048161E0,1.129492343E1
5.042480768E0,4.752490520E0,9.967360497E0,-2.375048161E0,1.129492343E1
5.044480801E0,4.752490520E0,9.967360497E0,-2.375048161E0,1.129492343E1
5.046480834E0,4.752490520E0,9.967360497E0,-2.375048161E0,1.129492343E1
5.048480867E0,4.752490520E0,9.967360497E0,-2.375048161E0,1.129492343E1
5.050480433E0,4.752490520E0,9.967360497E0,-2.375048161E0,1.129492343E1
5.052480433E0,4.752490520E0,9.967360497E0,-2.375048161E0,1.129492343E1
5.054480399E0,4.752490520E0,9.967360497E0,-2.375048161E0,1.129492343E1
5.056480365E0,4.752490520E0,9.967360497E0,-2.375048161E0,1.129492343E1
5.058480331E0,4.517858505E0,1.064252567E1,-3.335123062E0,1.203318096E1
5.060480297E0,4.517858505E0,1.064252567E1,-3.335123062E0,1.203318096E1
5.062480263E0,4.517858505E0,1.064252567E1,-3.335123062E0,1.203318096E1
5.064480229E0,4.517858505E0,1.064252567E1,-3.335123062E0,1.203318096E1
5.066480195E0,4.517858505E0,1.064252567E1,-3.335123062E0,1.203318096E1
5.068479895E0,4.517858505E0,1.064252567E1,-3.335123062E0,1.203318096E1
5.070479028E0,4.517858505E0,1.064252567E1,-3.335123062E0,1.203318096E1
5.072479028E0,4.517858505E0,1.064252567E1,-3.335123062E0,1.203318096E1
5.074479028E0,4.517858505E0,1.064252567E1,-3.335123062E0,1.203318096E1
5.076479028E0,4.517858505E0,1.064252567E1,-3.335123062E0,1.203318096E1
5.078479028E0,4.999392509E0,1.099207973E1,-3.057395458E0,1.245662110E1
5.080478628E0,4.999392509E0,1.099207973E1,-3.057395458E0,1.245662110E1
5.082478628E0,4.999392509E0,1.099207973E1,-3.057395458E0,1.245662110E1
5.084478628E0,4.999392509E0,1.099207973E1,-3.057395458E0,1.245662110E1
5.086478661E0,4.999392509E0,1.099207973E1,-3.057395458E0,1.245662110E1
5.088478794E0,4.999392509E0,1.099207973E1,-3.057395458E0,1.245662110E1
5.090479260E0,4.999392509E0,1.099207973E1,-3.057395458E0,1.245662110E1
5.092478793E0,4.999392509E0,1.099207973E1,-3.057395458E0,1.245662110E1
5.094478826E0,4.999392509E0,1.099207973E1,-3.057395458E0,1.245662110E1
5.096478859E0,4.999392509E0,1.099207973E1,-3.057395458E0,1.245662110E1
5.098478859E0,5.518934250E0,1.125544167E1,-3.126827478E0,1.291977757E1
5.100478859E0,5.518934250E0,1.125544167E1,-3.126827478E0,1.291977757E1
5.102478825E0,5.518934250E0,1.125544167E1,-3.126827478E0,1.291977757E1
5.104478791E0,5.518934250E0,1.125544167E1,-3.126827478E0,1.291977757E1
5.106478757E0,5.518934250E0,1.125544167E1,-3.126827478E0,1.291977757E1
5.108478723E0,5.518934250E0,1.125544167E1,-3.126827478E0,1.291977757E1
5.110477823E0,5.518934250E0,1.125544167E1,-3.126827478E0,1.291977757E1
5.112477789E0,5.518934250E0,1.125544167E1,-3.126827478E0,1.291977757E1
5.114477789E0,5.518934250E0,1.125544167E1,-3.126827478E0,1.291977757E1
5.116477789E0,5.518934250E0,1.125544167E1,-3.126827478E0,1.291977757E1
5.118477822E0,5.162198067E0,1.153077507E1,-4.288015366E0,1.334144439E1
5.120477855E0,5.162198067E0,1.153077507E1,-4.288015366E0,1.334144439E1
5.122477488E0,5.162198067E0,1.153077507E1,-4.288015366E0,1.334144439E1
5.124477521E0,5.162198067E0,1.153077507E1,-4.288015366E0,1.334144439E1
5.126477554E0,5.162198067E0,1.153077507E1,-4.288015366E0,1.334144439E1
5.128477887E0,5.162198067E0,1.153077507E1,-4.288015366E0,1.334144439E1
5.130478787E0,5.162198067E0,1.153077507E1,-4.288015366E0,1.334144439E1
5.132478787E0,5.162198067E0,1.153077507E1,-4.288015366E0,1.334144439E1
5.134478787E0,5.162198067E0,1.153077507E1,-4.288015366E0,1.334144439E1
5.136478787E0,5.162198067E0,1.153077507E1,-4.288015366E0,1.334144439E1
5.138478787E0,4.769249916E0,1.166245556E1,-7.290643215E0,1.455720072E1
5.140478787E0,4.769249916E0,1.166245556E1,-7.290643215E0,1.455720072E1
5.142478787E0,4.769249916E0,1.166245556E1,-7.290643215E0,1.455720072E1
5.144478787E0,4.769249916E0,1.166245556E1,-7.290643215E0,1.455720072E1
5.146478753E0,4.769249916E0,1.166245556E1,-7.290643215E0,1.455720072E1
5.148478619E0,4.769249916E0,1.166245556E1,-7.290643215E0,1.455720072E1
5.150477719E0,4.769249916E0,1.166245556E1,-7.290643215E0,1.455720072E1
5.152476819E0,4.769249916E0,1.166245556E1,-7.290643215E0,1.455720072E1
5.154476785E0,4.769249916E0,1.166245556E1,-7.290643215E0,1.455720072E1
5.156476751E0,4.769249916E0,1.166245556E1,-7.290643215E0,1.455720072E1
5.158476717E0,5.176563263E0,1.171991634E1,-1.121234608E1,1.702556756E1
5.160476683E0,5.176563263E0,1.171991634E1,-1.121234608E1,1.702556756E1
5.162476683E0,5.176563263E0,1.171991634E1,-1.121234608E1,1.702556756E1
5.164476716E0,5.176563263E0,1.171991634E1,-1.121234608E1,1.702556756E1
5.166476749E0,5.176563263E0,1.171991634E1,-1.121234608E1,1.702556756E1
5.168476782E0,5.176563263E0,1.171991634E1,-1.121234608E1,1.702556756E1
5.170477682E0,5.176563263E0,1.171991634E1,-1.121234608E1,1.702556756E1
5.172477715E0,5.176563263E0,1.171991634E1,-1.121234608E1,1.702556756E1
5.174477748E0,5.176563263E0,1.171991634E1,-1.121234608E1,1.702556756E1
5.176477781E0,5.176563263E0,1.171991634E1,-1.121234608E1,1.702556756E1
5.178477781E0,5.133467674E0,1.117403889E1,-1.197609615E1,1.716503756E1
5.180477747E0,5.133467674E0,1.117403889E1,-1.197609615E1,1.716503756E1
5.182478113E0,5.133467674E0,1.117403889E1,-1.197609615E1,1.716503756E1
5.184478079E0,5.133467674E0,1.117403889E1,-1.197609615E1,1.716503756E1
5.186478045E0,5.133467674E0,1.117403889E1,-1.197609615E1,1.716503756E1
5.188478011E0,5.133467674E0,1.117403889E1,-1.197609615E1,1.716503756E1
5.190477977E0,5.133467674E0,1.117403889E1,-1.197609615E1,1.716503756E1
5.192477977E0,5.133467674E0,1.117403889E1,-1.197609615E1,1.716503756E1
5.194477977E0,5.133467674E0,1.117403889E1,-1.197609615E1,1.716503756E1
5.196478010E0,5.133467674E0,1.117403889E1,-1.197609615E1,1.716503756E1
5.198478043E0,4.769249916E0,1.002242756E1,-1.016607952E1,1.505137774E1
5.200478076E0,4.769249916E0,1.002242756E1,-1.016607952E1,1.505137774E1
5.202478109E0,4.769249916E0,1.002242756E1,-1.016607952E1,1.505137774E1
5.204478142E0,4.769249916E0,1.002242756E1,-1.016607952E1,1.505137774E1
5.206478175E0,4.769249916E0,1.002242756E1,-1.016607952E1,1.505137774E1
5.208478208E0,4.769249916E0,1.002242756E1,-1.016607952E1,1.505137774E1
5.210479074E0,4.769249916E0,1.002242756E1,-1.016607952E1,1.505137774E1
5.212479940E0,4.769249916E0,1.002242756E1,-1.016607952E1,1.505137774E1
5.214479940E0,4.769249916E0,1.002242756E1,-1.016607952E1,1.505137774E1
5.216479940E0,4.769249916E0,1.002242756E1,-1.016607952E1,1.505137774E1
5.218479940E0,4.139574528E0,8.581118584E0,-7.419930458E0,1.207588678E1
5.220479940E0,4.139574528E0,8.581118584E0,-7.419930458E0,1.207588678E1
5.222479940E0,4.139574528E0,8.581118584E0,-7.419930458E0,1.207588678E1
5.224479906E0,4.139574528E0,8.581118584E0,-7.419930458E0,1.207588678E1
5.226479806E0,4.139574528E0,8.581118584E0,-7.419930458E0,1.207588678E1
5.228479772E0,4.139574528E0,8.581118584E0,-7.419930458E0,1.207588678E1
5.230479238E0,4.139574528E0,8.581118584E0,-7.419930458E0,1.207588678E1
5.232479204E0,4.139574528E0,8.581118584E0,-7.419930458E0,1.207588678E1
5.234479170E0,4.139574528E0,8.581118584E0,-7.419930458E0,1.207588678E1
5.236479136E0,4.139574528E0,8.581118584E0,-7.419930458E0,1.207588678E1
5.238479102E0,3.258508444E0,7.221211433E0,-4.814739704E0,9.270679062E0
5.240479102E0,3.258508444E0,7.221211433E0,-4.814739704E0,9.270679062E0
5.242479135E0,3.258508444E0,7.221211433E0,-4.814739704E0,9.270679062E0
5.244479168E0,3.258508444E0,7.221211433E0,-4.814739704E0,9.270679062E0
5.246478334E0,3.258508444E0,7.221211433E0,-4.814739704E0,9.270679062E0
5.248478367E0,3.258508444E0,7.221211433E0,-4.814739704E0,9.270679062E0
5.250478400E0,3.258508444E0,7.221211433E0,-4.814739704E0,9.270679062E0
5.252478433E0,3.258508444E0,7.221211433E0,-4.814739704E0,9.270679062E0
5.254478466E0,3.258508444E0,7.221211433E0,-4.814739704E0,9.270679062E0
5.256478466E0,3.258508444E0,7.221211433E0,-4.814739704E0,9.270679062E0
5.258478432E0,3.416525841E0,5.997774601E0,-2.087743998E0,7.211423159E0
5.260478398E0,3.416525841E0,5.997774601E0,-2.087743998E0,7.211423159E0
5.262478364E0,3.416525841E0,5.997774601E0,-2.087743998E0,7.211423159E0
5.264478330E0,3.416525841E0,5.997774601E0,-2.087743998E0,7.211423159E0
5.266478296E0,3.416525841E0,5.997774601E0,-2.087743998E0,7.211423159E0
5.268478262E0,3.416525841E0,5.997774601E0,-2.087743998E0,7.211423159E0
5.270477395E0,3.416525841E0,5.997774601E0,-2.087743998E0,7.211423159E0
5.272477395E0,3.416525841E0,5.997774601E0,-2.087743998E0,7.211423159E0
5.274477428E0,3.416525841E0,5.997774601E0,-2.087743998E0,7.211423159E0
5.276477461E0,3.416525841E0,5.997774601E0,-2.087743998E0,7.211423159E0
5.278477494E0,3.782838583E0,5.310638428E0,8.619125932E-2,6.520749741E0
5.280477527E0,3.782838583E0,5.310638428E0,8.619125932E-2,6.520749741E0
5.282477560E0,3.782838583E0,5.310638428E0,8.619125932E-2,6.520749741E0
5.284477593E0,3.782838583E0,5.310638428E0,8.619125932E-2,6.520749741E0
5.286477693E0,3.782838583E0,5.310638428E0,8.619125932E-2,6.520749741E0
5.288477693E0,3.782838583E0,5.310638428E0,8.619125932E-2,6.520749741E0
5.290478193E0,3.782838583E0,5.310638428E0,8.619125932E-2,6.520749741E0
5.292478193E0,3.782838583E0,5.310638428E0,8.619125932E-2,6.520749741E0
5.294478193E0,3.782838583E0,5.310638428E0,8.619125932E-2,6.520749741E0
5.296478193E0,3.782838583E0,5.310638428E0,8.619125932E-2,6.520749741E0
5.298478193E0,3.576937437E0,4.079719543E0,1.687912226E0,5.682221455E0
5.300478193E0,3.576937437E0,4.079719543E0,1.687912226E0,5.682221455E0
5.302478159E0,3.576937437E0,4.079719543E0,1.687912226E0,5.682221455E0
5.304478125E0,3.576937437E0,4.079719543E0,1.687912226E0,5.682221455E0
5.306478958E0,3.576937437E0,4.079719543E0,1.687912226E0,5.682221455E0
5.308478924E0,3.576937437E0,4.079719543E0,1.687912226E0,5.682221455E0
5.310478024E0,3.576937437E0,4.079719543E0,1.687912226E0,5.682221455E0
5.312477990E0,3.576937437E0,4.079719543E0,1.687912226E0,5.682221455E0
5.314477956E0,3.576937437E0,4.079719543E0,1.687912226E0,5.682221455E0
5.316477922E0,2.298433542E0,2.449268341E0,5.171774864E0,6.166763122E0
5.318477922E0,2.298433542E0,2.449268341E0,5.171774864E0,6.166763122E0
5.320477955E0,2.298433542E0,2.449268341E0,5.171774864E0,6.166763122E0
5.322477988E0,2.298433542E0,2.449268341E0,5.171774864E0,6.166763122E0
5.324478021E0,2.298433542E0,2.449268341E0,5.171774864E0,6.166763122E0
5.326478054E0,2.298433542E0,2.449268341E0,5.171774864E0,6.166763122E0
5.328478087E0,2.298433542E0,2.449268341E0,5.171774864E0,6.166763122E0
5.330479653E0,2.298433542E0,2.449268341E0,5.171774864E0,6.166763122E0
5.332479686E0,2.298433542E0,2.449268341E0,5.171774864E0,6.166763122E0
5.334479686E0,2.298433542E0,2.449268341E0,5.171774864E0,6.166763122E0
5.336479652E0,7.086837292E-1,1.438915253E0,1.046056652E1,1.058282390E1
5.338480752E0,7.086837292E-1,1.438915253E0,1.046056652E1,1.058282390E1
5.340480718E0,7.086837292E-1,1.438915253E0,1.046056652E1,1.058282390E1
5.342480684E0,7.086837292E-1,1.438915253E0,1.046056652E1,1.058282390E1
5.344480650E0,7.086837292E-1,1.438915253E0,1.046056652E1,1.058282390E1
5.346480616E0,7.086837292E-1,1.438915253E0,1.046056652E1,1.058282390E1
5.348480616E0,7.086837292E-1,1.438915253E0,1.046056652E1,1.058282390E1
5.350479749E0,7.086837292E-1,1.438915253E0,1.046056652E1,1.058282390E1
5.352478915E0,7.086837292E-1,1.438915253E0,1.046056652E1,1.058282390E1
5.354478948E0,7.086837292E-1,1.438915253E0,1.046056652E1,1.058282390E1
5.356478981E0,-2.178723514E-1,8.451532125E-1,1.713111115E1,1.715332975E1
5.358479014E0,-2.178723514E-1,8.451532125E-1,1.713111115E1,1.715332975E1
5.360479047E0,-2.178723514E-1,8.451532125E-1,1.713111115E1,1.715332975E1
5.362479080E0,-2.178723514E-1,8.451532125E-1,1.713111115E1,1.715332975E1
5.364479113E0,-2.178723514E-1,8.451532125E-1,1.713111115E1,1.715332975E1
5.366479146E0,-2.178723514E-1,8.451532125E-1,1.713111115E1,1.715332975E1
5.368479146E0,-2.178723514E-1,8.451532125E-1,1.713111115E1,1.715332975E1
5.370480012E0,-2.178723514E-1,8.451532125E-1,1.713111115E1,1.715332975E1
5.372480012E0,-2.178723514E-1,8.451532125E-1,1.713111115E1,1.715332975E1
5.374480012E0,-2.178723514E-1,8.451532125E-1,1.713111115E1,1.715332975E1
5.376480012E0,-1.395819545E0,-1.364694983E-1,2.336082458E1,2.340288575E1
5.378480012E0,-1.395819545E0,-1.364694983E-1,2.336082458E1,2.340288575E1
5.380479978E0,-1.395819545E0,-1.364694983E-1,2.336082458E1,2.340288575E1
5.382479944E0,-1.395819545E0,-1.364694983E-1,2.336082458E1,2.340288575E1
5.384479910E0,-1.395819545E0,-1.364694983E-1,2.336082458E1,2.340288575E1
5.386479876E0,-1.395819545E0,-1.364694983E-1,2.336082458E1,2.340288575E1
5.388479842E0,-1.395819545E0,-1.364694983E-1,2.336082458E1,2.340288575E1
5.390479142E0,-1.395819545E0,-1.364694983E-1,2.336082458E1,2.340288575E1
5.392479108E0,-1.395819545E0,-1.364694983E-1,2.336082458E1,2.340288575E1
5.394479074E0,-1.395819545E0,-1.364694983E-1,2.336082458E1,2.340288575E1
5.396479074E0,-2.992752075E0,-1.261744261E0,2.604741859E1,2.624912530E1
5.398477974E0,-2.992752075E0,-1.261744261E0,2.604741859E1,2.624912530E1
5.400478007E0,-2.992752075E0,-1.261744261E0,2.604741859E1,2.624912530E1
5.402478040E0,-2.992752075E0,-1.261744261E0,2.604741859E1,2.624912530E1
5.404478073E0,-2.992752075E0,-1.261744261E0,2.604741859E1,2.624912530E1
5.406478106E0,-2.992752075E0,-1.261744261E0,2.604741859E1,2.624912530E1
5.408478139E0,-2.992752075E0,-1.261744261E0,2.604741859E1,2.624912530E1
5.410479039E0,-2.992752075E0,-1.261744261E0,2.604741859E1,2.624912530E1
5.412479905E0,-2.992752075E0,-1.261744261E0,2.604741859E1,2.624912530E1
5.414479871E0,-2.992752075E0,-1.261744261E0,2.604741859E1,2.624912530E1
5.416479837E0,-3.588908434E0,-1.443703651E0,2.527409172E1,2.556842303E1
5.418479803E0,-3.588908434E0,-1.443703651E0,2.527409172E1,2.556842303E1
5.420479769E0,-3.588908434E0,-1.443703651E0,2.527409172E1,2.556842303E1
5.422479735E0,-3.588908434E0,-1.443703651E0,2.527409172E1,2.556842303E1
5.424479701E0,-3.588908434E0,-1.443703651E0,2.527409172E1,2.556842303E1
5.426479667E0,-3.588908434E0,-1.443703651E0,2.527409172E1,2.556842303E1
5.428479667E0,-3.588908434E0,-1.443703651E0,2.527409172E1,2.556842303E1
5.430479167E0,-3.588908434E0,-1.443703651E0,2.527409172E1,2.556842303E1
5.432479200E0,-3.588908434E0,-1.443703651E0,2.527409172E1,2.556842303E1
5.434479233E0,-3.588908434E0,-1.443703651E0,2.527409172E1,2.556842303E1
5.436479266E0,-2.631227732E0,-7.613561153E-1,2.307591438E1,2.323791830E1
5.438479299E0,-2.631227732E0,-7.613561153E-1,2.307591438E1,2.323791830E1
5.440479332E0,-2.631227732E0,-7.613561153E-1,2.307591438E1,2.323791830E1
5.442479365E0,-2.631227732E0,-7.613561153E-1,2.307591438E1,2.323791830E1
5.444479398E0,-2.631227732E0,-7.613561153E-1,2.307591438E1,2.323791830E1
5.446479398E0,-2.631227732E0,-7.613561153E-1,2.307591438E1,2.323791830E1
5.448479398E0,-2.631227732E0,-7.613561153E-1,2.307591438E1,2.323791830E1
5.450479398E0,-2.631227732E0,-7.613561153E-1,2.307591438E1,2.323791830E1
5.452479398E0,-2.631227732E0,-7.613561153E-1,2.307591438E1,2.323791830E1
5.454479398E0,-2.631227732E0,-7.613561153E-1,2.307591438E1,2.323791830E1
5.456479398E0,-1.661576033E0,2.466027737E-1,1.991796303E1,1.998866927E1
5.458479364E0,-1.661576033E0,2.466027737E-1,1.991796303E1,1.998866927E1
5.460479330E0,-1.661576033E0,2.466027737E-1,1.991796303E1,1.998866927E1
5.462479296E0,-1.661576033E0,2.466027737E-1,1.991796303E1,1.998866927E1
5.464479262E0,-1.661576033E0,2.466027737E-1,1.991796303E1,1.998866927E1
5.466479228E0,-1.661576033E0,2.466027737E-1,1.991796303E1,1.998866927E1
5.468479194E0,-1.661576033E0,2.466027737E-1,1.991796303E1,1.998866927E1
5.470478294E0,-1.661576033E0,2.466027737E-1,1.991796303E1,1.998866927E1
5.472478260E0,-1.661576033E0,2.466027737E-1,1.991796303E1,1.998866927E1
5.474478260E0,-1.661576033E0,2.466027737E-1,1.991796303E1,1.998866927E1
5.476478293E0,-9.337386489E-1,8.930372596E-1,1.595316410E1,1.600539997E1
5.478478326E0,-9.337386489E-1,8.930372596E-1,1.595316410E1,1.600539997E1
5.480478359E0,-9.337386489E-1,8.930372596E-1,1.595316410E1,1.600539997E1
5.482478392E0,-9.337386489E-1,8.930372596E-1,1.595316410E1,1.600539997E1
5.484478425E0,-9.337386489E-1,8.930372596E-1,1.595316410E1,1.600539997E1
5.486478458E0,-9.337386489E-1,8.930372596E-1,1.595316410E1,1.600539997E1
5.488478491E0,-9.337386489E-1,8.930372596E-1,1.595316410E1,1.600539997E1
5.490479024E0,-9.337386489E-1,8.930372596E-1,1.595316410E1,1.600539997E1
5.492478990E0,-9.337386489E-1,8.930372596E-1,1.595316410E1,1.600539997E1
5.494478956E0,-9.337386489E-1,8.930372596E-1,1.595316410E1,1.600539997E1
5.496478922E0,-2.346317619E-1,1.493981838E0,1.254831028E1,1.263911091E1
5.498478888E0,-2.346317619E-1,1.493981838E0,1.254831028E1,1.263911091E1
5.500478854E0,-2.346317619E-1,1.493981838E0,1.254831028E1,1.263911091E1
5.502478820E0,-2.346317619E-1,1.493981838E0,1.254831028E1,1.263911091E1
5.504478786E0,-2.346317619E-1,1.493981838E0,1.254831028E1,1.263911091E1
5.506478786E0,-2.346317619E-1,1.493981838E0,1.254831028E1,1.263911091E1
5.508478819E0,-2.346317619E-1,1.493981838E0,1.254831028E1,1.263911091E1
5.510477985E0,-2.346317619E-1,1.493981838E0,1.254831028E1,1.263911091E1
5.512478018E0,-2.346317619E-1,1.493981838E0,1.254831028E1,1.263911091E1
5.514478051E0,-2.346317619E-1,1.493981838E0,1.254831028E1,1.263911091E1
5.516478084E0,8.068459630E-1,2.188300371E0,9.725546837E0,1.000129593E1
5.518478117E0,8.068459630E-1,2.188300371E0,9.725546837E0,1.000129593E1
5.520478150E0,8.068459630E-1,2.188300371E0,9.725546837E0,1.000129593E1
5.522478183E0,8.068459630E-1,2.188300371E0,9.725546837E0,1.000129593E1
5.524477416E0,8.068459630E-1,2.188300371E0,9.725546837E0,1.000129593E1
5.526477416E0,8.068459630E-1,2.188300371E0,9.725546837E0,1.000129593E1
5.528477416E0,8.068459630E-1,2.188300371E0,9.725546837E0,1.000129593E1
5.530478282E0,8.068459630E-1,2.188300371E0,9.725546837E0,1.000129593E1
5.532478282E0,8.068459630E-1,2.188300371E0,9.725546837E0,1.000129593E1
5.534478282E0,8.068459630E-1,2.188300371E0,9.725546837E0,1.000129593E1
5.536478248E0,1.975216389E0,2.849100113E0,6.498162746E0,7.365118486E0
5.538477314E0,1.975216389E0,2.849100113E0,6.498162746E0,7.365118486E0
5.540477280E0,1.975216389E0,2.849100113E0,6.498162746E0,7.365118486E0
5.542477246E0,1.975216389E0,2.849100113E0,6.498162746E0,7.365118486E0
5.544477212E0,1.975216389E0,2.849100113E0,6.498162746E0,7.365118486E0
5.546477178E0,1.975216389E0,2.849100113E0,6.498162746E0,7.365118486E0
5.548477144E0,1.975216389E0,2.849100113E0,6.498162746E0,7.365118486E0
5.550476244E0,1.975216389E0,2.849100113E0,6.498162746E0,7.365118486E0
5.552475377E0,1.975216389E0,2.849100113E0,6.498162746E0,7.365118486E0
5.554475410E0,1.975216389E0,2.849100113E0,6.498162746E0,7.365118486E0
5.556475443E0,2.568978310E0,3.847482204E0,3.107673883E0,5.573186327E0
5.558475843E0,2.568978310E0,3.847482204E0,3.107673883E0,5.573186327E0
5.560475876E0,2.568978310E0,3.847482204E0,3.107673883E0,5.573186327E0
5.562475909E0,2.568978310E0,3.847482204E0,3.107673883E0,5.573186327E0
5.564475942E0,2.568978310E0,3.847482204E0,3.107673883E0,5.573186327E0
5.566475975E0,2.568978310E0,3.847482204E0,3.107673883E0,5.573186327E0
5.568475975E0,2.568978310E0,3.847482204E0,3.107673883E0,5.573186327E0
5.570477575E0,2.568978310E0,3.847482204E0,3.107673883E0,5.573186327E0
5.572477541E0,2.568978310E0,3.847482204E0,3.107673883E0,5.573186327E0
5.574477507E0,2.568978310E0,3.847482204E0,3.107673883E0,5.573186327E0
5.576477473E0,3.306392431E0,5.166986465E0,-7.876923680E-1,6.184693954E0
5.578477439E0,3.306392431E0,5.166986465E0,-7.876923680E-1,6.184693954E0
5.580477405E0,3.306392431E0,5.166986465E0,-7.876923680E-1,6.184693954E0
5.582476971E0,3.306392431E0,5.166986465E0,-7.876923680E-1,6.184693954E0
5.584477737E0,3.306392431E0,5.166986465E0,-7.876923680E-1,6.184693954E0
5.586477770E0,3.306392431E0,5.166986465E0,-7.876923680E-1,6.184693954E0
5.588477803E0,3.306392431E0,5.166986465E0,-7.876923680E-1,6.184693954E0
5.590477836E0,3.306392431E0,5.166986465E0,-7.876923680E-1,6.184693954E0
5.592477869E0,3.306392431E0,5.166986465E0,-7.876923680E-1,6.184693954E0
5.594477902E0,3.830722809E0,6.577171326E0,-3.840299606E0,8.525345797E0
5.596477935E0,3.830722809E0,6.577171326E0,-3.840299606E0,8.525345797E0
5.598478868E0,3.830722809E0,6.577171326E0,-3.840299606E0,8.525345797E0
5.600478901E0,3.830722809E0,6.577171326E0,-3.840299606E0,8.525345797E0
5.602478901E0,3.830722809E0,6.577171326E0,-3.840299606E0,8.525345797E0
5.604478901E0,3.830722809E0,6.577171326E0,-3.840299606E0,8.525345797E0
5.606478901E0,3.830722809E0,6.577171326E0,-3.840299606E0,8.525345797E0
5.608478901E0,3.830722809E0,6.577171326E0,-3.840299606E0,8.525345797E0
5.610479767E0,3.830722809E0,6.577171326E0,-3.840299606E0,8.525345797E0
5.612480633E0,3.830722809E0,6.577171326E0,-3.840299606E0,8.525345797E0
5.614480599E0,4.149151325E0,7.597101212E0,-5.444714069E0,1.022625615E1
5.616480565E0,4.149151325E0,7.597101212E0,-5.444714069E0,1.022625615E1
5.618480165E0,4.149151325E0,7.597101212E0,-5.444714069E0,1.022625615E1
5.620480131E0,4.149151325E0,7.597101212E0,-5.444714069E0,1.022625615E1
5.622480097E0,4.149151325E0,7.597101212E0,-5.444714069E0,1.022625615E1
5.624480063E0,4.149151325E0,7.597101212E0,-5.444714069E0,1.022625615E1
5.626480163E0,4.149151325E0,7.597101212E0,-5.444714069E0,1.022625615E1
5.628480129E0,4.149151325E0,7.597101212E0,-5.444714069E0,1.022625615E1
5.630478462E0,4.149151325E0,7.597101212E0,-5.444714069E0,1.022625615E1
5.632478495E0,4.149151325E0,7.597101212E0,-5.444714069E0,1.022625615E1
5.634478528E0,3.778050184E0,8.008903503E0,-5.542876244E0,1.044699361E1
5.636478561E0,3.778050184E0,8.008903503E0,-5.542876244E0,1.044699361E1
5.638478594E0,3.778050184E0,8.008903503E0,-5.542876244E0,1.044699361E1
5.640478627E0,3.778050184E0,8.008903503E0,-5.542876244E0,1.044699361E1
5.642676112E0,3.778050184E0,8.008903503E0,-5.542876244E0,1.044699361E1
5.644676145E0,3.778050184E0,8.008903503E0,-5.542876244E0,1.044699361E1
5.646676145E0,3.778050184E0,8.008903503E0,-5.542876244E0,1.044699361E1
5.648676111E0,3.778050184E0,8.008903503E0,-5.542876244E0,1.044699361E1
5.650676077E0,3.778050184E0,8.008903503E0,-5.542876244E0,1.044699361E1
5.652676043E0,3.778050184E0,8.008903503E0,-5.542876244E0,1.044699361E1
5.654676009E0,3.639186621E0,8.233959198E0,-6.028899193E0,1.083463838E1
5.656675975E0,3.639186621E0,8.233959198E0,-6.028899193E0,1.083463838E1
5.658675941E0,3.639186621E0,8.233959198E0,-6.028899193E0,1.083463838E1
5.660675907E0,3.639186621E0,8.233959198E0,-6.028899193E0,1.083463838E1
5.662675907E0,3.639186621E0,8.233959198E0,-6.028899193E0,1.083463838E1
5.664675940E0,3.639186621E0,8.233959198E0,-6.028899193E0,1.083463838E1
5.666675973E0,3.639186621E0,8.233959198E0,-6.028899193E0,1.083463838E1
5.668676006E0,3.639186621E0,8.233959198E0,-6.028899193E0,1.083463838E1
5.670675172E0,3.639186621E0,8.233959198E0,-6.028899193E0,1.083463838E1
5.672675438E0,3.639186621E0,8.233959198E0,-6.028899193E0,1.083463838E1
5.674675471E0,4.053383350E0,8.794201851E0,-8.506897926E0,1.288934502E1
5.676675504E0,4.053383350E0,8.794201851E0,-8.506897926E0,1.288934502E1
5.678675537E0,4.053383350E0,8.794201851E0,-8.506897926E0,1.288934502E1
5.680675537E0,4.053383350E0,8.794201851E0,-8.506897926E0,1.288934502E1
5.682675537E0,4.053383350E0,8.794201851E0,-8.506897926E0,1.288934502E1
5.684675537E0,4.053383350E0,8.794201851E0,-8.506897926E0,1.288934502E1
5.686675403E0,4.053383350E0,8.794201851E0,-8.506897926E0,1.288934502E1
5.688675403E0,4.053383350E0,8.794201851E0,-8.506897926E0,1.288934502E1
5.690676303E0,4.053383350E0,8.794201851E0,-8.506897926E0,1.288934502E1
5.692676269E0,4.053383350E0,8.794201851E0,-8.506897926E0,1.288934502E1
5.694676235E0,4.240131378E0,9.809343338E0,-1.019002151E1,1.476612574E1
5.696676201E0,4.240131378E0,9.809343338E0,-1.019002151E1,1.476612574E1
5.698676167E0,4.240131378E0,9.809343338E0,-1.019002151E1,1.476612574E1
5.700676133E0,4.240131378E0,9.809343338E0,-1.019002151E1,1.476612574E1
5.702676099E0,4.240131378E0,9.809343338E0,-1.019002151E1,1.476612574E1
5.704676065E0,4.240131378E0,9.809343338E0,-1.019002151E1,1.476612574E1
5.706676031E0,4.240131378E0,9.809343338E0,-1.019002151E1,1.476612574E1
5.708676031E0,4.240131378E0,9.809343338E0,-1.019002151E1,1.476612574E1
5.710675197E0,4.240131378E0,9.809343338E0,-1.019002151E1,1.476612574E1
5.712675230E0,4.240131378E0,9.809343338E0,-1.019002151E1,1.476612574E1
5.714675230E0,4.041412354E0,1.073589993E1,-1.141585255E1,1.618376502E1
5.716675263E0,4.041412354E0,1.073589993E1,-1.141585255E1,1.618376502E1
5.718675296E0,4.041412354E0,1.073589993E1,-1.141585255E1,1.618376502E1
5.720675329E0,4.041412354E0,1.073589993E1,-1.141585255E1,1.618376502E1
5.722675362E0,4.041412354E0,1.073589993E1,-1.141585255E1,1.618376502E1
5.724675362E0,4.041412354E0,1.073589993E1,-1.141585255E1,1.618376502E1
5.726675328E0,4.041412354E0,1.073589993E1,-1.141585255E1,1.618376502E1
5.728675294E0,4.041412354E0,1.073589993E1,-1.141585255E1,1.618376502E1
5.730676127E0,4.041412354E0,1.073589993E1,-1.141585255E1,1.618376502E1
5.732675460E0,4.041412354E0,1.073589993E1,-1.141585255E1,1.618376502E1
5.734675426E0,4.132391930E0,1.143021774E1,-1.146373749E1,1.670759761E1
5.736675392E0,4.132391930E0,1.143021774E1,-1.146373749E1,1.670759761E1
5.738675358E0,4.132391930E0,1.143021774E1,-1.146373749E1,1.670759761E1
5.740675358E0,4.132391930E0,1.143021774E1,-1.146373749E1,1.670759761E1
5.742675391E0,4.132391930E0,1.143021774E1,-1.146373749E1,1.670759761E1
5.744675424E0,4.132391930E0,1.143021774E1,-1.146373749E1,1.670759761E1
5.746675457E0,4.132391930E0,1.143021774E1,-1.146373749E1,1.670759761E1
5.748675490E0,4.132391930E0,1.143021774E1,-1.146373749E1,1.670759761E1
5.750674656E0,4.132391930E0,1.143021774E1,-1.146373749E1,1.670759761E1
5.752673789E0,4.132391930E0,1.143021774E1,-1.146373749E1,1.670759761E1
5.754674755E0,4.156333923E0,1.157865906E1,-1.008467674E1,1.590726759E1
5.756674788E0,4.156333923E0,1.157865906E1,-1.008467674E1,1.590726759E1
5.758674788E0,4.156333923E0,1.157865906E1,-1.008467674E1,1.590726759E1
5.760674788E0,4.156333923E0,1.157865906E1,-1.008467674E1,1.590726759E1
5.762674788E0,4.156333923E0,1.157865906E1,-1.008467674E1,1.590726759E1
5.764674788E0,4.156333923E0,1.157865906E1,-1.008467674E1,1.590726759E1
5.766674788E0,4.156333923E0,1.157865906E1,-1.008467674E1,1.590726759E1
5.768674788E0,4.156333923E0,1.157865906E1,-1.008467674E1,1.590726759E1
5.770675621E0,4.156333923E0,1.157865906E1,-1.008467674E1,1.590726759E1
5.772675587E0,4.156333923E0,1.157865906E1,-1.008467674E1,1.590726759E1
5.774675587E0,3.866635799E0,1.147331429E1,-8.274660110E0,1.466484957E1
5.776675553E0,3.866635799E0,1.147331429E1,-8.274660110E0,1.466484957E1
5.778675519E0,3.866635799E0,1.147331429E1,-8.274660110E0,1.466484957E1
5.780675485E0,3.866635799E0,1.147331429E1,-8.274660110E0,1.466484957E1
5.782675451E0,3.866635799E0,1.147331429E1,-8.274660110E0,1.466484957E1
5.784675417E0,3.866635799E0,1.147331429E1,-8.274660110E0,1.466484957E1
5.786675417E0,3.866635799E0,1.147331429E1,-8.274660110E0,1.466484957E1
5.788675450E0,3.866635799E0,1.147331429E1,-8.274660110E0,1.466484957E1
5.790675483E0,3.866635799E0,1.147331429E1,-8.274660110E0,1.466484957E1
5.792675916E0,3.866635799E0,1.147331429E1,-8.274660110E0,1.466484957E1
5.794675949E0,4.000710964E0,1.105911732E1,-6.701669693E0,1.353595733E1
5.796675982E0,4.000710964E0,1.105911732E1,-6.701669693E0,1.353595733E1
5.798676015E0,4.000710964E0,1.105911732E1,-6.701669693E0,1.353595733E1
5.800676048E0,4.000710964E0,1.105911732E1,-6.701669693E0,1.353595733E1
5.802676048E0,4.000710964E0,1.105911732E1,-6.701669693E0,1.353595733E1
5.804676014E0,4.000710964E0,1.105911732E1,-6.701669693E0,1.353595733E1
5.806675980E0,4.000710964E0,1.105911732E1,-6.701669693E0,1.353595733E1
5.808675946E0,4.000710964E0,1.105911732E1,-6.701669693E0,1.353595733E1
5.810676779E0,4.000710964E0,1.105911732E1,-6.701669693E0,1.353595733E1
5.812677645E0,4.000710964E0,1.105911732E1,-6.701669693E0,1.353595733E1
5.814676678E0,3.957615376E0,1.065210247E1,-4.946720123E0,1.239354858E1
5.816676644E0,3.957615376E0,1.065210247E1,-4.946720123E0,1.239354858E1
5.818676644E0,3.957615376E0,1.065210247E1,-4.946720123E0,1.239354858E1
5.820676677E0,3.957615376E0,1.065210247E1,-4.946720123E0,1.239354858E1
5.822676710E0,3.957615376E0,1.065210247E1,-4.946720123E0,1.239354858E1
5.824676743E0,3.957615376E0,1.065210247E1,-4.946720123E0,1.239354858E1
5.826676443E0,3.957615376E0,1.065210247E1,-4.946720123E0,1.239354858E1
5.828676476E0,3.957615376E0,1.065210247E1,-4.946720123E0,1.239354858E1
5.830676009E0,3.957615376E0,1.065210247E1,-4.946720123E0,1.239354858E1
5.832676042E0,3.957615376E0,1.065210247E1,-4.946720123E0,1.239354858E1
5.834676075E0,3.210624456E0,9.854833603E0,-3.485957623E0,1.093516142E1
5.836676075E0,3.210624456E0,9.854833603E0,-3.485957623E0,1.093516142E1
5.838676075E0,3.210624456E0,9.854833603E0,-3.485957623E0,1.093516142E1
5.840676075E0,3.210624456E0,9.854833603E0,-3.485957623E0,1.093516142E1
5.842676075E0,3.210624456E0,9.854833603E0,-3.485957623E0,1.093516142E1
5.844676075E0,3.210624456E0,9.854833603E0,-3.485957623E0,1.093516142E1
5.846676075E0,3.210624456E0,9.854833603E0,-3.485957623E0,1.093516142E1
5.848676041E0,3.210624456E0,9.854833603E0,-3.485957623E0,1.093516142E1
5.850676007E0,3.210624456E0,9.854833603E0,-3.485957623E0,1.093516142E1
5.852675973E0,1.106121182E0,9.031228065E0,-2.068590164E0,9.330897583E0
5.854675939E0,1.106121182E0,9.031228065E0,-2.068590164E0,9.330897583E0
5.856675905E0,1.106121182E0,9.031228065E0,-2.068590164E0,9.330897583E0
5.858675871E0,1.106121182E0,9.031228065E0,-2.068590164E0,9.330897583E0
5.860675837E0,1.106121182E0,9.031228065E0,-2.068590164E0,9.330897583E0
5.862675803E0,1.106121182E0,9.031228065E0,-2.068590164E0,9.330897583E0
5.864675803E0,1.106121182E0,9.031228065E0,-2.068590164E0,9.330897583E0
5.866675803E0,1.106121182E0,9.031228065E0,-2.068590164E0,9.330897583E0
5.868675836E0,1.106121182E0,9.031228065E0,-2.068590164E0,9.330897583E0
5.870675002E0,1.106121182E0,9.031228065E0,-2.068590164E0,9.330897583E0
5.872675035E0,-5.315127969E-1,8.576330185E0,4.118026793E-1,8.602646496E0
5.874675068E0,-5.315127969E-1,8.576330185E0,4.118026793E-1,8.602646496E0
5.876675101E0,-5.315127969E-1,8.576330185E0,4.118026793E-1,8.602646496E0
5.878675134E0,-5.315127969E-1,8.576330185E0,4.118026793E-1,8.602646496E0
5.880675134E0,-5.315127969E-1,8.576330185E0,4.118026793E-1,8.602646496E0
5.882675100E0,-5.315127969E-1,8.576330185E0,4.118026793E-1,8.602646496E0
5.884675066E0,-5.315127969E-1,8.576330185E0,4.118026793E-1,8.602646496E0
5.886675366E0,-5.315127969E-1,8.576330185E0,4.118026793E-1,8.602646496E0
5.888675332E0,-5.315127969E-1,8.576330185E0,4.118026793E-1,8.602646496E0
5.890675798E0,-5.315127969E-1,8.576330185E0,4.118026793E-1,8.602646496E0
5.892675764E0,-1.338358760E0,8.083124161E0,4.388571739E0,9.294496343E0
5.894675230E0,-1.338358760E0,8.083124161E0,4.388571739E0,9.294496343E0
5.896675230E0,-1.338358760E0,8.083124161E0,4.388571739E0,9.294496343E0
5.898675230E0,-1.338358760E0,8.083124161E0,4.388571739E0,9.294496343E0
5.900674830E0,-1.338358760E0,8.083124161E0,4.388571739E0,9.294496343E0
5.902674830E0,-1.338358760E0,8.083124161E0,4.388571739E0,9.294496343E0
5.904674830E0,-1.338358760E0,8.083124161E0,4.388571739E0,9.294496343E0
5.906674830E0,-1.338358760E0,8.083124161E0,4.388571739E0,9.294496343E0
5.908674830E0,-1.338358760E0,8.083124161E0,4.388571739E0,9.294496343E0
5.910673963E0,-2.205059767E0,7.788637638E0,8.588300705E0,1.180186739E1
5.912673963E0,-2.205059767E0,7.788637638E0,8.588300705E0,1.180186739E1
5.914673996E0,-2.205059767E0,7.788637638E0,8.588300705E0,1.180186739E1
5.916674029E0,-2.205059767E0,7.788637638E0,8.588300705E0,1.180186739E1
5.918674062E0,-2.205059767E0,7.788637638E0,8.588300705E0,1.180186739E1
5.920674095E0,-2.205059767E0,7.788637638E0,8.588300705E0,1.180186739E1
5.922674128E0,-2.205059767E0,7.788637638E0,8.588300705E0,1.180186739E1
5.924674161E0,-2.205059767E0,7.788637638E0,8.588300705E0,1.180186739E1
5.926674194E0,-2.205059767E0,7.788637638E0,8.588300705E0,1.180186739E1
5.928674194E0,-2.205059767E0,7.788637638E0,8.588300705E0,1.180186739E1
5.930675027E0,-2.205059767E0,7.788637638E0,8.588300705E0,1.180186739E1
5.932674993E0,-2.202665567E0,7.848492622E0,1.301278591E1,1.535523263E1
5.934674959E0,-2.202665567E0,7.848492622E0,1.301278591E1,1.535523263E1
5.936674925E0,-2.202665567E0,7.848492622E0,1.301278591E1,1.535523263E1
5.938674891E0,-2.202665567E0,7.848492622E0,1.301278591E1,1.535523263E1
5.940674857E0,-2.202665567E0,7.848492622E0,1.301278591E1,1.535523263E1
5.942674857E0,-2.202665567E0,7.848492622E0,1.301278591E1,1.535523263E1
5.944674857E0,-2.202665567E0,7.848492622E0,1.301278591E1,1.535523263E1
5.946674890E0,-2.202665567E0,7.848492622E0,1.301278591E1,1.535523263E1
5.948674923E0,-1.568202138E0,7.958625793E0,1.806006241E1,1.979810184E1
5.950674089E0,-1.568202138E0,7.958625793E0,1.806006241E1,1.979810184E1
5.952673255E0,-1.568202138E0,7.958625793E0,1.806006241E1,1.979810184E1
5.954673788E0,-1.568202138E0,7.958625793E0,1.806006241E1,1.979810184E1
5.956673821E0,-1.568202138E0,7.958625793E0,1.806006241E1,1.979810184E1
5.958673854E0,-1.568202138E0,7.958625793E0,1.806006241E1,1.979810184E1
5.960674254E0,-1.568202138E0,7.958625793E0,1.806006241E1,1.979810184E1
5.962674254E0,-1.568202138E0,7.958625793E0,1.806006241E1,1.979810184E1
5.964674254E0,-1.568202138E0,7.958625793E0,1.806006241E1,1.979810184E1
5.966674254E0,-1.568202138E0,7.958625793E0,1.806006241E1,1.979810184E1
5.968674254E0,-1.568202138E0,7.958625793E0,1.806006241E1,1.979810184E1
5.970674954E0,-1.568202138E0,7.958625793E0,1.806006241E1,1.979810184E1
5.972674954E0,5.626373887E-1,8.521263123E0,1.856044960E1,2.043082904E1
5.974674920E0,5.626373887E-1,8.521263123E0,1.856044960E1,2.043082904E1
5.976674886E0,5.626373887E-1,8.521263123E0,1.856044960E1,2.043082904E1
5.978674852E0,5.626373887E-1,8.521263123E0,1.856044960E1,2.043082904E1
5.980674818E0,5.626373887E-1,8.521263123E0,1.856044960E1,2.043082904E1
5.982674784E0,5.626373887E-1,8.521263123E0,1.856044960E1,2.043082904E1
5.984674750E0,5.626373887E-1,8.521263123E0,1.856044960E1,2.043082904E1
5.986674716E0,5.626373887E-1,8.521263123E0,1.856044960E1,2.043082904E1
5.988674682E0,5.626373887E-1,8.521263123E0,1.856044960E1,2.043082904E1
5.990673815E0,5.626373887E-1,8.521263123E0,1.856044960E1,2.043082904E1
5.992673848E0,2.312798738E0,9.488520622E0,1.293617153E1,1.620881228E1
5.994673881E0,2.312798738E0,9.488520622E0,1.293617153E1,1.620881228E1
5.996674114E0,2.312798738E0,9.488520622E0,1.293617153E1,1.620881228E1
5.998674147E0,2.312798738E0,9.488520622E0,1.293617153E1,1.620881228E1
6.000674180E0,2.312798738E0,9.488520622E0,1.293617153E1,1.620881228E1
6.002674213E0,2.312798738E0,9.488520622E0,1.293617153E1,1.620881228E1
6.004674246E0,2.312798738E0,9.488520622E0,1.293617153E1,1.620881228E1
6.006674246E0,2.312798738E0,9.488520622E0,1.293617153E1,1.620881228E1
6.008674212E0,2.312798738E0,9.488520622E0,1.293617153E1,1.620881228E1
6.010675045E0,2.312798738E0,9.488520622E0,1.293617153E1,1.620881228E1
6.012675878E0,3.699041605E0,1.130571938E1,5.538087845E0,1.312145634E1
6.014675844E0,3.699041605E0,1.130571938E1,5.538087845E0,1.312145634E1
6.016676077E0,3.699041605E0,1.130571938E1,5.538087845E0,1.312145634E1
6.018676043E0,3.699041605E0,1.130571938E1,5.538087845E0,1.312145634E1
6.020676043E0,3.699041605E0,1.130571938E1,5.538087845E0,1.312145634E1
6.022676043E0,3.699041605E0,1.130571938E1,5.538087845E0,1.312145634E1
6.024676076E0,3.699041605E0,1.130571938E1,5.538087845E0,1.312145634E1
6.026676109E0,3.699041605E0,1.130571938E1,5.538087845E0,1.312145634E1
6.028676142E0,3.699041605E0,1.130571938E1,5.538087845E0,1.312145634E1
6.030675842E0,3.699041605E0,1.130571938E1,5.538087845E0,1.312145634E1
6.032675875E0,4.580107689E0,1.339825153E1,-5.363011956E-1,1.416962066E1
6.034675908E0,4.580107689E0,1.339825153E1,-5.363011956E-1,1.416962066E1
6.036675941E0,4.580107689E0,1.339825153E1,-5.363011956E-1,1.416962066E1
6.038675941E0,4.580107689E0,1.339825153E1,-5.363011956E-1,1.416962066E1
6.040675941E0,4.580107689E0,1.339825153E1,-5.363011956E-1,1.416962066E1
6.042675941E0,4.580107689E0,1.339825153E1,-5.363011956E-1,1.416962066E1
6.044675941E0,4.580107689E0,1.339825153E1,-5.363011956E-1,1.416962066E1
6.046675941E0,4.580107689E0,1.339825153E1,-5.363011956E-1,1.416962066E1
6.048675941E0,4.580107689E0,1.339825153E1,-5.363011956E-1,1.416962066E1
6.050676807E0,4.580107689E0,1.339825153E1,-5.363011956E-1,1.416962066E1
6.052676507E0,6.902782917E0,1.573289776E1,-2.458845139E0,1.735564471E1
6.054676473E0,6.902782917E0,1.573289776E1,-2.458845139E0,1.735564471E1
6.056676239E0,6.902782917E0,1.573289776E1,-2.458845139E0,1.735564471E1
6.058676205E0,6.902782917E0,1.573289776E1,-2.458845139E0,1.735564471E1
6.060676171E0,6.902782917E0,1.573289776E1,-2.458845139E0,1.735564471E1
6.062676137E0,6.902782917E0,1.573289776E1,-2.458845139E0,1.735564471E1
6.064676103E0,6.902782917E0,1.573289776E1,-2.458845139E0,1.735564471E1
6.066676069E0,6.902782917E0,1.573289776E1,-2.458845139E0,1.735564471E1
6.068676069E0,8.193257332E0,1.672409821E1,-2.604891539E0,1.880453101E1
6.070675235E0,8.193257332E0,1.672409821E1,-2.604891539E0,1.880453101E1
6.072675268E0,8.193257332E0,1.672409821E1,-2.604891539E0,1.880453101E1
6.074675301E0,8.193257332E0,1.672409821E1,-2.604891539E0,1.880453101E1
6.076675067E0,8.193257332E0,1.672409821E1,-2.604891539E0,1.880453101E1
6.078675100E0,8.193257332E0,1.672409821E1,-2.604891539E0,1.880453101E1
6.080675133E0,8.193257332E0,1.672409821E1,-2.604891539E0,1.880453101E1
6.082675166E0,8.193257332E0,1.672409821E1,-2.604891539E0,1.880453101E1
6.084675166E0,8.193257332E0,1.672409821E1,-2.604891539E0,1.880453101E1
6.086675132E0,8.193257332E0,1.672409821E1,-2.604891539E0,1.880453101E1
6.088675098E0,8.193257332E0,1.672409821E1,-2.604891539E0,1.880453101E1
6.090675564E0,8.193257332E0,1.672409821E1,-2.604891539E0,1.880453101E1
6.092675530E0,7.628225803E0,1.526602840E1,-3.076549292E0,1.734089409E1
6.094675496E0,7.628225803E0,1.526602840E1,-3.076549292E0,1.734089409E1
6.096675462E0,7.628225803E0,1.526602840E1,-3.076549292E0,1.734089409E1
6.098675462E0,7.628225803E0,1.526602840E1,-3.076549292E0,1.734089409E1
6.100675462E0,7.628225803E0,1.526602840E1,-3.076549292E0,1.734089409E1
6.102675495E0,7.628225803E0,1.526602840E1,-3.076549292E0,1.734089409E1
6.104676528E0,7.628225803E0,1.526602840E1,-3.076549292E0,1.734089409E1
6.106676561E0,7.628225803E0,1.526602840E1,-3.076549292E0,1.734089409E1
6.108676594E0,5.595548630E0,1.301278591E1,-2.324769735E0,1.435434833E1
6.110675760E0,5.595548630E0,1.301278591E1,-2.324769735E0,1.435434833E1
6.112676060E0,5.595548630E0,1.301278591E1,-2.324769735E0,1.435434833E1
6.114676093E0,5.595548630E0,1.301278591E1,-2.324769735E0,1.435434833E1
6.116676126E0,5.595548630E0,1.301278591E1,-2.324769735E0,1.435434833E1
6.118676126E0,5.595548630E0,1.301278591E1,-2.324769735E0,1.435434833E1
6.120676126E0,5.595548630E0,1.301278591E1,-2.324769735E0,1.435434833E1
6.122676126E0,5.595548630E0,1.301278591E1,-2.324769735E0,1.435434833E1
6.124676126E0,5.595548630E0,1.301278591E1,-2.324769735E0,1.435434833E1
6.126676126E0,5.595548630E0,1.301278591E1,-2.324769735E0,1.435434833E1
6.128676126E0,5.595548630E0,1.301278591E1,-2.324769735E0,1.435434833E1
6.130676959E0,3.275267839E0,1.003679276E1,6.631938815E-1,1.057848828E1
6.132676925E0,3.275267839E0,1.003679276E1,6.631938815E-1,1.057848828E1
6.134676891E0,3.275267839E0,1.003679276E1,6.631938815E-1,1.057848828E1
6.136676857E0,3.275267839E0,1.003679276E1,6.631938815E-1,1.057848828E1
6.138676823E0,3.275267839E0,1.003679276E1,6.631938815E-1,1.057848828E1
6.140676789E0,3.275267839E0,1.003679276E1,6.631938815E-1,1.057848828E1
6.142677055E0,3.275267839E0,1.003679276E1,6.631938815E-1,1.057848828E1
6.144677021E0,3.275267839E0,1.003679276E1,6.631938815E-1,1.057848828E1
6.146677021E0,3.275267839E0,1.003679276E1,6.631938815E-1,1.057848828E1
6.148677054E0,2.319981337E0,7.680898190E0,3.883395195E0,8.913992856E0
6.150676220E0,2.319981337E0,7.680898190E0,3.883395195E0,8.913992856E0
6.152675386E0,2.319981337E0,7.680898190E0,3.883395195E0,8.913992856E0
6.154675419E0,2.319981337E0,7.680898190E0,3.883395195E0,8.913992856E0
6.156675452E0,2.319981337E0,7.680898190E0,3.883395195E0,8.913992856E0
6.158675485E0,2.319981337E0,7.680898190E0,3.883395195E0,8.913992856E0
6.160675518E0,2.319981337E0,7.680898190E0,3.883395195E0,8.913992856E0
6.162675518E0,2.319981337E0,7.680898190E0,3.883395195E0,8.913992856E0
6.164674484E0,2.319981337E0,7.680898190E0,3.883395195E0,8.913992856E0
6.166674450E0,2.319981337E0,7.680898190E0,3.883395195E0,8.913992856E0
6.168674416E0,2.319981337E0,7.680898190E0,3.883395195E0,8.913992856E0
6.170675249E0,1.769315004E0,5.360917091E0,5.183745861E0,7.664276143E0
6.172675215E0,1.769315004E0,5.360917091E0,5.183745861E0,7.664276143E0
6.174675181E0,1.769315004E0,5.360917091E0,5.183745861E0,7.664276143E0
6.176675147E0,1.769315004E0,5.360917091E0,5.183745861E0,7.664276143E0
6.178675147E0,1.769315004E0,5.360917091E0,5.183745861E0,7.664276143E0
6.180675147E0,1.769315004E0,5.360917091E0,5.183745861E0,7.664276143E0
6.182675147E0,1.769315004E0,5.360917091E0,5.183745861E0,7.664276143E0
6.184675147E0,1.769315004E0,5.360917091E0,5.183745861E0,7.664276143E0
6.186675147E0,1.769315004E0,5.360917091E0,5.183745861E0,7.664276143E0
6.188675147E0,1.769315004E0,5.360917091E0,5.183745861E0,7.664276143E0
6.190675147E0,1.867477298E-1,3.215412855E0,4.750096321E0,5.739091357E0
6.192675147E0,1.867477298E-1,3.215412855E0,4.750096321E0,5.739091357E0
6.194675147E0,1.867477298E-1,3.215412855E0,4.750096321E0,5.739091357E0
6.196675180E0,1.867477298E-1,3.215412855E0,4.750096321E0,5.739091357E0
6.198675213E0,1.867477298E-1,3.215412855E0,4.750096321E0,5.739091357E0
6.200675246E0,1.867477298E-1,3.215412855E0,4.750096321E0,5.739091357E0
6.202674979E0,1.867477298E-1,3.215412855E0,4.750096321E0,5.739091357E0
6.204675012E0,1.867477298E-1,3.215412855E0,4.750096321E0,5.739091357E0
6.206675045E0,1.867477298E-1,3.215412855E0,4.750096321E0,5.739091357E0
6.208675045E0,1.867477298E-1,3.215412855E0,4.750096321E0,5.739091357E0
6.210675878E0,-2.628833532E0,1.007958889E0,4.446032524E0,5.262504353E0
6.212676711E0,-2.628833532E0,1.007958889E0,4.446032524E0,5.262504353E0
6.214676677E0,-2.628833532E0,1.007958889E0,4.446032524E0,5.262504353E0
6.216676643E0,-2.628833532E0,1.007958889E0,4.446032524E0,5.262504353E0
6.218676609E0,-2.628833532E0,1.007958889E0,4.446032524E0,5.262504353E0
6.220676575E0,-2.628833532E0,1.007958889E0,4.446032524E0,5.262504353E0
6.222676541E0,-2.628833532E0,1.007958889E0,4.446032524E0,5.262504353E0
6.224676541E0,-2.628833532E0,1.007958889E0,4.446032524E0,5.262504353E0
6.226676574E0,-2.628833532E0,1.007958889E0,4.446032524E0,5.262504353E0
6.228676607E0,-4.661510944E0,-7.972691655E-1,4.333505154E0,6.414404830E0
6.230676107E0,-4.661510944E0,-7.972691655E-1,4.333505154E0,6.414404830E0
6.232676140E0,-4.661510944E0,-7.972691655E-1,4.333505154E0,6.414404830E0
6.234676173E0,-4.661510944E0,-7.972691655E-1,4.333505154E0,6.414404830E0
6.236676206E0,-4.661510944E0,-7.972691655E-1,4.333505154E0,6.414404830E0
6.238676239E0,-4.661510944E0,-7.972691655E-1,4.333505154E0,6.414404830E0
6.240676272E0,-4.661510944E0,-7.972691655E-1,4.333505154E0,6.414404830E0
6.242676272E0,-4.661510944E0,-7.972691655E-1,4.333505154E0,6.414404830E0
6.244676272E0,-4.661510944E0,-7.972691655E-1,4.333505154E0,6.414404830E0
6.246676272E0,-4.661510944E0,-7.972691655E-1,4.333505154E0,6.414404830E0
6.248676272E0,-4.661510944E0,-7.972691655E-1,4.333505154E0,6.414404830E0
6.250676272E0,-6.646603107E0,-2.473210335E0,4.357447147E0,8.323547793E0
6.252676272E0,-6.646603107E0,-2.473210335E0,4.357447147E0,8.323547793E0
6.254676272E0,-6.646603107E0,-2.473210335E0,4.357447147E0,8.323547793E0
6.256676238E0,-6.646603107E0,-2.473210335E0,4.357447147E0,8.323547793E0
6.258676204E0,-6.646603107E0,-2.473210335E0,4.357447147E0,8.323547793E0
6.260676170E0,-6.646603107E0,-2.473210335E0,4.357447147E0,8.323547793E0
6.262676136E0,-6.646603107E0,-2.473210335E0,4.357447147E0,8.323547793E0
6.264676102E0,-6.646603107E0,-2.473210335E0,4.357447147E0,8.323547793E0
6.266676068E0,-6.646603107E0,-2.473210335E0,4.357447147E0,8.323547793E0
6.268676034E0,-8.559570312E0,-3.617638826E0,3.957615376E0,1.010031059E1
6.270675167E0,-8.559570312E0,-3.617638826E0,3.957615376E0,1.010031059E1
6.272675167E0,-8.559570312E0,-3.617638826E0,3.957615376E0,1.010031059E1
6.274675200E0,-8.559570312E0,-3.617638826E0,3.957615376E0,1.010031059E1
6.276675233E0,-8.559570312E0,-3.617638826E0,3.957615376E0,1.010031059E1
6.278675266E0,-8.559570312E0,-3.617638826E0,3.957615376E0,1.010031059E1
6.280675299E0,-8.559570312E0,-3.617638826E0,3.957615376E0,1.010031059E1
6.282675332E0,-8.559570312E0,-3.617638826E0,3.957615376E0,1.010031059E1
6.284675365E0,-8.559570312E0,-3.617638826E0,3.957615376E0,1.010031059E1
6.286675365E0,-8.559570312E0,-3.617638826E0,3.957615376E0,1.010031059E1
6.288675331E0,-8.559570312E0,-3.617638826E0,3.957615376E0,1.010031059E1
6.290675831E0,-9.768642426E0,-4.821922302E0,2.659958124E0,1.121395054E1
6.292675797E0,-9.768642426E0,-4.821922302E0,2.659958124E0,1.121395054E1
6.294675763E0,-9.768642426E0,-4.821922302E0,2.659958124E0,1.121395054E1
6.296675729E0,-9.768642426E0,-4.821922302E0,2.659958124E0,1.121395054E1
6.298675695E0,-9.768642426E0,-4.821922302E0,2.659958124E0,1.121395054E1
6.300675661E0,-9.768642426E0,-4.821922302E0,2.659958124E0,1.121395054E1
6.302675661E0,-9.768642426E0,-4.821922302E0,2.659958124E0,1.121395054E1
6.304675694E0,-9.768642426E0,-4.821922302E0,2.659958124E0,1.121395054E1
6.306675727E0,-9.768642426E0,-4.821922302E0,2.659958124E0,1.121395054E1
6.308675760E0,-1.021396351E1,-5.755959988E0,8.044517636E-1,1.175173470E1
6.310674926E0,-1.021396351E1,-5.755959988E0,8.044517636E-1,1.175173470E1
6.312674959E0,-1.021396351E1,-5.755959988E0,8.044517636E-1,1.175173470E1
6.314674992E0,-1.021396351E1,-5.755959988E0,8.044517636E-1,1.175173470E1
6.316675025E0,-1.021396351E1,-5.755959988E0,8.044517636E-1,1.175173470E1
6.318674958E0,-1.021396351E1,-5.755959988E0,8.044517636E-1,1.175173470E1
6.320674958E0,-1.021396351E1,-5.755959988E0,8.044517636E-1,1.175173470E1
6.322674958E0,-1.021396351E1,-5.755959988E0,8.044517636E-1,1.175173470E1
6.324674958E0,-1.021396351E1,-5.755959988E0,8.044517636E-1,1.175173470E1
6.326674958E0,-1.021396351E1,-5.755959988E0,8.044517636E-1,1.175173470E1
6.328674958E0,-1.021396351E1,-5.755959988E0,8.044517636E-1,1.175173470E1
6.330675858E0,-1.007270622E1,-6.086359978E0,-8.403648138E-1,1.179870338E1
6.332675858E0,-1.007270622E1,-6.086359978E0,-8.403648138E-1,1.179870338E1
6.334675824E0,-1.007270622E1,-6.086359978E0,-8.403648138E-1,1.179870338E1
6.336675790E0,-1.007270622E1,-6.086359978E0,-8.403648138E-1,1.179870338E1
6.338675756E0,-1.007270622E1,-6.086359978E0,-8.403648138E-1,1.179870338E1
6.340675722E0,-1.007270622E1,-6.086359978E0,-8.403648138E-1,1.179870338E1
6.342675688E0,-1.007270622E1,-6.086359978E0,-8.403648138E-1,1.179870338E1
6.344675654E0,-1.007270622E1,-6.086359978E0,-8.403648138E-1,1.179870338E1
6.346675620E0,-1.007270622E1,-6.086359978E0,-8.403648138E-1,1.179870338E1
6.348675620E0,-8.492532730E0,-5.861305237E0,-3.385401249E0,1.085997021E1
6.350674753E0,-8.492532730E0,-5.861305237E0,-3.385401249E0,1.085997021E1
6.352673919E0,-8.492532730E0,-5.861305237E0,-3.385401249E0,1.085997021E1
6.354673952E0,-8.492532730E0,-5.861305237E0,-3.385401249E0,1.085997021E1
6.356673985E0,-8.492532730E0,-5.861305237E0,-3.385401249E0,1.085997021E1
6.358674018E0,-8.492532730E0,-5.861305237E0,-3.385401249E0,1.085997021E1
6.360674051E0,-8.492532730E0,-5.861305237E0,-3.385401249E0,1.085997021E1
6.362674084E0,-8.492532730E0,-5.861305237E0,-3.385401249E0,1.085997021E1
6.364674084E0,-8.492532730E0,-5.861305237E0,-3.385401249E0,1.085997021E1
6.366674084E0,-8.492532730E0,-5.861305237E0,-3.385401249E0,1.085997021E1
6.368674050E0,-8.492532730E0,-5.861305237E0,-3.385401249E0,1.085997021E1
6.370674883E0,-6.160580158E0,-5.360917091E0,-5.612308025E0,9.909095888E0
6.372674849E0,-6.160580158E0,-5.360917091E0,-5.612308025E0,9.909095888E0
6.374674815E0,-6.160580158E0,-5.360917091E0,-5.612308025E0,9.909095888E0
6.376674781E0,-6.160580158E0,-5.360917091E0,-5.612308025E0,9.909095888E0
6.378674847E0,-6.160580158E0,-5.360917091E0,-5.612308025E0,9.909095888E0
6.380674847E0,-6.160580158E0,-5.360917091E0,-5.612308025E0,9.909095888E0
6.382674880E0,-6.160580158E0,-5.360917091E0,-5.612308025E0,9.909095888E0
6.384674913E0,-6.160580158E0,-5.360917091E0,-5.612308025E0,9.909095888E0
6.386674946E0,-6.160580158E0,-5.360917091E0,-5.612308025E0,9.909095888E0
6.388674979E0,-5.214870453E0,-4.553771496E0,-6.263530731E0,9.336140846E0
6.390674979E0,-5.214870453E0,-4.553771496E0,-6.263530731E0,9.336140846E0
6.392675012E0,-5.214870453E0,-4.553771496E0,-6.263530731E0,9.336140846E0
6.394675045E0,-5.214870453E0,-4.553771496E0,-6.263530731E0,9.336140846E0
6.396675078E0,-5.214870453E0,-4.553771496E0,-6.263530731E0,9.336140846E0
6.398675078E0,-5.214870453E0,-4.553771496E0,-6.263530731E0,9.336140846E0
6.400675078E0,-5.214870453E0,-4.553771496E0,-6.263530731E0,9.336140846E0
6.402675078E0,-5.214870453E0,-4.553771496E0,-6.263530731E0,9.336140846E0
6.404675078E0,-5.214870453E0,-4.553771496E0,-6.263530731E0,9.336140846E0
6.406675078E0,-5.214870453E0,-4.553771496E0,-6.263530731E0,9.336140846E0
6.408675078E0,-2.952050686E0,-3.679888010E0,-3.986345768E0,6.176336422E0
6.410675944E0,-2.952050686E0,-3.679888010E0,-3.986345768E0,6.176336422E0
6.412676777E0,-2.952050686E0,-3.679888010E0,-3.986345768E0,6.176336422E0
6.414676743E0,-2.952050686E0,-3.679888010E0,-3.986345768E0,6.176336422E0
6.416676709E0,-2.952050686E0,-3.679888010E0,-3.986345768E0,6.176336422E0
6.418676675E0,-2.952050686E0,-3.679888010E0,-3.986345768E0,6.176336422E0
6.420676641E0,-2.952050686E0,-3.679888010E0,-3.986345768E0,6.176336422E0
6.422676607E0,-2.952050686E0,-3.679888010E0,-3.986345768E0,6.176336422E0
6.424676573E0,-2.952050686E0,-3.679888010E0,-3.986345768E0,6.176336422E0
6.426676539E0,-2.952050686E0,-3.679888010E0,-3.986345768E0,6.176336422E0
6.428676539E0,2.856282711E0,-4.070143029E-2,3.512293816E0,4.527274608E0
6.430675705E0,2.856282711E0,-4.070143029E-2,3.512293816E0,4.527274608E0
6.432675738E0,2.856282711E0,-4.070143029E-2,3.512293816E0,4.527274608E0
6.434675771E0,2.856282711E0,-4.070143029E-2,3.512293816E0,4.527274608E0
6.436675804E0,2.856282711E0,-4.070143029E-2,3.512293816E0,4.527274608E0
6.438675570E0,2.856282711E0,-4.070143029E-2,3.512293816E0,4.527274608E0
6.440675603E0,2.856282711E0,-4.070143029E-2,3.512293816E0,4.527274608E0
6.442675603E0,2.856282711E0,-4.070143029E-2,3.512293816E0,4.527274608E0
6.444675836E0,2.856282711E0,-4.070143029E-2,3.512293816E0,4.527274608E0
6.446675802E0,2.856282711E0,-4.070143029E-2,3.512293816E0,4.527274608E0
6.448675768E0,2.254919052E1,5.617096424E0,1.324262905E1,2.674668184E1
6.450675734E0,2.254919052E1,5.617096424E0,1.324262905E1,2.674668184E1
6.452675700E0,2.254919052E1,5.617096424E0,1.324262905E1,2.674668184E1
6.454675666E0,2.254919052E1,5.617096424E0,1.324262905E1,2.674668184E1
6.456675632E0,2.254919052E1,5.617096424E0,1.324262905E1,2.674668184E1
6.458675632E0,2.254919052E1,5.617096424E0,1.324262905E1,2.674668184E1
6.460675665E0,2.254919052E1,5.617096424E0,1.324262905E1,2.674668184E1
6.462675698E0,2.254919052E1,5.617096424E0,1.324262905E1,2.674668184E1
6.464675731E0,2.254919052E1,5.617096424E0,1.324262905E1,2.674668184E1
6.466675764E0,2.254919052E1,5.617096424E0,1.324262905E1,2.674668184E1
6.468675797E0,2.940648270E1,1.316601467E1,2.398331642E1,4.016571465E1
6.470674963E0,2.940648270E1,1.316601467E1,2.398331642E1,4.016571465E1
6.472674996E0,2.940648270E1,1.316601467E1,2.398331642E1,4.016571465E1
6.474675662E0,2.940648270E1,1.316601467E1,2.398331642E1,4.016571465E1
6.476675662E0,2.940648270E1,1.316601467E1,2.398331642E1,4.016571465E1
6.478675662E0,2.940648270E1,1.316601467E1,2.398331642E1,4.016571465E1
6.480675662E0,2.940648270E1,1.316601467E1,2.398331642E1,4.016571465E1
6.482675662E0,2.940648270E1,1.316601467E1,2.398331642E1,4.016571465E1
6.484675662E0,2.940648270E1,1.316601467E1,2.398331642E1,4.016571465E1
6.486675662E0,2.940648270E1,1.316601467E1,2.398331642E1,4.016571465E1
6.488675662E0,1.798823547E1,1.414284897E1,2.332491112E1,3.267488747E1
6.490676495E0,1.798823547E1,1.414284897E1,2.332491112E1,3.267488747E1
6.492676461E0,1.798823547E1,1.414284897E1,2.332491112E1,3.267488747E1
6.494676427E0,1.798823547E1,1.414284897E1,2.332491112E1,3.267488747E1
6.496676393E0,1.798823547E1,1.414284897E1,2.332491112E1,3.267488747E1
6.498676626E0,1.798823547E1,1.414284897E1,2.332491112E1,3.267488747E1
6.500676592E0,1.798823547E1,1.414284897E1,2.332491112E1,3.267488747E1
6.502676558E0,1.798823547E1,1.414284897E1,2.332491112E1,3.267488747E1
6.504676291E0,1.798823547E1,1.414284897E1,2.332491112E1,3.267488747E1
6.506676291E0,1.798823547E1,1.414284897E1,2.332491112E1,3.267488747E1
6.508676324E0,9.397541046E0,1.389624596E1,1.536419106E1,2.274813830E1
6.510675490E0,9.397541046E0,1.389624596E1,1.536419106E1,2.274813830E1
6.512675523E0,9.397541046E0,1.389624596E1,1.536419106E1,2.274813830E1
6.514675556E0,9.397541046E0,1.389624596E1,1.536419106E1,2.274813830E1
6.516675589E0,9.397541046E0,1.389624596E1,1.536419106E1,2.274813830E1
6.518675622E0,9.397541046E0,1.389624596E1,1.536419106E1,2.274813830E1
6.520675622E0,9.397541046E0,1.389624596E1,1.536419106E1,2.274813830E1
6.522675622E0,9.397541046E0,1.389624596E1,1.536419106E1,2.274813830E1
6.524675588E0,9.397541046E0,1.389624596E1,1.536419106E1,2.274813830E1
6.526675554E0,9.397541046E0,1.389624596E1,1.536419106E1,2.274813830E1
6.528675520E0,8.341697693E0,1.455465126E1,5.667374611E0,1.770708696E1
6.530676353E0,8.341697693E0,1.455465126E1,5.667374611E0,1.770708696E1
6.532676319E0,8.341697693E0,1.455465126E1,5.667374611E0,1.770708696E1
6.534675652E0,8.341697693E0,1.455465126E1,5.667374611E0,1.770708696E1
6.536675652E0,8.341697693E0,1.455465126E1,5.667374611E0,1.770708696E1
6.538675685E0,8.341697693E0,1.455465126E1,5.667374611E0,1.770708696E1
6.540675718E0,8.341697693E0,1.455465126E1,5.667374611E0,1.770708696E1
6.542675751E0,8.341697693E0,1.455465126E1,5.667374611E0,1.770708696E1
6.544675784E0,8.341697693E0,1.455465126E1,5.667374611E0,1.770708696E1
6.546675817E0,8.341697693E0,1.455465126E1,5.667374611E0,1.770708696E1
6.548675850E0,1.029536629E1,1.568262005E1,-1.790862918E0,1.884532644E1
6.550675016E0,1.029536629E1,1.568262005E1,-1.790862918E0,1.884532644E1
6.552674182E0,1.029536629E1,1.568262005E1,-1.790862918E0,1.884532644E1
6.554674182E0,1.029536629E1,1.568262005E1,-1.790862918E0,1.884532644E1
6.556674182E0,1.029536629E1,1.568262005E1,-1.790862918E0,1.884532644E1
6.558674182E0,1.029536629E1,1.568262005E1,-1.790862918E0,1.884532644E1
6.560674182E0,1.029536629E1,1.568262005E1,-1.790862918E0,1.884532644E1
6.562674182E0,1.029536629E1,1.568262005E1,-1.790862918E0,1.884532644E1
6.564674182E0,1.029536629E1,1.568262005E1,-1.790862918E0,1.884532644E1
6.566674182E0,1.029536629E1,1.568262005E1,-1.790862918E0,1.884532644E1
6.568674182E0,1.081969643E1,1.606090355E1,-7.463026047E0,2.075367947E1
6.570675015E0,1.081969643E1,1.606090355E1,-7.463026047E0,2.075367947E1
6.572674981E0,1.081969643E1,1.606090355E1,-7.463026047E0,2.075367947E1
6.574674947E0,1.081969643E1,1.606090355E1,-7.463026047E0,2.075367947E1
6.576674913E0,1.081969643E1,1.606090355E1,-7.463026047E0,2.075367947E1
6.578674879E0,1.081969643E1,1.606090355E1,-7.463026047E0,2.075367947E1
6.580674445E0,1.081969643E1,1.606090355E1,-7.463026047E0,2.075367947E1
6.582674411E0,1.081969643E1,1.606090355E1,-7.463026047E0,2.075367947E1
6.584674411E0,1.081969643E1,1.606090355E1,-7.463026047E0,2.075367947E1
6.586674444E0,1.081969643E1,1.606090355E1,-7.463026047E0,2.075367947E1
6.588674477E0,9.534010887E0,1.540489197E1,-1.206228733E1,2.176480728E1
6.590674510E0,9.534010887E0,1.540489197E1,-1.206228733E1,2.176480728E1
6.592674543E0,9.534010887E0,1.540489197E1,-1.206228733E1,2.176480728E1
6.594674576E0,9.534010887E0,1.540489197E1,-1.206228733E1,2.176480728E1
6.596674609E0,9.534010887E0,1.540489197E1,-1.206228733E1,2.176480728E1
6.598674609E0,9.534010887E0,1.540489197E1,-1.206228733E1,2.176480728E1
6.600674609E0,9.534010887E0,1.540489197E1,-1.206228733E1,2.176480728E1
6.602674575E0,9.534010887E0,1.540489197E1,-1.206228733E1,2.176480728E1
6.604674541E0,9.534010887E0,1.540489197E1,-1.206228733E1,2.176480728E1
6.606674507E0,9.534010887E0,1.540489197E1,-1.206228733E1,2.176480728E1
6.608673673E0,5.028122902E0,1.306066990E1,-1.256746387E1,1.880968544E1
6.610674506E0,5.028122902E0,1.306066990E1,-1.256746387E1,1.880968544E1
6.612675339E0,5.028122902E0,1.306066990E1,-1.256746387E1,1.880968544E1
6.614675339E0,5.028122902E0,1.306066990E1,-1.256746387E1,1.880968544E1
6.616675339E0,5.028122902E0,1.306066990E1,-1.256746387E1,1.880968544E1
6.618675372E0,5.028122902E0,1.306066990E1,-1.256746387E1,1.880968544E1
6.620675405E0,5.028122902E0,1.306066990E1,-1.256746387E1,1.880968544E1
6.622675438E0,5.028122902E0,1.306066990E1,-1.256746387E1,1.880968544E1
6.624675471E0,5.028122902E0,1.306066990E1,-1.256746387E1,1.880968544E1
6.626675504E0,5.028122902E0,1.306066990E1,-1.256746387E1,1.880968544E1
6.628675504E0,9.959878922E-1,9.213187218E0,-8.533234596E0,1.259725777E1
6.630674637E0,9.959878922E-1,9.213187218E0,-8.533234596E0,1.259725777E1
6.632674637E0,9.959878922E-1,9.213187218E0,-8.533234596E0,1.259725777E1
6.634674637E0,9.959878922E-1,9.213187218E0,-8.533234596E0,1.259725777E1
6.636674637E0,9.959878922E-1,9.213187218E0,-8.533234596E0,1.259725777E1
6.638674637E0,9.959878922E-1,9.213187218E0,-8.533234596E0,1.259725777E1
6.640675037E0,9.959878922E-1,9.213187218E0,-8.533234596E0,1.259725777E1
6.642675037E0,9.959878922E-1,9.213187218E0,-8.533234596E0,1.259725777E1
6.644675037E0,9.959878922E-1,9.213187218E0,-8.533234596E0,1.259725777E1
6.646675003E0,9.959878922E-1,9.213187218E0,-8.533234596E0,1.259725777E1
6.648674969E0,-5.770025849E-1,7.599495411E0,-3.557783842E0,8.410891056E0
6.650674935E0,-5.770025849E-1,7.599495411E0,-3.557783842E0,8.410891056E0
6.652674901E0,-5.770025849E-1,7.599495411E0,-3.557783842E0,8.410891056E0
6.654674867E0,-5.770025849E-1,7.599495411E0,-3.557783842E0,8.410891056E0
6.656674833E0,-5.770025849E-1,7.599495411E0,-3.557783842E0,8.410891056E0
6.658674799E0,-5.770025849E-1,7.599495411E0,-3.557783842E0,8.410891056E0
6.660674765E0,-5.770025849E-1,7.599495411E0,-3.557783842E0,8.410891056E0
6.662674765E0,-5.770025849E-1,7.599495411E0,-3.557783842E0,8.410891056E0
6.664674798E0,-5.770025849E-1,7.599495411E0,-3.557783842E0,8.410891056E0
6.666674831E0,-5.770025849E-1,7.599495411E0,-3.557783842E0,8.410891056E0
6.668675664E0,3.706224203E0,8.686463356E0,-1.946485996E0,9.642590482E0
6.670674830E0,3.706224203E0,8.686463356E0,-1.946485996E0,9.642590482E0
6.672675230E0,3.706224203E0,8.686463356E0,-1.946485996E0,9.642590482E0
6.674675263E0,3.706224203E0,8.686463356E0,-1.946485996E0,9.642590482E0
6.676675296E0,3.706224203E0,8.686463356E0,-1.946485996E0,9.642590482E0
6.678675296E0,3.706224203E0,8.686463356E0,-1.946485996E0,9.642590482E0
6.680675262E0,3.706224203E0,8.686463356E0,-1.946485996E0,9.642590482E0
6.682675228E0,3.706224203E0,8.686463356E0,-1.946485996E0,9.642590482E0
6.684675194E0,3.706224203E0,8.686463356E0,-1.946485996E0,9.642590482E0
6.686675160E0,9.399934769E0,1.112376022E1,-3.227383852E0,1.491686367E1
6.688675126E0,9.399934769E0,1.112376022E1,-3.227383852E0,1.491686367E1
6.690675992E0,9.399934769E0,1.112376022E1,-3.227383852E0,1.491686367E1
6.692675992E0,9.399934769E0,1.112376022E1,-3.227383852E0,1.491686367E1
6.694675992E0,9.399934769E0,1.112376022E1,-3.227383852E0,1.491686367E1
6.696676025E0,9.399934769E0,1.112376022E1,-3.227383852E0,1.491686367E1
6.698676058E0,9.399934769E0,1.112376022E1,-3.227383852E0,1.491686367E1
6.700676091E0,9.399934769E0,1.112376022E1,-3.227383852E0,1.491686367E1
6.702676124E0,9.399934769E0,1.112376022E1,-3.227383852E0,1.491686367E1
6.704676157E0,9.399934769E0,1.112376022E1,-3.227383852E0,1.491686367E1
6.706676190E0,1.194018269E1,1.235916805E1,-5.080795288E0,1.792014169E1
6.708676223E0,1.194018269E1,1.235916805E1,-5.080795288E0,1.792014169E1
6.710675356E0,1.194018269E1,1.235916805E1,-5.080795288E0,1.792014169E1
6.712674456E0,1.194018269E1,1.235916805E1,-5.080795288E0,1.792014169E1
6.714674456E0,1.194018269E1,1.235916805E1,-5.080795288E0,1.792014169E1
6.716674456E0,1.194018269E1,1.235916805E1,-5.080795288E0,1.792014169E1
6.718674456E0,1.194018269E1,1.235916805E1,-5.080795288E0,1.792014169E1
6.720674456E0,1.194018269E1,1.235916805E1,-5.080795288E0,1.792014169E1
6.722675056E0,1.194018269E1,1.235916805E1,-5.080795288E0,1.792014169E1
6.724675022E0,1.194018269E1,1.235916805E1,-5.080795288E0,1.792014169E1
6.726674988E0,1.168400383E1,1.185159779E1,-6.464643955E0,1.785407340E1
6.728674954E0,1.168400383E1,1.185159779E1,-6.464643955E0,1.785407340E1
6.730675787E0,1.168400383E1,1.185159779E1,-6.464643955E0,1.785407340E1
6.732675387E0,1.168400383E1,1.185159779E1,-6.464643955E0,1.785407340E1
6.734675353E0,1.168400383E1,1.185159779E1,-6.464643955E0,1.785407340E1
6.736675319E0,1.168400383E1,1.185159779E1,-6.464643955E0,1.785407340E1
6.738675285E0,1.168400383E1,1.185159779E1,-6.464643955E0,1.785407340E1
6.740675285E0,1.168400383E1,1.185159779E1,-6.464643955E0,1.785407340E1
6.742675318E0,1.168400383E1,1.185159779E1,-6.464643955E0,1.785407340E1
6.744675351E0,1.168400383E1,1.185159779E1,-6.464643955E0,1.785407340E1
6.746675384E0,1.200003815E1,1.057309437E1,-4.539406300E0,1.662520525E1
6.748675417E0,1.200003815E1,1.057309437E1,-4.539406300E0,1.662520525E1
6.750674583E0,1.200003815E1,1.057309437E1,-4.539406300E0,1.662520525E1
6.752673749E0,1.200003815E1,1.057309437E1,-4.539406300E0,1.662520525E1
6.754673782E0,1.200003815E1,1.057309437E1,-4.539406300E0,1.662520525E1
6.756673782E0,1.200003815E1,1.057309437E1,-4.539406300E0,1.662520525E1
6.758673748E0,1.200003815E1,1.057309437E1,-4.539406300E0,1.662520525E1
6.760673714E0,1.200003815E1,1.057309437E1,-4.539406300E0,1.662520525E1
6.762673680E0,1.200003815E1,1.057309437E1,-4.539406300E0,1.662520525E1
6.764673246E0,1.200003815E1,1.057309437E1,-4.539406300E0,1.662520525E1
6.766673212E0,1.116206741E1,8.696040154E0,-5.985504389E-2,1.414978607E1
6.768673178E0,1.116206741E1,8.696040154E0,-5.985504389E-2,1.414978607E1
6.770674044E0,1.116206741E1,8.696040154E0,-5.985504389E-2,1.414978607E1
6.772674944E0,1.116206741E1,8.696040154E0,-5.985504389E-2,1.414978607E1
6.774674944E0,1.116206741E1,8.696040154E0,-5.985504389E-2,1.414978607E1
6.776674944E0,1.116206741E1,8.696040154E0,-5.985504389E-2,1.414978607E1
6.778674944E0,1.116206741E1,8.696040154E0,-5.985504389E-2,1.414978607E1
6.780674944E0,1.116206741E1,8.696040154E0,-5.985504389E-2,1.414978607E1
6.782674344E0,1.116206741E1,8.696040154E0,-5.985504389E-2,1.414978607E1
6.784674344E0,1.116206741E1,8.696040154E0,-5.985504389E-2,1.414978607E1
6.786674344E0,8.918700218E0,6.000168800E0,3.356670856E0,1.126110467E1
6.788674377E0,8.918700218E0,6.000168800E0,3.356670856E0,1.126110467E1
6.790674410E0,8.918700218E0,6.000168800E0,3.356670856E0,1.126110467E1
6.792674443E0,8.918700218E0,6.000168800E0,3.356670856E0,1.126110467E1
6.794674476E0,8.918700218E0,6.000168800E0,3.356670856E0,1.126110467E1
6.796674509E0,8.918700218E0,6.000168800E0,3.356670856E0,1.126110467E1
6.798674542E0,8.918700218E0,6.000168800E0,3.356670856E0,1.126110467E1
6.800674575E0,8.918700218E0,6.000168800E0,3.356670856E0,1.126110467E1
6.802674575E0,8.918700218E0,6.000168800E0,3.356670856E0,1.126110467E1
6.804674541E0,8.918700218E0,6.000168800E0,3.356670856E0,1.126110467E1
6.806674507E0,6.581959724E0,3.387795448E0,5.492598057E0,9.217808049E0
6.808674473E0,6.581959724E0,3.387795448E0,5.492598057E0,9.217808049E0
6.810675306E0,6.581959724E0,3.387795448E0,5.492598057E0,9.217808049E0
6.812676139E0,6.581959724E0,3.387795448E0,5.492598057E0,9.217808049E0
6.814676105E0,6.581959724E0,3.387795448E0,5.492598057E0,9.217808049E0
6.816676071E0,6.581959724E0,3.387795448E0,5.492598057E0,9.217808049E0
6.818676071E0,6.581959724E0,3.387795448E0,5.492598057E0,9.217808049E0
6.820676104E0,6.581959724E0,3.387795448E0,5.492598057E0,9.217808049E0
6.822676137E0,6.581959724E0,3.387795448E0,5.492598057E0,9.217808049E0
6.824676570E0,6.581959724E0,3.387795448E0,5.492598057E0,9.217808049E0
6.826676603E0,3.828328609E0,7.206547260E-1,7.352892876E0,8.321086276E0
6.828676636E0,3.828328609E0,7.206547260E-1,7.352892876E0,8.321086276E0
6.830676169E0,3.828328609E0,7.206547260E-1,7.352892876E0,8.321086276E0
6.832676202E0,3.828328609E0,7.206547260E-1,7.352892876E0,8.321086276E0
6.834676235E0,3.828328609E0,7.206547260E-1,7.352892876E0,8.321086276E0
6.836676235E0,3.828328609E0,7.206547260E-1,7.352892876E0,8.321086276E0
6.838677268E0,3.828328609E0,7.206547260E-1,7.352892876E0,8.321086276E0
6.840677268E0,3.828328609E0,7.206547260E-1,7.352892876E0,8.321086276E0
6.842677834E0,3.828328609E0,7.206547260E-1,7.352892876E0,8.321086276E0
6.844677834E0,3.828328609E0,7.206547260E-1,7.352892876E0,8.321086276E0
6.846677834E0,-2.154781520E-1,-8.236053586E-1,1.061618996E1,1.065026975E1
6.848677800E0,-2.154781520E-1,-8.236053586E-1,1.061618996E1,1.065026975E1
6.850677766E0,-2.154781520E-1,-8.236053586E-1,1.061618996E1,1.065026975E1
6.852677732E0,-2.154781520E-1,-8.236053586E-1,1.061618996E1,1.065026975E1
6.854677765E0,-2.154781520E-1,-8.236053586E-1,1.061618996E1,1.065026975E1
6.856677731E0,-2.154781520E-1,-8.236053586E-1,1.061618996E1,1.065026975E1
6.858677697E0,-2.154781520E-1,-8.236053586E-1,1.061618996E1,1.065026975E1
6.860677663E0,-2.154781520E-1,-8.236053586E-1,1.061618996E1,1.065026975E1
6.862677629E0,-2.154781520E-1,-8.236053586E-1,1.061618996E1,1.065026975E1
6.864677629E0,-2.154781520E-1,-8.236053586E-1,1.061618996E1,1.065026975E1
6.866677629E0,-2.308010340E0,-4.836287498E-1,1.038634586E1,1.065068021E1
6.868677662E0,-2.308010340E0,-4.836287498E-1,1.038634586E1,1.065068021E1
6.870676828E0,-2.308010340E0,-4.836287498E-1,1.038634586E1,1.065068021E1
6.872676861E0,-2.308010340E0,-4.836287498E-1,1.038634586E1,1.065068021E1
6.874676894E0,-2.308010340E0,-4.836287498E-1,1.038634586E1,1.065068021E1
6.876676927E0,-2.308010340E0,-4.836287498E-1,1.038634586E1,1.065068021E1
6.878676960E0,-2.308010340E0,-4.836287498E-1,1.038634586E1,1.065068021E1
6.880676960E0,-2.308010340E0,-4.836287498E-1,1.038634586E1,1.065068021E1
6.882676926E0,-2.308010340E0,-4.836287498E-1,1.038634586E1,1.065068021E1
6.884676892E0,-2.308010340E0,-4.836287498E-1,1.038634586E1,1.065068021E1
6.886675958E0,-3.998316824E-1,3.280056417E-1,7.814973831E0,7.832066717E0
6.888675924E0,-3.998316824E-1,3.280056417E-1,7.814973831E0,7.832066717E0
6.890676390E0,-3.998316824E-1,3.280056417E-1,7.814973831E0,7.832066717E0
6.892676356E0,-3.998316824E-1,3.280056417E-1,7.814973831E0,7.832066717E0
6.894676322E0,-3.998316824E-1,3.280056417E-1,7.814973831E0,7.832066717E0
6.896676322E0,-3.998316824E-1,3.280056417E-1,7.814973831E0,7.832066717E0
6.898675322E0,-3.998316824E-1,3.280056417E-1,7.814973831E0,7.832066717E0
6.900675355E0,-3.998316824E-1,3.280056417E-1,7.814973831E0,7.832066717E0
6.902674821E0,-3.998316824E-1,3.280056417E-1,7.814973831E0,7.832066717E0
6.904674854E0,-3.998316824E-1,3.280056417E-1,7.814973831E0,7.832066717E0
6.906674887E0,1.623268723E0,2.116474390E0,5.420772076E0,6.041459682E0
6.908674920E0,1.623268723E0,2.116474390E0,5.420772076E0,6.041459682E0
6.910674086E0,1.623268723E0,2.116474390E0,5.420772076E0,6.041459682E0
6.912674119E0,1.623268723E0,2.116474390E0,5.420772076E0,6.041459682E0
6.914674052E0,1.623268723E0,2.116474390E0,5.420772076E0,6.041459682E0
6.916674052E0,1.623268723E0,2.116474390E0,5.420772076E0,6.041459682E0
6.918674052E0,1.623268723E0,2.116474390E0,5.420772076E0,6.041459682E0
6.920674052E0,1.623268723E0,2.116474390E0,5.420772076E0,6.041459682E0
6.922674052E0,1.623268723E0,2.116474390E0,5.420772076E0,6.041459682E0
6.924674052E0,1.623268723E0,2.116474390E0,5.420772076E0,6.041459682E0
6.926674052E0,2.051830769E0,4.537012100E0,3.488351822E0,6.079727521E0
6.928674018E0,2.051830769E0,4.537012100E0,3.488351822E0,6.079727521E0
6.930674851E0,2.051830769E0,4.537012100E0,3.488351822E0,6.079727521E0
6.932674817E0,2.051830769E0,4.537012100E0,3.488351822E0,6.079727521E0
6.934674783E0,2.051830769E0,4.537012100E0,3.488351822E0,6.079727521E0
6.936674749E0,2.051830769E0,4.537012100E0,3.488351822E0,6.079727521E0
6.938674715E0,2.051830769E0,4.537012100E0,3.488351822E0,6.079727521E0
6.940674681E0,2.051830769E0,4.537012100E0,3.488351822E0,6.079727521E0
6.942674681E0,2.051830769E0,4.537012100E0,3.488351822E0,6.079727521E0
6.944674681E0,2.051830769E0,4.537012100E0,3.488351822E0,6.079727521E0
6.946675614E0,2.719813108E0,5.794267178E0,1.419761658E0,6.556419651E0
6.948675647E0,2.719813108E0,5.794267178E0,1.419761658E0,6.556419651E0
6.950674813E0,2.719813108E0,5.794267178E0,1.419761658E0,6.556419651E0
6.952673979E0,2.719813108E0,5.794267178E0,1.419761658E0,6.556419651E0
6.954674012E0,2.719813108E0,5.794267178E0,1.419761658E0,6.556419651E0
6.956674045E0,2.719813108E0,5.794267178E0,1.419761658E0,6.556419651E0
6.958673645E0,2.719813108E0,5.794267178E0,1.419761658E0,6.556419651E0
6.960673611E0,2.719813108E0,5.794267178E0,1.419761658E0,6.556419651E0
6.962673577E0,2.719813108E0,5.794267178E0,1.419761658E0,6.556419651E0
6.964673543E0,4.728548527E0,8.047211647E0,1.482010841E0,9.450563084E0
6.966673509E0,4.728548527E0,8.047211647E0,1.482010841E0,9.450563084E0
6.968673475E0,4.728548527E0,8.047211647E0,1.482010841E0,9.450563084E0
6.970674308E0,4.728548527E0,8.047211647E0,1.482010841E0,9.450563084E0
6.972674274E0,4.728548527E0,8.047211647E0,1.482010841E0,9.450563084E0
6.974674274E0,4.728548527E0,8.047211647E0,1.482010841E0,9.450563084E0
6.976674307E0,4.728548527E0,8.047211647E0,1.482010841E0,9.450563084E0
6.978674340E0,4.728548527E0,8.047211647E0,1.482010841E0,9.450563084E0
6.980674373E0,4.728548527E0,8.047211647E0,1.482010841E0,9.450563084E0
6.982674573E0,4.728548527E0,8.047211647E0,1.482010841E0,9.450563084E0
6.984674606E0,7.273883820E0,1.181089592E1,-3.088520169E-1,1.387451036E1
6.986674639E0,7.273883820E0,1.181089592E1,-3.088520169E-1,1.387451036E1
6.988674672E0,7.273883820E0,1.181089592E1,-3.088520169E-1,1.387451036E1
6.990674705E0,7.273883820E0,1.181089592E1,-3.088520169E-1,1.387451036E1
6.992674705E0,7.273883820E0,1.181089592E1,-3.088520169E-1,1.387451036E1
6.994674705E0,7.273883820E0,1.181089592E1,-3.088520169E-1,1.387451036E1
6.996674705E0,7.273883820E0,1.181089592E1,-3.088520169E-1,1.387451036E1
6.998674705E0,7.273883820E0,1.181089592E1,-3.088520169E-1,1.387451036E1
7.000674905E0,7.273883820E0,1.181089592E1,-3.088520169E-1,1.387451036E1
7.002674905E0,7.273883820E0,1.181089592E1,-3.088520169E-1,1.387451036E1
7.004674905E0,8.549993515E0,1.243578243E1,-9.169792533E-1,1.511925675E1
7.006675338E0,8.549993515E0,1.243578243E1,-9.169792533E-1,1.511925675E1
7.008675304E0,8.549993515E0,1.243578243E1,-9.169792533E-1,1.511925675E1
7.010676137E0,8.549993515E0,1.243578243E1,-9.169792533E-1,1.511925675E1
7.012676970E0,8.549993515E0,1.243578243E1,-9.169792533E-1,1.511925675E1
7.014676936E0,8.549993515E0,1.243578243E1,-9.169792533E-1,1.511925675E1
7.016676902E0,8.549993515E0,1.243578243E1,-9.169792533E-1,1.511925675E1
7.018677268E0,8.549993515E0,1.243578243E1,-9.169792533E-1,1.511925675E1
7.020677268E0,8.549993515E0,1.243578243E1,-9.169792533E-1,1.511925675E1
7.022677268E0,8.549993515E0,1.243578243E1,-9.169792533E-1,1.511925675E1
7.024677301E0,5.703287601E0,1.081969643E1,7.996633649E-1,1.225694830E1
7.026677334E0,5.703287601E0,1.081969643E1,7.996633649E-1,1.225694830E1
7.028677367E0,5.703287601E0,1.081969643E1,7.996633649E-1,1.225694830E1
7.030676633E0,5.703287601E0,1.081969643E1,7.996633649E-1,1.225694830E1
7.032676666E0,5.703287601E0,1.081969643E1,7.996633649E-1,1.225694830E1
7.034676699E0,5.703287601E0,1.081969643E1,7.996633649E-1,1.225694830E1
7.036676699E0,5.703287601E0,1.081969643E1,7.996633649E-1,1.225694830E1
7.038676665E0,5.703287601E0,1.081969643E1,7.996633649E-1,1.225694830E1
7.040676631E0,5.703287601E0,1.081969643E1,7.996633649E-1,1.225694830E1
7.042676431E0,5.703287601E0,1.081969643E1,7.996633649E-1,1.225694830E1
7.044676397E0,4.422090530E0,6.799831867E0,1.417876148E1,1.633492808E1
7.046675863E0,4.422090530E0,6.799831867E0,1.417876148E1,1.633492808E1
7.048675829E0,4.422090530E0,6.799831867E0,1.417876148E1,1.633492808E1
7.050675795E0,4.422090530E0,6.799831867E0,1.417876148E1,1.633492808E1
7.052675795E0,4.422090530E0,6.799831867E0,1.417876148E1,1.633492808E1
7.054675828E0,4.422090530E0,6.799831867E0,1.417876148E1,1.633492808E1
7.056675861E0,4.422090530E0,6.799831867E0,1.417876148E1,1.633492808E1
7.058675894E0,4.422090530E0,6.799831867E0,1.417876148E1,1.633492808E1
7.060675727E0,4.422090530E0,6.799831867E0,1.417876148E1,1.633492808E1
7.062675760E0,4.422090530E0,6.799831867E0,1.417876148E1,1.633492808E1
7.064675793E0,6.438307762E0,7.992144585E0,2.941366577E1,3.115268714E1
7.066675359E0,6.438307762E0,7.992144585E0,2.941366577E1,3.115268714E1
7.068675392E0,6.438307762E0,7.992144585E0,2.941366577E1,3.115268714E1
7.070674525E0,6.438307762E0,7.992144585E0,2.941366577E1,3.115268714E1
7.072674525E0,6.438307762E0,7.992144585E0,2.941366577E1,3.115268714E1
7.074674525E0,6.438307762E0,7.992144585E0,2.941366577E1,3.115268714E1
7.076674525E0,6.438307762E0,7.992144585E0,2.941366577E1,3.115268714E1
7.078674625E0,6.438307762E0,7.992144585E0,2.941366577E1,3.115268714E1
7.080674625E0,6.438307762E0,7.992144585E0,2.941366577E1,3.115268714E1
7.082674625E0,6.438307762E0,7.992144585E0,2.941366577E1,3.115268714E1
7.084674591E0,4.129997730E0,8.693645477E0,2.605220604E1,2.777325679E1
7.086674557E0,4.129997730E0,8.693645477E0,2.605220604E1,2.777325679E1
7.088674523E0,4.129997730E0,8.693645477E0,2.605220604E1,2.777325679E1
7.090675256E0,4.129997730E0,8.693645477E0,2.605220604E1,2.777325679E1
7.092675222E0,4.129997730E0,8.693645477E0,2.605220604E1,2.777325679E1
7.094674822E0,4.129997730E0,8.693645477E0,2.605220604E1,2.777325679E1
7.096674788E0,4.129997730E0,8.693645477E0,2.605220604E1,2.777325679E1
7.098674788E0,4.129997730E0,8.693645477E0,2.605220604E1,2.777325679E1
7.100674788E0,4.129997730E0,8.693645477E0,2.605220604E1,2.777325679E1
7.102674821E0,4.129997730E0,8.693645477E0,2.605220604E1,2.777325679E1
7.104674854E0,1.867477298E-1,7.012916088E0,1.976473427E1,2.097285358E1
7.106675387E0,1.867477298E-1,7.012916088E0,1.976473427E1,2.097285358E1
7.108675420E0,1.867477298E-1,7.012916088E0,1.976473427E1,2.097285358E1
7.110674586E0,1.867477298E-1,7.012916088E0,1.976473427E1,2.097285358E1
7.112674619E0,1.867477298E-1,7.012916088E0,1.976473427E1,2.097285358E1
7.114674619E0,1.867477298E-1,7.012916088E0,1.976473427E1,2.097285358E1
7.116674619E0,1.867477298E-1,7.012916088E0,1.976473427E1,2.097285358E1
7.118674585E0,1.867477298E-1,7.012916088E0,1.976473427E1,2.097285358E1
7.120674551E0,1.867477298E-1,7.012916088E0,1.976473427E1,2.097285358E1
7.122674517E0,1.867477298E-1,7.012916088E0,1.976473427E1,2.097285358E1
7.124674483E0,5.219359994E-1,6.208464146E0,1.751657867E1,1.859161028E1
7.126674449E0,5.219359994E-1,6.208464146E0,1.751657867E1,1.859161028E1
7.128674415E0,5.219359994E-1,6.208464146E0,1.751657867E1,1.859161028E1
7.130675281E0,5.219359994E-1,6.208464146E0,1.751657867E1,1.859161028E1
7.132675314E0,5.219359994E-1,6.208464146E0,1.751657867E1,1.859161028E1
7.134675347E0,5.219359994E-1,6.208464146E0,1.751657867E1,1.859161028E1
7.136675380E0,5.219359994E-1,6.208464146E0,1.751657867E1,1.859161028E1
7.138675313E0,5.219359994E-1,6.208464146E0,1.751657867E1,1.859161028E1
7.140675346E0,5.219359994E-1,6.208464146E0,1.751657867E1,1.859161028E1
7.142675379E0,5.219359994E-1,6.208464146E0,1.751657867E1,1.859161028E1
7.144675412E0,1.546654344E0,5.147832870E0,1.622131538E1,1.708869204E1
7.146675445E0,1.546654344E0,5.147832870E0,1.622131538E1,1.708869204E1
7.148675445E0,1.546654344E0,5.147832870E0,1.622131538E1,1.708869204E1
7.150674578E0,1.546654344E0,5.147832870E0,1.622131538E1,1.708869204E1
7.152673711E0,1.546654344E0,5.147832870E0,1.622131538E1,1.708869204E1
7.154674077E0,1.546654344E0,5.147832870E0,1.622131538E1,1.708869204E1
7.156674077E0,1.546654344E0,5.147832870E0,1.622131538E1,1.708869204E1
7.158674077E0,1.546654344E0,5.147832870E0,1.622131538E1,1.708869204E1
7.160674077E0,1.546654344E0,5.147832870E0,1.622131538E1,1.708869204E1
7.162674043E0,1.546654344E0,5.147832870E0,1.622131538E1,1.708869204E1
7.164674009E0,2.449268341E0,3.210624456E0,1.403750420E1,1.460679804E1
7.166674442E0,2.449268341E0,3.210624456E0,1.403750420E1,1.460679804E1
7.168674408E0,2.449268341E0,3.210624456E0,1.403750420E1,1.460679804E1
7.170675241E0,2.449268341E0,3.210624456E0,1.403750420E1,1.460679804E1
7.172675207E0,2.449268341E0,3.210624456E0,1.403750420E1,1.460679804E1
7.174675173E0,2.449268341E0,3.210624456E0,1.403750420E1,1.460679804E1
7.176675139E0,2.449268341E0,3.210624456E0,1.403750420E1,1.460679804E1
7.178675005E0,2.449268341E0,3.210624456E0,1.403750420E1,1.460679804E1
7.180675038E0,2.449268341E0,3.210624456E0,1.403750420E1,1.460679804E1
7.182675071E0,2.449268341E0,3.210624456E0,1.403750420E1,1.460679804E1
7.184675104E0,3.854664803E0,1.551442742E0,1.118600941E1,1.193282120E1
7.186675137E0,3.854664803E0,1.551442742E0,1.118600941E1,1.193282120E1
7.188675170E0,3.854664803E0,1.551442742E0,1.118600941E1,1.193282120E1
7.190675503E0,3.854664803E0,1.551442742E0,1.118600941E1,1.193282120E1
7.192675503E0,3.854664803E0,1.551442742E0,1.118600941E1,1.193282120E1
7.194675503E0,3.854664803E0,1.551442742E0,1.118600941E1,1.193282120E1
7.196675469E0,3.854664803E0,1.551442742E0,1.118600941E1,1.193282120E1
7.198675435E0,3.854664803E0,1.551442742E0,1.118600941E1,1.193282120E1
7.200675401E0,3.854664803E0,1.551442742E0,1.118600941E1,1.193282120E1
7.202675367E0,3.854664803E0,1.551442742E0,1.118600941E1,1.193282120E1
7.204674967E0,4.934749126E0,8.954314590E-1,8.114249229E0,9.539108291E0
7.206674933E0,4.934749126E0,8.954314590E-1,8.114249229E0,9.539108291E0
7.208674933E0,4.934749126E0,8.954314590E-1,8.114249229E0,9.539108291E0
7.210675833E0,4.934749126E0,8.954314590E-1,8.114249229E0,9.539108291E0
7.212676733E0,4.934749126E0,8.954314590E-1,8.114249229E0,9.539108291E0
7.214676766E0,4.934749126E0,8.954314590E-1,8.114249229E0,9.539108291E0
7.216676799E0,4.934749126E0,8.954314590E-1,8.114249229E0,9.539108291E0
7.218676832E0,4.934749126E0,8.954314590E-1,8.114249229E0,9.539108291E0
7.220676865E0,4.934749126E0,8.954314590E-1,8.114249229E0,9.539108291E0
7.222676898E0,6.261136532E0,6.703764796E-1,5.059247494E0,8.077575162E0
7.224676931E0,6.261136532E0,6.703764796E-1,5.059247494E0,8.077575162E0
7.226676464E0,6.261136532E0,6.703764796E-1,5.059247494E0,8.077575162E0
7.228676464E0,6.261136532E0,6.703764796E-1,5.059247494E0,8.077575162E0
7.230675564E0,6.261136532E0,6.703764796E-1,5.059247494E0,8.077575162E0
7.232675564E0,6.261136532E0,6.703764796E-1,5.059247494E0,8.077575162E0
7.234675564E0,6.261136532E0,6.703764796E-1,5.059247494E0,8.077575162E0
7.236675564E0,6.261136532E0,6.703764796E-1,5.059247494E0,8.077575162E0
7.238675697E0,6.261136532E0,6.703764796E-1,5.059247494E0,8.077575162E0
7.240675663E0,6.261136532E0,6.703764796E-1,5.059247494E0,8.077575162E0
7.242675629E0,7.175721645E0,1.007958889E0,2.674323320E0,7.723921768E0
7.244675595E0,7.175721645E0,1.007958889E0,2.674323320E0,7.723921768E0
7.246675561E0,7.175721645E0,1.007958889E0,2.674323320E0,7.723921768E0
7.248675527E0,7.175721645E0,1.007958889E0,2.674323320E0,7.723921768E0
7.250675193E0,7.175721645E0,1.007958889E0,2.674323320E0,7.723921768E0
7.252675159E0,7.175721645E0,1.007958889E0,2.674323320E0,7.723921768E0
7.254675125E0,7.175721645E0,1.007958889E0,2.674323320E0,7.723921768E0
7.256675125E0,7.175721645E0,1.007958889E0,2.674323320E0,7.723921768E0
7.258675158E0,7.175721645E0,1.007958889E0,2.674323320E0,7.723921768E0
7.260675191E0,7.175721645E0,1.007958889E0,2.674323320E0,7.723921768E0
7.262675224E0,7.644985199E0,1.070208192E0,8.403648138E-1,7.765137300E0
7.264675624E0,7.644985199E0,1.070208192E0,8.403648138E-1,7.765137300E0
7.266675657E0,7.644985199E0,1.070208192E0,8.403648138E-1,7.765137300E0
7.268675690E0,7.644985199E0,1.070208192E0,8.403648138E-1,7.765137300E0
7.270674823E0,7.644985199E0,1.070208192E0,8.403648138E-1,7.765137300E0
7.272674823E0,7.644985199E0,1.070208192E0,8.403648138E-1,7.765137300E0
7.274674789E0,7.644985199E0,1.070208192E0,8.403648138E-1,7.765137300E0
7.276674755E0,7.644985199E0,1.070208192E0,8.403648138E-1,7.765137300E0
7.278674721E0,7.644985199E0,1.070208192E0,8.403648138E-1,7.765137300E0
7.280674687E0,7.644985199E0,1.070208192E0,8.403648138E-1,7.765137300E0
7.282674653E0,8.581118584E0,1.436521020E-2,2.322375536E0,8.889838617E0
7.284674619E0,8.581118584E0,1.436521020E-2,2.322375536E0,8.889838617E0
7.286674619E0,8.581118584E0,1.436521020E-2,2.322375536E0,8.889838617E0
7.288674652E0,8.581118584E0,1.436521020E-2,2.322375536E0,8.889838617E0
7.290675585E0,8.581118584E0,1.436521020E-2,2.322375536E0,8.889838617E0
7.292675618E0,8.581118584E0,1.436521020E-2,2.322375536E0,8.889838617E0
7.294675651E0,8.581118584E0,1.436521020E-2,2.322375536E0,8.889838617E0
7.296675684E0,8.581118584E0,1.436521020E-2,2.322375536E0,8.889838617E0
7.298675717E0,8.581118584E0,1.436521020E-2,2.322375536E0,8.889838617E0
7.300675750E0,8.581118584E0,1.436521020E-2,2.322375536E0,8.889838617E0
7.302675783E0,1.036719227E1,-2.825157940E-1,2.226607561E0,1.060736876E1
7.304675783E0,1.036719227E1,-2.825157940E-1,2.226607561E0,1.060736876E1
7.306675783E0,1.036719227E1,-2.825157940E-1,2.226607561E0,1.060736876E1
7.308675783E0,1.036719227E1,-2.825157940E-1,2.226607561E0,1.060736876E1
7.310674916E0,1.036719227E1,-2.825157940E-1,2.226607561E0,1.060736876E1
7.312674916E0,1.036719227E1,-2.825157940E-1,2.226607561E0,1.060736876E1
7.314674016E0,1.036719227E1,-2.825157940E-1,2.226607561E0,1.060736876E1
7.316674016E0,1.036719227E1,-2.825157940E-1,2.226607561E0,1.060736876E1
7.318673982E0,1.036719227E1,-2.825157940E-1,2.226607561E0,1.060736876E1
7.320673948E0,1.036719227E1,-2.825157940E-1,2.226607561E0,1.060736876E1
7.322673914E0,1.523011589E1,1.719036818E0,-7.015010715E-1,1.534286875E1
7.324673880E0,1.523011589E1,1.719036818E0,-7.015010715E-1,1.534286875E1
7.326673846E0,1.523011589E1,1.719036818E0,-7.015010715E-1,1.534286875E1
7.328673812E0,1.523011589E1,1.719036818E0,-7.015010715E-1,1.534286875E1
7.330674645E0,1.523011589E1,1.719036818E0,-7.015010715E-1,1.534286875E1
7.332674611E0,1.523011589E1,1.719036818E0,-7.015010715E-1,1.534286875E1
7.334674244E0,1.523011589E1,1.719036818E0,-7.015010715E-1,1.534286875E1
7.336674277E0,1.523011589E1,1.719036818E0,-7.015010715E-1,1.534286875E1
7.338674310E0,1.523011589E1,1.719036818E0,-7.015010715E-1,1.534286875E1
7.340674343E0,1.523011589E1,1.719036818E0,-7.015010715E-1,1.534286875E1
7.342674376E0,2.023399734E1,4.580107689E0,-1.072602391E0,2.077360130E1
7.344674409E0,2.023399734E1,4.580107689E0,-1.072602391E0,2.077360130E1
7.346674442E0,2.023399734E1,4.580107689E0,-1.072602391E0,2.077360130E1
7.348674442E0,2.023399734E1,4.580107689E0,-1.072602391E0,2.077360130E1
7.350673575E0,2.023399734E1,4.580107689E0,-1.072602391E0,2.077360130E1
7.352672675E0,2.023399734E1,4.580107689E0,-1.072602391E0,2.077360130E1
7.354672641E0,2.023399734E1,4.580107689E0,-1.072602391E0,2.077360130E1
7.356672607E0,2.023399734E1,4.580107689E0,-1.072602391E0,2.077360130E1
7.358672573E0,2.023399734E1,4.580107689E0,-1.072602391E0,2.077360130E1
7.360672539E0,2.023399734E1,4.580107689E0,-1.072602391E0,2.077360130E1
7.362672505E0,2.171600723E1,8.006509781E0,1.460463107E-1,2.314542068E1
7.364672505E0,2.171600723E1,8.006509781E0,1.460463107E-1,2.314542068E1
7.366672505E0,2.171600723E1,8.006509781E0,1.460463107E-1,2.314542068E1
7.368672538E0,2.171600723E1,8.006509781E0,1.460463107E-1,2.314542068E1
7.370673438E0,2.171600723E1,8.006509781E0,1.460463107E-1,2.314542068E1
7.372673471E0,2.171600723E1,8.006509781E0,1.460463107E-1,2.314542068E1
7.374674404E0,2.171600723E1,8.006509781E0,1.460463107E-1,2.314542068E1
7.376674437E0,2.171600723E1,8.006509781E0,1.460463107E-1,2.314542068E1
7.378674470E0,2.171600723E1,8.006509781E0,1.460463107E-1,2.314542068E1
7.380674503E0,2.171600723E1,8.006509781E0,1.460463107E-1,2.314542068E1
7.382674503E0,1.972642708E1,8.042423248E0,-7.757213712E-1,2.131699417E1
7.384674503E0,1.972642708E1,8.042423248E0,-7.757213712E-1,2.131699417E1
7.386674503E0,1.972642708E1,8.042423248E0,-7.757213712E-1,2.131699417E1
7.388674503E0,1.972642708E1,8.042423248E0,-7.757213712E-1,2.131699417E1
7.390674503E0,1.972642708E1,8.042423248E0,-7.757213712E-1,2.131699417E1
7.392674503E0,1.972642708E1,8.042423248E0,-7.757213712E-1,2.131699417E1
7.394674869E0,1.972642708E1,8.042423248E0,-7.757213712E-1,2.131699417E1
7.396674835E0,1.972642708E1,8.042423248E0,-7.757213712E-1,2.131699417E1
7.398674801E0,1.972642708E1,8.042423248E0,-7.757213712E-1,2.131699417E1
7.400674767E0,1.972642708E1,8.042423248E0,-7.757213712E-1,2.131699417E1
7.402674733E0,1.465520763E1,4.716577530E0,1.142034173E0,1.543779312E1
7.404674699E0,1.465520763E1,4.716577530E0,1.142034173E0,1.543779312E1
7.406674665E0,1.465520763E1,4.716577530E0,1.142034173E0,1.543779312E1
7.408674631E0,1.465520763E1,4.716577530E0,1.142034173E0,1.543779312E1
7.410675464E0,1.465520763E1,4.716577530E0,1.142034173E0,1.543779312E1
7.412676330E0,1.465520763E1,4.716577530E0,1.142034173E0,1.543779312E1
7.414677063E0,1.465520763E1,4.716577530E0,1.142034173E0,1.543779312E1
7.416677096E0,1.465520763E1,4.716577530E0,1.142034173E0,1.543779312E1
7.418677129E0,1.465520763E1,4.716577530E0,1.142034173E0,1.543779312E1
7.420677162E0,1.465520763E1,4.716577530E0,1.142034173E0,1.543779312E1
7.422677195E0,1.347007847E1,3.040636063E0,5.071218491E0,1.471073549E1
7.424677228E0,1.347007847E1,3.040636063E0,5.071218491E0,1.471073549E1
7.426677261E0,1.347007847E1,3.040636063E0,5.071218491E0,1.471073549E1
7.428677261E0,1.347007847E1,3.040636063E0,5.071218491E0,1.471073549E1
7.430676327E0,1.347007847E1,3.040636063E0,5.071218491E0,1.471073549E1
7.432676293E0,1.347007847E1,3.040636063E0,5.071218491E0,1.471073549E1
7.434676259E0,1.347007847E1,3.040636063E0,5.071218491E0,1.471073549E1
7.436676225E0,1.347007847E1,3.040636063E0,5.071218491E0,1.471073549E1
7.438676191E0,1.347007847E1,3.040636063E0,5.071218491E0,1.471073549E1
7.440675257E0,1.347007847E1,3.040636063E0,5.071218491E0,1.471073549E1
7.442675257E0,1.500506020E1,3.586514235E0,8.363245964E0,1.754875491E1
7.444675257E0,1.500506020E1,3.586514235E0,8.363245964E0,1.754875491E1
7.446675290E0,1.500506020E1,3.586514235E0,8.363245964E0,1.754875491E1
7.448675323E0,1.500506020E1,3.586514235E0,8.363245964E0,1.754875491E1
7.450675356E0,1.500506020E1,3.586514235E0,8.363245964E0,1.754875491E1
7.452675389E0,1.500506020E1,3.586514235E0,8.363245964E0,1.754875491E1
7.454675422E0,1.500506020E1,3.586514235E0,8.363245964E0,1.754875491E1
7.456675455E0,1.500506020E1,3.586514235E0,8.363245964E0,1.754875491E1
7.458675488E0,1.500506020E1,3.586514235E0,8.363245964E0,1.754875491E1
7.460675488E0,1.500506020E1,3.586514235E0,8.363245964E0,1.754875491E1
7.462675488E0,1.451634407E1,2.880224705E0,4.266467571E0,1.540203509E1
7.464675488E0,1.451634407E1,2.880224705E0,4.266467571E0,1.540203509E1
7.466674888E0,1.451634407E1,2.880224705E0,4.266467571E0,1.540203509E1
7.468674888E0,1.451634407E1,2.880224705E0,4.266467571E0,1.540203509E1
7.470674021E0,1.451634407E1,2.880224705E0,4.266467571E0,1.540203509E1
7.472674021E0,1.451634407E1,2.880224705E0,4.266467571E0,1.540203509E1
7.474673287E0,1.451634407E1,2.880224705E0,4.266467571E0,1.540203509E1
7.476673253E0,1.451634407E1,2.880224705E0,4.266467571E0,1.540203509E1
7.478673219E0,1.451634407E1,2.880224705E0,4.266467571E0,1.540203509E1
7.480673185E0,1.451634407E1,2.880224705E0,4.266467571E0,1.540203509E1
7.482673151E0,1.117882729E1,2.643198729E0,5.339069963E-1,1.149946676E1
7.484672717E0,1.117882729E1,2.643198729E0,5.339069963E-1,1.149946676E1
7.486672683E0,1.117882729E1,2.643198729E0,5.339069963E-1,1.149946676E1
7.488672649E0,1.117882729E1,2.643198729E0,5.339069963E-1,1.149946676E1
7.490673549E0,1.117882729E1,2.643198729E0,5.339069963E-1,1.149946676E1
7.492673582E0,1.117882729E1,2.643198729E0,5.339069963E-1,1.149946676E1
7.494673615E0,1.117882729E1,2.643198729E0,5.339069963E-1,1.149946676E1
7.496673648E0,1.117882729E1,2.643198729E0,5.339069963E-1,1.149946676E1
7.498673681E0,1.117882729E1,2.643198729E0,5.339069963E-1,1.149946676E1
7.500674614E0,8.236352921E0,2.059013367E0,-2.346317619E-1,8.493061729E0
7.502674647E0,8.236352921E0,2.059013367E0,-2.346317619E-1,8.493061729E0
7.504674680E0,8.236352921E0,2.059013367E0,-2.346317619E-1,8.493061729E0
7.506674680E0,8.236352921E0,2.059013367E0,-2.346317619E-1,8.493061729E0
7.508674646E0,8.236352921E0,2.059013367E0,-2.346317619E-1,8.493061729E0
7.510673746E0,8.236352921E0,2.059013367E0,-2.346317619E-1,8.493061729E0
7.512673712E0,8.236352921E0,2.059013367E0,-2.346317619E-1,8.493061729E0
7.514673678E0,8.236352921E0,2.059013367E0,-2.346317619E-1,8.493061729E0
7.516673644E0,8.236352921E0,2.059013367E0,-2.346317619E-1,8.493061729E0
7.518673610E0,8.236352921E0,2.059013367E0,-2.346317619E-1,8.493061729E0
7.520673610E0,4.393360138E0,1.611297727E0,-9.576806799E-3,4.679528329E0
7.522673610E0,4.393360138E0,1.611297727E0,-9.576806799E-3,4.679528329E0
7.524673643E0,4.393360138E0,1.611297727E0,-9.576806799E-3,4.679528329E0
7.526674276E0,4.393360138E0,1.611297727E0,-9.576806799E-3,4.679528329E0
7.528674309E0,4.393360138E0,1.611297727E0,-9.576806799E-3,4.679528329E0
7.530675209E0,4.393360138E0,1.611297727E0,-9.576806799E-3,4.679528329E0
7.532675242E0,4.393360138E0,1.611297727E0,-9.576806799E-3,4.679528329E0
7.534675275E0,4.393360138E0,1.611297727E0,-9.576806799E-3,4.679528329E0
7.536675308E0,4.393360138E0,1.611297727E0,-9.576806799E-3,4.679528329E0
7.538675308E0,4.393360138E0,1.611297727E0,-9.576806799E-3,4.679528329E0
7.540675308E0,1.321599364E0,1.302445769E0,1.805228114E0,2.588790916E0
7.542675308E0,1.321599364E0,1.302445769E0,1.805228114E0,2.588790916E0
7.544675708E0,1.321599364E0,1.302445769E0,1.805228114E0,2.588790916E0
7.546675708E0,1.321599364E0,1.302445769E0,1.805228114E0,2.588790916E0
7.548675708E0,1.321599364E0,1.302445769E0,1.805228114E0,2.588790916E0
7.550674841E0,1.321599364E0,1.302445769E0,1.805228114E0,2.588790916E0
7.552673941E0,1.321599364E0,1.302445769E0,1.805228114E0,2.588790916E0
7.554673907E0,1.321599364E0,1.302445769E0,1.805228114E0,2.588790916E0
7.556673873E0,1.321599364E0,1.302445769E0,1.805228114E0,2.588790916E0
7.558673839E0,1.321599364E0,1.302445769E0,1.805228114E0,2.588790916E0
7.560673805E0,3.615244627E-1,1.024718285E0,5.839757442E0,5.939992802E0
7.562673771E0,3.615244627E-1,1.024718285E0,5.839757442E0,5.939992802E0
7.564673737E0,3.615244627E-1,1.024718285E0,5.839757442E0,5.939992802E0
7.566673703E0,3.615244627E-1,1.024718285E0,5.839757442E0,5.939992802E0
7.568673303E0,3.615244627E-1,1.024718285E0,5.839757442E0,5.939992802E0
7.570674203E0,3.615244627E-1,1.024718285E0,5.839757442E0,5.939992802E0
7.572674236E0,3.615244627E-1,1.024718285E0,5.839757442E0,5.939992802E0
7.574674269E0,3.615244627E-1,1.024718285E0,5.839757442E0,5.939992802E0
7.576674302E0,3.615244627E-1,1.024718285E0,5.839757442E0,5.939992802E0
7.578674335E0,3.615244627E-1,1.024718285E0,5.839757442E0,5.939992802E0
7.580674368E0,-1.003170490E0,9.169792533E-1,8.008903503E0,8.123406755E0
7.582674401E0,-1.003170490E0,9.169792533E-1,8.008903503E0,8.123406755E0
7.584674401E0,-1.003170490E0,9.169792533E-1,8.008903503E0,8.123406755E0
7.586674367E0,-1.003170490E0,9.169792533E-1,8.008903503E0,8.123406755E0
7.588674333E0,-1.003170490E0,9.169792533E-1,8.008903503E0,8.123406755E0
7.590674299E0,-1.003170490E0,9.169792533E-1,8.008903503E0,8.123406755E0
7.592674265E0,-1.003170490E0,9.169792533E-1,8.008903503E0,8.123406755E0
7.594674231E0,-1.003170490E0,9.169792533E-1,8.008903503E0,8.123406755E0
7.596674197E0,-1.003170490E0,9.169792533E-1,8.008903503E0,8.123406755E0
7.598673297E0,-1.003170490E0,9.169792533E-1,8.008903503E0,8.123406755E0
7.600673297E0,-5.140650272E0,7.517793179E-1,7.419930458E0,9.057970268E0
7.602672930E0,-5.140650272E0,7.517793179E-1,7.419930458E0,9.057970268E0
7.604672963E0,-5.140650272E0,7.517793179E-1,7.419930458E0,9.057970268E0
7.606672996E0,-5.140650272E0,7.517793179E-1,7.419930458E0,9.057970268E0
7.608673029E0,-5.140650272E0,7.517793179E-1,7.419930458E0,9.057970268E0
7.610673929E0,-5.140650272E0,7.517793179E-1,7.419930458E0,9.057970268E0
7.612674829E0,-5.140650272E0,7.517793179E-1,7.419930458E0,9.057970268E0
7.614674862E0,-5.140650272E0,7.517793179E-1,7.419930458E0,9.057970268E0
7.616674895E0,-5.140650272E0,7.517793179E-1,7.419930458E0,9.057970268E0
7.618674895E0,-5.140650272E0,7.517793179E-1,7.419930458E0,9.057970268E0
7.620674895E0,-6.713640690E0,-2.161964178E0,1.036240387E1,1.253500995E1
7.622674895E0,-6.713640690E0,-2.161964178E0,1.036240387E1,1.253500995E1
7.624674895E0,-6.713640690E0,-2.161964178E0,1.036240387E1,1.253500995E1
7.626674895E0,-6.713640690E0,-2.161964178E0,1.036240387E1,1.253500995E1
7.628675295E0,-6.713640690E0,-2.161964178E0,1.036240387E1,1.253500995E1
7.630674761E0,-6.713640690E0,-2.161964178E0,1.036240387E1,1.253500995E1
7.632674727E0,-6.713640690E0,-2.161964178E0,1.036240387E1,1.253500995E1
7.634674693E0,-6.713640690E0,-2.161964178E0,1.036240387E1,1.253500995E1
7.636674659E0,-6.713640690E0,-2.161964178E0,1.036240387E1,1.253500995E1
7.638674625E0,-6.713640690E0,-2.161964178E0,1.036240387E1,1.253500995E1
7.640674591E0,-1.382920837E1,1.570596337E0,1.192102909E1,1.832552078E1
7.642674557E0,-1.382920837E1,1.570596337E0,1.192102909E1,1.832552078E1
7.644674523E0,-1.382920837E1,1.570596337E0,1.192102909E1,1.832552078E1
7.646674523E0,-1.382920837E1,1.570596337E0,1.192102909E1,1.832552078E1
7.648674556E0,-1.382920837E1,1.570596337E0,1.192102909E1,1.832552078E1
7.650674589E0,-1.382920837E1,1.570596337E0,1.192102909E1,1.832552078E1
7.652674622E0,-1.382920837E1,1.570596337E0,1.192102909E1,1.832552078E1
7.654674655E0,-1.382920837E1,1.570596337E0,1.192102909E1,1.832552078E1
7.656674688E0,-1.382920837E1,1.570596337E0,1.192102909E1,1.832552078E1
7.658675621E0,-1.382920837E1,1.570596337E0,1.192102909E1,1.832552078E1
7.660675654E0,-1.244536018E1,-3.902548850E-1,7.290643215E0,1.442888656E1
7.662676054E0,-1.244536018E1,-3.902548850E-1,7.290643215E0,1.442888656E1
7.664676020E0,-1.244536018E1,-3.902548850E-1,7.290643215E0,1.442888656E1
7.666675986E0,-1.244536018E1,-3.902548850E-1,7.290643215E0,1.442888656E1
7.668675952E0,-1.244536018E1,-3.902548850E-1,7.290643215E0,1.442888656E1
7.670675052E0,-1.244536018E1,-3.902548850E-1,7.290643215E0,1.442888656E1
7.672675018E0,-1.244536018E1,-3.902548850E-1,7.290643215E0,1.442888656E1
7.674674984E0,-1.244536018E1,-3.902548850E-1,7.290643215E0,1.442888656E1
7.676674950E0,-1.244536018E1,-3.902548850E-1,7.290643215E0,1.442888656E1
7.678674950E0,-1.244536018E1,-3.902548850E-1,7.290643215E0,1.442888656E1
7.680674983E0,-5.990592003E0,6.677727699E0,7.656956196E0,1.179441469E1
7.682675016E0,-5.990592003E0,6.677727699E0,7.656956196E0,1.179441469E1
7.684675049E0,-5.990592003E0,6.677727699E0,7.656956196E0,1.179441469E1
7.686675082E0,-5.990592003E0,6.677727699E0,7.656956196E0,1.179441469E1
7.688675115E0,-5.990592003E0,6.677727699E0,7.656956196E0,1.179441469E1
7.690675648E0,-5.990592003E0,6.677727699E0,7.656956196E0,1.179441469E1
7.692675681E0,-5.990592003E0,6.677727699E0,7.656956196E0,1.179441469E1
7.694675714E0,-5.990592003E0,6.677727699E0,7.656956196E0,1.179441469E1
7.696675714E0,-5.990592003E0,6.677727699E0,7.656956196E0,1.179441469E1
7.698675714E0,-5.990592003E0,6.677727699E0,7.656956196E0,1.179441469E1
7.700675714E0,4.836287498E-1,9.263465881E0,1.312052441E1,1.606841179E1
7.702675714E0,4.836287498E-1,9.263465881E0,1.312052441E1,1.606841179E1
7.704675714E0,4.836287498E-1,9.263465881E0,1.312052441E1,1.606841179E1
7.706675714E0,4.836287498E-1,9.263465881E0,1.312052441E1,1.606841179E1
7.708675680E0,4.836287498E-1,9.263465881E0,1.312052441E1,1.606841179E1
7.710674780E0,4.836287498E-1,9.263465881E0,1.312052441E1,1.606841179E1
7.712674746E0,4.836287498E-1,9.263465881E0,1.312052441E1,1.606841179E1
7.714674712E0,4.836287498E-1,9.263465881E0,1.312052441E1,1.606841179E1
7.716674678E0,4.836287498E-1,9.263465881E0,1.312052441E1,1.606841179E1
7.718674644E0,4.836287498E-1,9.263465881E0,1.312052441E1,1.606841179E1
7.720673744E0,4.529829502E0,1.044620132E1,1.242381191E1,1.685210906E1
7.722673710E0,4.529829502E0,1.044620132E1,1.242381191E1,1.685210906E1
7.724673710E0,4.529829502E0,1.044620132E1,1.242381191E1,1.685210906E1
7.726673743E0,4.529829502E0,1.044620132E1,1.242381191E1,1.685210906E1
7.728673776E0,4.529829502E0,1.044620132E1,1.242381191E1,1.685210906E1
7.730674676E0,4.529829502E0,1.044620132E1,1.242381191E1,1.685210906E1
7.732674709E0,4.529829502E0,1.044620132E1,1.242381191E1,1.685210906E1
7.734674742E0,4.529829502E0,1.044620132E1,1.242381191E1,1.685210906E1
7.736674775E0,4.529829502E0,1.044620132E1,1.242381191E1,1.685210906E1
7.738674808E0,4.529829502E0,1.044620132E1,1.242381191E1,1.685210906E1
7.740674808E0,1.805228114E0,1.003918743E1,9.519645691E0,1.395233984E1
7.742674774E0,1.805228114E0,1.003918743E1,9.519645691E0,1.395233984E1
7.744674740E0,1.805228114E0,1.003918743E1,9.519645691E0,1.395233984E1
7.746674706E0,1.805228114E0,1.003918743E1,9.519645691E0,1.395233984E1
7.748674672E0,1.805228114E0,1.003918743E1,9.519645691E0,1.395233984E1
7.750673772E0,1.805228114E0,1.003918743E1,9.519645691E0,1.395233984E1
7.752672872E0,1.805228114E0,1.003918743E1,9.519645691E0,1.395233984E1
7.754672838E0,1.805228114E0,1.003918743E1,9.519645691E0,1.395233984E1
7.756672838E0,1.805228114E0,1.003918743E1,9.519645691E0,1.395233984E1
7.758672871E0,1.805228114E0,1.003918743E1,9.519645691E0,1.395233984E1
7.760672904E0,-1.094150186E0,8.059182167E0,9.878775597E0,1.279600676E1
7.762672937E0,-1.094150186E0,8.059182167E0,9.878775597E0,1.279600676E1
7.764672970E0,-1.094150186E0,8.059182167E0,9.878775597E0,1.279600676E1
7.766673003E0,-1.094150186E0,8.059182167E0,9.878775597E0,1.279600676E1
7.768673036E0,-1.094150186E0,8.059182167E0,9.878775597E0,1.279600676E1
7.770673936E0,-1.094150186E0,8.059182167E0,9.878775597E0,1.279600676E1
7.772673969E0,-1.094150186E0,8.059182167E0,9.878775597E0,1.279600676E1
7.774673969E0,-1.094150186E0,8.059182167E0,9.878775597E0,1.279600676E1
7.776673969E0,-1.094150186E0,8.059182167E0,9.878775597E0,1.279600676E1
7.778673969E0,-2.724601507E0,6.258742332E0,1.042704773E1,1.246268965E1
7.780674835E0,-2.724601507E0,6.258742332E0,1.042704773E1,1.246268965E1
7.782674835E0,-2.724601507E0,6.258742332E0,1.042704773E1,1.246268965E1
7.784674835E0,-2.724601507E0,6.258742332E0,1.042704773E1,1.246268965E1
7.786674801E0,-2.724601507E0,6.258742332E0,1.042704773E1,1.246268965E1
7.788674767E0,-2.724601507E0,6.258742332E0,1.042704773E1,1.246268965E1
7.790674733E0,-2.724601507E0,6.258742332E0,1.042704773E1,1.246268965E1
7.792674699E0,-2.724601507E0,6.258742332E0,1.042704773E1,1.246268965E1
7.794674665E0,-2.724601507E0,6.258742332E0,1.042704773E1,1.246268965E1
7.796674631E0,-2.724601507E0,6.258742332E0,1.042704773E1,1.246268965E1
7.798674597E0,-5.164592266E0,4.690241337E0,9.000102997E0,1.138741547E1
7.800674563E0,-5.164592266E0,4.690241337E0,9.000102997E0,1.138741547E1
7.802674563E0,-5.164592266E0,4.690241337E0,9.000102997E0,1.138741547E1
7.804674596E0,-5.164592266E0,4.690241337E0,9.000102997E0,1.138741547E1
7.806674629E0,-5.164592266E0,4.690241337E0,9.000102997E0,1.138741547E1
7.808674662E0,-5.164592266E0,4.690241337E0,9.000102997E0,1.138741547E1
7.810675562E0,-5.164592266E0,4.690241337E0,9.000102997E0,1.138741547E1
7.812676462E0,-5.164592266E0,4.690241337E0,9.000102997E0,1.138741547E1
7.814676495E0,-5.164592266E0,4.690241337E0,9.000102997E0,1.138741547E1
7.816676528E0,-5.164592266E0,4.690241337E0,9.000102997E0,1.138741547E1
7.818676528E0,-6.905177116E0,2.461239338E0,7.008127689E0,1.014164798E1
7.820676494E0,-6.905177116E0,2.461239338E0,7.008127689E0,1.014164798E1
7.822676460E0,-6.905177116E0,2.461239338E0,7.008127689E0,1.014164798E1
7.824676026E0,-6.905177116E0,2.461239338E0,7.008127689E0,1.014164798E1
7.826675992E0,-6.905177116E0,2.461239338E0,7.008127689E0,1.014164798E1
7.828675958E0,-6.905177116E0,2.461239338E0,7.008127689E0,1.014164798E1
7.830675024E0,-6.905177116E0,2.461239338E0,7.008127689E0,1.014164798E1
7.832674990E0,-6.905177116E0,2.461239338E0,7.008127689E0,1.014164798E1
7.834674990E0,-6.905177116E0,2.461239338E0,7.008127689E0,1.014164798E1
7.836674990E0,-6.905177116E0,2.461239338E0,7.008127689E0,1.014164798E1
7.838674990E0,-7.951443195E0,2.748543501E0,5.066430092E0,9.820827569E0
7.840674990E0,-7.951443195E0,2.748543501E0,5.066430092E0,9.820827569E0
7.842674990E0,-7.951443195E0,2.748543501E0,5.066430092E0,9.820827569E0
7.844674990E0,-7.951443195E0,2.748543501E0,5.066430092E0,9.820827569E0
7.846674990E0,-7.951443195E0,2.748543501E0,5.066430092E0,9.820827569E0
7.848674990E0,-7.951443195E0,2.748543501E0,5.066430092E0,9.820827569E0
7.850674990E0,-7.951443195E0,2.748543501E0,5.066430092E0,9.820827569E0
7.852675023E0,-7.951443195E0,2.748543501E0,5.066430092E0,9.820827569E0
7.854675056E0,-7.951443195E0,2.748543501E0,5.066430092E0,9.820827569E0
7.856675089E0,-7.951443195E0,2.748543501E0,5.066430092E0,9.820827569E0
7.858675122E0,-8.576330185E0,9.768342972E-1,4.264073372E0,9.627562849E0
7.860675155E0,-8.576330185E0,9.768342972E-1,4.264073372E0,9.627562849E0
7.862675188E0,-8.576330185E0,9.768342972E-1,4.264073372E0,9.627562849E0
7.864675188E0,-8.576330185E0,9.768342972E-1,4.264073372E0,9.627562849E0
7.866675188E0,-8.576330185E0,9.768342972E-1,4.264073372E0,9.627562849E0
7.868675154E0,-8.576330185E0,9.768342972E-1,4.264073372E0,9.627562849E0
7.870674254E0,-8.576330185E0,9.768342972E-1,4.264073372E0,9.627562849E0
7.872674220E0,-8.576330185E0,9.768342972E-1,4.264073372E0,9.627562849E0
7.874674186E0,-8.576330185E0,9.768342972E-1,4.264073372E0,9.627562849E0
7.876674152E0,-8.576330185E0,9.768342972E-1,4.264073372E0,9.627562849E0
7.878674118E0,-9.409511566E0,1.096544385E0,4.747702122E0,1.059631978E1
7.880674118E0,-9.409511566E0,1.096544385E0,4.747702122E0,1.059631978E1
7.882674151E0,-9.409511566E0,1.096544385E0,4.747702122E0,1.059631978E1
7.884674584E0,-9.409511566E0,1.096544385E0,4.747702122E0,1.059631978E1
7.886674617E0,-9.409511566E0,1.096544385E0,4.747702122E0,1.059631978E1
7.888674650E0,-9.409511566E0,1.096544385E0,4.747702122E0,1.059631978E1
7.890675583E0,-9.409511566E0,1.096544385E0,4.747702122E0,1.059631978E1
7.892675616E0,-9.409511566E0,1.096544385E0,4.747702122E0,1.059631978E1
7.894675649E0,-9.409511566E0,1.096544385E0,4.747702122E0,1.059631978E1
7.896675682E0,-9.409511566E0,1.096544385E0,4.747702122E0,1.059631978E1
7.898675682E0,-7.398382664E0,1.120486379E0,3.292027235E0,8.174900555E0
7.900675682E0,-7.398382664E0,1.120486379E0,3.292027235E0,8.174900555E0
7.902675682E0,-7.398382664E0,1.120486379E0,3.292027235E0,8.174900555E0
7.904675682E0,-7.398382664E0,1.120486379E0,3.292027235E0,8.174900555E0
7.906675682E0,-7.398382664E0,1.120486379E0,3.292027235E0,8.174900555E0
7.908675682E0,-7.398382664E0,1.120486379E0,3.292027235E0,8.174900555E0
7.910674815E0,-7.398382664E0,1.120486379E0,3.292027235E0,8.174900555E0
7.912674348E0,-7.398382664E0,1.120486379E0,3.292027235E0,8.174900555E0
7.914674314E0,-7.398382664E0,1.120486379E0,3.292027235E0,8.174900555E0
7.916674280E0,-7.398382664E0,1.120486379E0,3.292027235E0,8.174900555E0
7.918674246E0,-5.162198067E0,1.649604917E0,4.333505034E-1,5.436660548E0
7.920674212E0,-5.162198067E0,1.649604917E0,4.333505034E-1,5.436660548E0
7.922674178E0,-5.162198067E0,1.649604917E0,4.333505034E-1,5.436660548E0
7.924674144E0,-5.162198067E0,1.649604917E0,4.333505034E-1,5.436660548E0
7.926674110E0,-5.162198067E0,1.649604917E0,4.333505034E-1,5.436660548E0
7.928674110E0,-5.162198067E0,1.649604917E0,4.333505034E-1,5.436660548E0
7.930675010E0,-5.162198067E0,1.649604917E0,4.333505034E-1,5.436660548E0
7.932675043E0,-5.162198067E0,1.649604917E0,4.333505034E-1,5.436660548E0
7.934675076E0,-5.162198067E0,1.649604917E0,4.333505034E-1,5.436660548E0
7.936675109E0,-5.162198067E0,1.649604917E0,4.333505034E-1,5.436660548E0
7.938675142E0,-4.989815712E0,1.197100878E0,-1.587355733E0,5.371313580E0
7.940675175E0,-4.989815712E0,1.197100878E0,-1.587355733E0,5.371313580E0
7.942675175E0,-4.989815712E0,1.197100878E0,-1.587355733E0,5.371313580E0
7.944675175E0,-4.989815712E0,1.197100878E0,-1.587355733E0,5.371313580E0
7.946675141E0,-4.989815712E0,1.197100878E0,-1.587355733E0,5.371313580E0
7.948675107E0,-4.989815712E0,1.197100878E0,-1.587355733E0,5.371313580E0
7.950674207E0,-4.989815712E0,1.197100878E0,-1.587355733E0,5.371313580E0
7.952673307E0,-4.989815712E0,1.197100878E0,-1.587355733E0,5.371313580E0
7.954673273E0,-4.989815712E0,1.197100878E0,-1.587355733E0,5.371313580E0
7.956673239E0,-4.989815712E0,1.197100878E0,-1.587355733E0,5.371313580E0
7.958673239E0,-3.509899616E0,8.427590132E-1,-6.871358752E-1,3.674478709E0
7.960673272E0,-3.509899616E0,8.427590132E-1,-6.871358752E-1,3.674478709E0
7.962673305E0,-3.509899616E0,8.427590132E-1,-6.871358752E-1,3.674478709E0
7.964673338E0,-3.509899616E0,8.427590132E-1,-6.871358752E-1,3.674478709E0
7.966673371E0,-3.509899616E0,8.427590132E-1,-6.871358752E-1,3.674478709E0
7.968673404E0,-3.509899616E0,8.427590132E-1,-6.871358752E-1,3.674478709E0
7.970674304E0,-3.509899616E0,8.427590132E-1,-6.871358752E-1,3.674478709E0
7.972674770E0,-3.509899616E0,8.427590132E-1,-6.871358752E-1,3.674478709E0
7.974674803E0,-3.509899616E0,8.427590132E-1,-6.871358752E-1,3.674478709E0
7.976674803E0,-3.509899616E0,8.427590132E-1,-6.871358752E-1,3.674478709E0
7.978674803E0,2.296039343E0,2.904166698E0,-8.667010069E-1,3.802256108E0
7.980674803E0,2.296039343E0,2.904166698E0,-8.667010069E-1,3.802256108E0
7.982674803E0,2.296039343E0,2.904166698E0,-8.667010069E-1,3.802256108E0
7.984674803E0,2.296039343E0,2.904166698E0,-8.667010069E-1,3.802256108E0
7.986674803E0,2.296039343E0,2.904166698E0,-8.667010069E-1,3.802256108E0
7.988674803E0,2.296039343E0,2.904166698E0,-8.667010069E-1,3.802256108E0
7.990674703E0,2.296039343E0,2.904166698E0,-8.667010069E-1,3.802256108E0
7.992674669E0,2.296039343E0,2.904166698E0,-8.667010069E-1,3.802256108E0
7.994674635E0,2.296039343E0,2.904166698E0,-8.667010069E-1,3.802256108E0
7.996674601E0,2.296039343E0,2.904166698E0,-8.667010069E-1,3.802256108E0
7.998675001E0,3.881000996E0,5.344157696E0,1.029506698E-1,6.605512020E0
8.000674967E0,3.881000996E0,5.344157696E0,1.029506698E-1,6.605512020E0
8.002674933E0,3.881000996E0,5.344157696E0,1.029506698E-1,6.605512020E0
8.004674899E0,3.881000996E0,5.344157696E0,1.029506698E-1,6.605512020E0
8.006674899E0,3.881000996E0,5.344157696E0,1.029506698E-1,6.605512020E0
8.008674932E0,3.881000996E0,5.344157696E0,1.029506698E-1,6.605512020E0
8.010675832E0,3.881000996E0,5.344157696E0,1.029506698E-1,6.605512020E0
8.012676732E0,3.881000996E0,5.344157696E0,1.029506698E-1,6.605512020E0
8.014676765E0,3.881000996E0,5.344157696E0,1.029506698E-1,6.605512020E0
8.016676798E0,3.881000996E0,5.344157696E0,1.029506698E-1,6.605512020E0
8.018676831E0,3.205836058E0,5.064035892E0,5.051765442E-1,6.014735879E0
8.020676831E0,3.205836058E0,5.064035892E0,5.051765442E-1,6.014735879E0
8.022676831E0,3.205836058E0,5.064035892E0,5.051765442E-1,6.014735879E0
8.024676797E0,3.205836058E0,5.064035892E0,5.051765442E-1,6.014735879E0
8.026676763E0,3.205836058E0,5.064035892E0,5.051765442E-1,6.014735879E0
8.028676729E0,3.205836058E0,5.064035892E0,5.051765442E-1,6.014735879E0
8.030676162E0,3.205836058E0,5.064035892E0,5.051765442E-1,6.014735879E0
8.032676128E0,3.205836058E0,5.064035892E0,5.051765442E-1,6.014735879E0
8.034676094E0,3.205836058E0,5.064035892E0,5.051765442E-1,6.014735879E0
8.036676094E0,3.205836058E0,5.064035892E0,5.051765442E-1,6.014735879E0
8.038676160E0,2.334346771E0,4.592078686E0,-5.027823448E-1,5.175823760E0
8.040676193E0,2.334346771E0,4.592078686E0,-5.027823448E-1,5.175823760E0
8.042676226E0,2.334346771E0,4.592078686E0,-5.027823448E-1,5.175823760E0
8.044676259E0,2.334346771E0,4.592078686E0,-5.027823448E-1,5.175823760E0
8.046676292E0,2.334346771E0,4.592078686E0,-5.027823448E-1,5.175823760E0
8.048676325E0,2.334346771E0,4.592078686E0,-5.027823448E-1,5.175823760E0
8.050676425E0,2.334346771E0,4.592078686E0,-5.027823448E-1,5.175823760E0
8.052676458E0,2.334346771E0,4.592078686E0,-5.027823448E-1,5.175823760E0
8.054676458E0,2.334346771E0,4.592078686E0,-5.027823448E-1,5.175823760E0
8.056676458E0,1.687912226E0,4.616020679E0,-1.113303781E0,5.039458295E0
8.058676024E0,1.687912226E0,4.616020679E0,-1.113303781E0,5.039458295E0
8.060676024E0,1.687912226E0,4.616020679E0,-1.113303781E0,5.039458295E0
8.062676024E0,1.687912226E0,4.616020679E0,-1.113303781E0,5.039458295E0
8.064676024E0,1.687912226E0,4.616020679E0,-1.113303781E0,5.039458295E0
8.066676024E0,1.687912226E0,4.616020679E0,-1.113303781E0,5.039458295E0
8.068675990E0,1.687912226E0,4.616020679E0,-1.113303781E0,5.039458295E0
8.070675090E0,1.687912226E0,4.616020679E0,-1.113303781E0,5.039458295E0
8.072675056E0,1.687912226E0,4.616020679E0,-1.113303781E0,5.039458295E0
8.074675022E0,1.687912226E0,4.616020679E0,-1.113303781E0,5.039458295E0
8.076674988E0,2.956839085E0,4.374206543E0,3.100491285E0,6.122877303E0
8.078674954E0,2.956839085E0,4.374206543E0,3.100491285E0,6.122877303E0
8.080674920E0,2.956839085E0,4.374206543E0,3.100491285E0,6.122877303E0
8.082674886E0,2.956839085E0,4.374206543E0,3.100491285E0,6.122877303E0
8.084674886E0,2.956839085E0,4.374206543E0,3.100491285E0,6.122877303E0
8.086674919E0,2.956839085E0,4.374206543E0,3.100491285E0,6.122877303E0
8.088674952E0,2.956839085E0,4.374206543E0,3.100491285E0,6.122877303E0
8.090675518E0,2.956839085E0,4.374206543E0,3.100491285E0,6.122877303E0
8.092675718E0,2.956839085E0,4.374206543E0,3.100491285E0,6.122877303E0
8.094675751E0,2.956839085E0,4.374206543E0,3.100491285E0,6.122877303E0
8.096675784E0,4.932354927E0,5.861305237E0,1.066886234E1,1.313421668E1
8.098675750E0,4.932354927E0,5.861305237E0,1.066886234E1,1.313421668E1
8.100675750E0,4.932354927E0,5.861305237E0,1.066886234E1,1.313421668E1
8.102675716E0,4.932354927E0,5.861305237E0,1.066886234E1,1.313421668E1
8.104675682E0,4.932354927E0,5.861305237E0,1.066886234E1,1.313421668E1
8.106675648E0,4.932354927E0,5.861305237E0,1.066886234E1,1.313421668E1
8.108675614E0,4.932354927E0,5.861305237E0,1.066886234E1,1.313421668E1
8.110674714E0,4.932354927E0,5.861305237E0,1.066886234E1,1.313421668E1
8.112674680E0,4.932354927E0,5.861305237E0,1.066886234E1,1.313421668E1
8.114674680E0,4.932354927E0,5.861305237E0,1.066886234E1,1.313421668E1
8.116674680E0,6.981791496E0,8.334515572E0,1.562515926E1,1.903562881E1
8.118674713E0,6.981791496E0,8.334515572E0,1.562515926E1,1.903562881E1
8.120674746E0,6.981791496E0,8.334515572E0,1.562515926E1,1.903562881E1
8.122674779E0,6.981791496E0,8.334515572E0,1.562515926E1,1.903562881E1
8.124674812E0,6.981791496E0,8.334515572E0,1.562515926E1,1.903562881E1
8.126674845E0,6.981791496E0,8.334515572E0,1.562515926E1,1.903562881E1
8.128674878E0,6.981791496E0,8.334515572E0,1.562515926E1,1.903562881E1
8.130675778E0,6.981791496E0,8.334515572E0,1.562515926E1,1.903562881E1
8.132675778E0,6.981791496E0,8.334515572E0,1.562515926E1,1.903562881E1
8.134675778E0,6.981791496E0,8.334515572E0,1.562515926E1,1.903562881E1
8.136675778E0,4.556165695E0,8.435071945E0,1.817977142E1,2.055269261E1
8.138675778E0,4.556165695E0,8.435071945E0,1.817977142E1,2.055269261E1
8.140675778E0,4.556165695E0,8.435071945E0,1.817977142E1,2.055269261E1
8.142675778E0,4.556165695E0,8.435071945E0,1.817977142E1,2.055269261E1
8.144675778E0,4.556165695E0,8.435071945E0,1.817977142E1,2.055269261E1
8.146675744E0,4.556165695E0,8.435071945E0,1.817977142E1,2.055269261E1
8.148675710E0,4.556165695E0,8.435071945E0,1.817977142E1,2.055269261E1
8.150674810E0,4.556165695E0,8.435071945E0,1.817977142E1,2.055269261E1
8.152673743E0,4.556165695E0,8.435071945E0,1.817977142E1,2.055269261E1
8.154673709E0,4.556165695E0,8.435071945E0,1.817977142E1,2.055269261E1
8.156673675E0,3.754108191E0,6.613084316E0,1.886690712E1,2.034174026E1
8.158673641E0,3.754108191E0,6.613084316E0,1.886690712E1,2.034174026E1
8.160673607E0,3.754108191E0,6.613084316E0,1.886690712E1,2.034174026E1
8.162673607E0,3.754108191E0,6.613084316E0,1.886690712E1,2.034174026E1
8.164673640E0,3.754108191E0,6.613084316E0,1.886690712E1,2.034174026E1
8.166673673E0,3.754108191E0,6.613084316E0,1.886690712E1,2.034174026E1
8.168673706E0,3.754108191E0,6.613084316E0,1.886690712E1,2.034174026E1
8.170674606E0,3.754108191E0,6.613084316E0,1.886690712E1,2.034174026E1
8.172674639E0,3.754108191E0,6.613084316E0,1.886690712E1,2.034174026E1
8.174674672E0,3.754108191E0,6.613084316E0,1.886690712E1,2.034174026E1
8.176674705E0,5.827786446E0,8.363245964E0,2.313337517E1,2.527963656E1
8.178674705E0,5.827786446E0,8.363245964E0,2.313337517E1,2.527963656E1
8.180674671E0,5.827786446E0,8.363245964E0,2.313337517E1,2.527963656E1
8.182674637E0,5.827786446E0,8.363245964E0,2.313337517E1,2.527963656E1
8.184674603E0,5.827786446E0,8.363245964E0,2.313337517E1,2.527963656E1
8.186674569E0,5.827786446E0,8.363245964E0,2.313337517E1,2.527963656E1
8.188674535E0,5.827786446E0,8.363245964E0,2.313337517E1,2.527963656E1
8.190674501E0,5.827786446E0,8.363245964E0,2.313337517E1,2.527963656E1
8.192674501E0,5.827786446E0,8.363245964E0,2.313337517E1,2.527963656E1
8.194674501E0,5.827786446E0,8.363245964E0,2.313337517E1,2.527963656E1
8.196674534E0,5.368099689E0,7.180510044E0,1.942715073E1,2.139603711E1
8.198674567E0,5.368099689E0,7.180510044E0,1.942715073E1,2.139603711E1
8.200674600E0,5.368099689E0,7.180510044E0,1.942715073E1,2.139603711E1
8.202674633E0,5.368099689E0,7.180510044E0,1.942715073E1,2.139603711E1
8.204674666E0,5.368099689E0,7.180510044E0,1.942715073E1,2.139603711E1
8.206674699E0,5.368099689E0,7.180510044E0,1.942715073E1,2.139603711E1
8.208674732E0,5.368099689E0,7.180510044E0,1.942715073E1,2.139603711E1
8.210675598E0,5.368099689E0,7.180510044E0,1.942715073E1,2.139603711E1
8.212676464E0,5.368099689E0,7.180510044E0,1.942715073E1,2.139603711E1
8.214676464E0,5.368099689E0,7.180510044E0,1.942715073E1,2.139603711E1
8.216676464E0,2.348711967E0,6.531681538E0,1.583584881E1,1.729026949E1
8.218676464E0,2.348711967E0,6.531681538E0,1.583584881E1,1.729026949E1
8.220676464E0,2.348711967E0,6.531681538E0,1.583584881E1,1.729026949E1
8.222676464E0,2.348711967E0,6.531681538E0,1.583584881E1,1.729026949E1
8.224676430E0,2.348711967E0,6.531681538E0,1.583584881E1,1.729026949E1
8.226676396E0,2.348711967E0,6.531681538E0,1.583584881E1,1.729026949E1
8.228676362E0,2.348711967E0,6.531681538E0,1.583584881E1,1.729026949E1
8.230675828E0,2.348711967E0,6.531681538E0,1.583584881E1,1.729026949E1
8.232675794E0,2.348711967E0,6.531681538E0,1.583584881E1,1.729026949E1
8.234675760E0,2.348711967E0,6.531681538E0,1.583584881E1,1.729026949E1
8.236675726E0,3.303998411E-1,5.241206646E0,1.241902351E1,1.348375156E1
8.238675692E0,3.303998411E-1,5.241206646E0,1.241902351E1,1.348375156E1
8.240675692E0,3.303998411E-1,5.241206646E0,1.241902351E1,1.348375156E1
8.242675725E0,3.303998411E-1,5.241206646E0,1.241902351E1,1.348375156E1
8.244675758E0,3.303998411E-1,5.241206646E0,1.241902351E1,1.348375156E1
8.246675791E0,3.303998411E-1,5.241206646E0,1.241902351E1,1.348375156E1
8.248675824E0,3.303998411E-1,5.241206646E0,1.241902351E1,1.348375156E1
8.250675857E0,3.303998411E-1,5.241206646E0,1.241902351E1,1.348375156E1
8.252675890E0,3.303998411E-1,5.241206646E0,1.241902351E1,1.348375156E1
8.254675923E0,3.303998411E-1,5.241206646E0,1.241902351E1,1.348375156E1
8.256675923E0,-1.608903527E0,4.003105164E0,9.344868660E0,1.029271547E1
8.258675889E0,-1.608903527E0,4.003105164E0,9.344868660E0,1.029271547E1
8.260675855E0,-1.608903527E0,4.003105164E0,9.344868660E0,1.029271547E1
8.262675821E0,-1.608903527E0,4.003105164E0,9.344868660E0,1.029271547E1
8.264675787E0,-1.608903527E0,4.003105164E0,9.344868660E0,1.029271547E1
8.266675753E0,-1.608903527E0,4.003105164E0,9.344868660E0,1.029271547E1
8.268675719E0,-1.608903527E0,4.003105164E0,9.344868660E0,1.029271547E1
8.270674852E0,-1.608903527E0,4.003105164E0,9.344868660E0,1.029271547E1
8.272674852E0,-1.608903527E0,4.003105164E0,9.344868660E0,1.029271547E1
8.274674885E0,-1.608903527E0,4.003105164E0,9.344868660E0,1.029271547E1
8.276674918E0,-4.307168961E0,2.755726099E0,6.768707275E0,8.482990567E0
8.278674951E0,-4.307168961E0,2.755726099E0,6.768707275E0,8.482990567E0
8.280674984E0,-4.307168961E0,2.755726099E0,6.768707275E0,8.482990567E0
8.282675017E0,-4.307168961E0,2.755726099E0,6.768707275E0,8.482990567E0
8.284675050E0,-4.307168961E0,2.755726099E0,6.768707275E0,8.482990567E0
8.286675083E0,-4.307168961E0,2.755726099E0,6.768707275E0,8.482990567E0
8.288675083E0,-4.307168961E0,2.755726099E0,6.768707275E0,8.482990567E0
8.290675583E0,-4.307168961E0,2.755726099E0,6.768707275E0,8.482990567E0
8.292675583E0,-4.307168961E0,2.755726099E0,6.768707275E0,8.482990567E0
8.294675583E0,-4.307168961E0,2.755726099E0,6.768707275E0,8.482990567E0
8.296675583E0,-3.141192675E0,2.118868589E0,5.111919880E0,6.363051185E0
8.298675583E0,-3.141192675E0,2.118868589E0,5.111919880E0,6.363051185E0
8.300675583E0,-3.141192675E0,2.118868589E0,5.111919880E0,6.363051185E0
8.302675549E0,-3.141192675E0,2.118868589E0,5.111919880E0,6.363051185E0
8.304675515E0,-3.141192675E0,2.118868589E0,5.111919880E0,6.363051185E0
8.306675481E0,-3.141192675E0,2.118868589E0,5.111919880E0,6.363051185E0
8.308675447E0,-3.141192675E0,2.118868589E0,5.111919880E0,6.363051185E0
8.310674547E0,-3.141192675E0,2.118868589E0,5.111919880E0,6.363051185E0
8.312674513E0,-3.141192675E0,2.118868589E0,5.111919880E0,6.363051185E0
8.314674246E0,-3.141192675E0,2.118868589E0,5.111919880E0,6.363051185E0
8.316674212E0,-3.323152065E0,1.867477298E0,4.371812344E0,5.800306395E0
8.318674212E0,-3.323152065E0,1.867477298E0,4.371812344E0,5.800306395E0
8.320674245E0,-3.323152065E0,1.867477298E0,4.371812344E0,5.800306395E0
8.322674278E0,-3.323152065E0,1.867477298E0,4.371812344E0,5.800306395E0
8.324674311E0,-3.323152065E0,1.867477298E0,4.371812344E0,5.800306395E0
8.326674344E0,-3.323152065E0,1.867477298E0,4.371812344E0,5.800306395E0
8.328674377E0,-3.323152065E0,1.867477298E0,4.371812344E0,5.800306395E0
8.330675277E0,-3.323152065E0,1.867477298E0,4.371812344E0,5.800306395E0
8.332675310E0,-3.323152065E0,1.867477298E0,4.371812344E0,5.800306395E0
8.334675310E0,-2.487575531E0,1.319205165E0,3.907337189E0,4.816182949E0
8.336675276E0,-2.487575531E0,1.319205165E0,3.907337189E0,4.816182949E0
8.338675242E0,-2.487575531E0,1.319205165E0,3.907337189E0,4.816182949E0
8.340675208E0,-2.487575531E0,1.319205165E0,3.907337189E0,4.816182949E0
8.342675174E0,-2.487575531E0,1.319205165E0,3.907337189E0,4.816182949E0
8.344675140E0,-2.487575531E0,1.319205165E0,3.907337189E0,4.816182949E0
8.346675106E0,-2.487575531E0,1.319205165E0,3.907337189E0,4.816182949E0
8.348675106E0,-2.487575531E0,1.319205165E0,3.907337189E0,4.816182949E0
8.350674239E0,-2.487575531E0,1.319205165E0,3.907337189E0,4.816182949E0
8.352673405E0,-2.487575531E0,1.319205165E0,3.907337189E0,4.816182949E0
8.354673438E0,-7.110779285E-1,5.889736414E-1,5.868487835E0,5.940679358E0
8.356673471E0,-7.110779285E-1,5.889736414E-1,5.868487835E0,5.940679358E0
8.358673504E0,-7.110779285E-1,5.889736414E-1,5.868487835E0,5.940679358E0
8.360673537E0,-7.110779285E-1,5.889736414E-1,5.868487835E0,5.940679358E0
8.362673570E0,-7.110779285E-1,5.889736414E-1,5.868487835E0,5.940679358E0
8.364673603E0,-7.110779285E-1,5.889736414E-1,5.868487835E0,5.940679358E0
8.366673636E0,-7.110779285E-1,5.889736414E-1,5.868487835E0,5.940679358E0
8.368673636E0,-7.110779285E-1,5.889736414E-1,5.868487835E0,5.940679358E0
8.370674502E0,-7.110779285E-1,5.889736414E-1,5.868487835E0,5.940679358E0
8.372674502E0,-7.110779285E-1,5.889736414E-1,5.868487835E0,5.940679358E0
8.374674968E0,-2.130839586E0,1.932120800E0,7.769483566E0,8.284832105E0
8.376674968E0,-2.130839586E0,1.932120800E0,7.769483566E0,8.284832105E0
8.378674968E0,-2.130839586E0,1.932120800E0,7.769483566E0,8.284832105E0
8.380674934E0,-2.130839586E0,1.932120800E0,7.769483566E0,8.284832105E0
8.382674900E0,-2.130839586E0,1.932120800E0,7.769483566E0,8.284832105E0
8.384674866E0,-2.130839586E0,1.932120800E0,7.769483566E0,8.284832105E0
8.386674832E0,-2.130839586E0,1.932120800E0,7.769483566E0,8.284832105E0
8.388674798E0,-2.130839586E0,1.932120800E0,7.769483566E0,8.284832105E0
8.390674764E0,-2.130839586E0,1.932120800E0,7.769483566E0,8.284832105E0
8.392674730E0,-2.130839586E0,1.932120800E0,7.769483566E0,8.284832105E0
8.394674696E0,-2.188300371E0,3.201047659E0,6.512527943E0,7.579471277E0
8.396674696E0,-2.188300371E0,3.201047659E0,6.512527943E0,7.579471277E0
8.398674729E0,-2.188300371E0,3.201047659E0,6.512527943E0,7.579471277E0
8.400674762E0,-2.188300371E0,3.201047659E0,6.512527943E0,7.579471277E0
8.402674795E0,-2.188300371E0,3.201047659E0,6.512527943E0,7.579471277E0
8.404674828E0,-2.188300371E0,3.201047659E0,6.512527943E0,7.579471277E0
8.406674861E0,-2.188300371E0,3.201047659E0,6.512527943E0,7.579471277E0
8.408674894E0,-2.188300371E0,3.201047659E0,6.512527943E0,7.579471277E0
8.410675794E0,-2.188300371E0,3.201047659E0,6.512527943E0,7.579471277E0
8.412676660E0,-2.188300371E0,3.201047659E0,6.512527943E0,7.579471277E0
8.414676626E0,-1.630451322E0,2.705447912E0,4.144362926E0,5.210908173E0
8.416676592E0,-1.630451322E0,2.705447912E0,4.144362926E0,5.210908173E0
8.418676558E0,-1.630451322E0,2.705447912E0,4.144362926E0,5.210908173E0
8.420676524E0,-1.630451322E0,2.705447912E0,4.144362926E0,5.210908173E0
8.422676490E0,-1.630451322E0,2.705447912E0,4.144362926E0,5.210908173E0
8.424676456E0,-1.630451322E0,2.705447912E0,4.144362926E0,5.210908173E0
8.426676422E0,-1.630451322E0,2.705447912E0,4.144362926E0,5.210908173E0
8.428676422E0,-1.630451322E0,2.705447912E0,4.144362926E0,5.210908173E0
8.430675588E0,-1.630451322E0,2.705447912E0,4.144362926E0,5.210908173E0
8.432675621E0,-1.630451322E0,2.705447912E0,4.144362926E0,5.210908173E0
8.434675421E0,6.057629585E0,1.082179189E0,1.143021774E1,1.298136609E1
8.436675454E0,6.057629585E0,1.082179189E0,1.143021774E1,1.298136609E1
8.438675487E0,6.057629585E0,1.082179189E0,1.143021774E1,1.298136609E1
8.440675520E0,6.057629585E0,1.082179189E0,1.143021774E1,1.298136609E1
8.442675553E0,6.057629585E0,1.082179189E0,1.143021774E1,1.298136609E1
8.444675586E0,6.057629585E0,1.082179189E0,1.143021774E1,1.298136609E1
8.446675586E0,6.057629585E0,1.082179189E0,1.143021774E1,1.298136609E1
8.448675586E0,6.057629585E0,1.082179189E0,1.143021774E1,1.298136609E1
8.450675586E0,6.057629585E0,1.082179189E0,1.143021774E1,1.298136609E1
8.452675586E0,6.057629585E0,1.082179189E0,1.143021774E1,1.298136609E1
8.454675586E0,1.233013868E0,6.172551155E0,1.188751030E1,1.345115653E1
8.456675586E0,1.233013868E0,6.172551155E0,1.188751030E1,1.345115653E1
8.458675552E0,1.233013868E0,6.172551155E0,1.188751030E1,1.345115653E1
8.460675518E0,1.233013868E0,6.172551155E0,1.188751030E1,1.345115653E1
8.462675484E0,1.233013868E0,6.172551155E0,1.188751030E1,1.345115653E1
8.464675450E0,1.233013868E0,6.172551155E0,1.188751030E1,1.345115653E1
8.466675416E0,1.233013868E0,6.172551155E0,1.188751030E1,1.345115653E1
8.468675382E0,1.233013868E0,6.172551155E0,1.188751030E1,1.345115653E1
8.470674482E0,1.233013868E0,6.172551155E0,1.188751030E1,1.345115653E1
8.472674448E0,1.233013868E0,6.172551155E0,1.188751030E1,1.345115653E1
8.474674448E0,-1.790862918E0,2.173935175E0,4.462791920E0,5.277281104E0
8.476674481E0,-1.790862918E0,2.173935175E0,4.462791920E0,5.277281104E0
8.478674514E0,-1.790862918E0,2.173935175E0,4.462791920E0,5.277281104E0
8.480674547E0,-1.790862918E0,2.173935175E0,4.462791920E0,5.277281104E0
8.482674780E0,-1.790862918E0,2.173935175E0,4.462791920E0,5.277281104E0
8.484674813E0,-1.790862918E0,2.173935175E0,4.462791920E0,5.277281104E0
8.486674013E0,-1.790862918E0,2.173935175E0,4.462791920E0,5.277281104E0
8.488674046E0,-1.790862918E0,2.173935175E0,4.462791920E0,5.277281104E0
8.490674912E0,-1.790862918E0,2.173935175E0,4.462791920E0,5.277281104E0
8.492674878E0,-1.790862918E0,2.173935175E0,4.462791920E0,5.277281104E0
8.494674844E0,-3.806780577E-1,1.173158884E0,2.224213362E0,2.543293658E0
8.496674810E0,-3.806780577E-1,1.173158884E0,2.224213362E0,2.543293658E0
8.498674776E0,-3.806780577E-1,1.173158884E0,2.224213362E0,2.543293658E0
8.500674742E0,-3.806780577E-1,1.173158884E0,2.224213362E0,2.543293658E0
8.502674708E0,-3.806780577E-1,1.173158884E0,2.224213362E0,2.543293658E0
8.504674674E0,-3.806780577E-1,1.173158884E0,2.224213362E0,2.543293658E0
8.506674674E0,-3.806780577E-1,1.173158884E0,2.224213362E0,2.543293658E0
8.508674707E0,-3.806780577E-1,1.173158884E0,2.224213362E0,2.543293658E0
8.510673873E0,-3.806780577E-1,1.173158884E0,2.224213362E0,2.543293658E0
8.512673006E0,-3.806780577E-1,1.173158884E0,2.224213362E0,2.543293658E0
8.514672572E0,6.567594528E0,7.709329724E-1,1.412608910E1,1.559724427E1
8.516672605E0,6.567594528E0,7.709329724E-1,1.412608910E1,1.559724427E1
8.518672638E0,6.567594528E0,7.709329724E-1,1.412608910E1,1.559724427E1
8.520672671E0,6.567594528E0,7.709329724E-1,1.412608910E1,1.559724427E1
8.522672704E0,6.567594528E0,7.709329724E-1,1.412608910E1,1.559724427E1
8.524672704E0,6.567594528E0,7.709329724E-1,1.412608910E1,1.559724427E1
8.526672304E0,6.567594528E0,7.709329724E-1,1.412608910E1,1.559724427E1
8.528672304E0,6.567594528E0,7.709329724E-1,1.412608910E1,1.559724427E1
8.530673170E0,6.567594528E0,7.709329724E-1,1.412608910E1,1.559724427E1
8.532673170E0,6.567594528E0,7.709329724E-1,1.412608910E1,1.559724427E1
8.534673170E0,-2.590526342E0,-7.613561153E-1,1.116685581E1,1.148865347E1
8.536673136E0,-2.590526342E0,-7.613561153E-1,1.116685581E1,1.148865347E1
8.538673102E0,-2.590526342E0,-7.613561153E-1,1.116685581E1,1.148865347E1
8.540673068E0,-2.590526342E0,-7.613561153E-1,1.116685581E1,1.148865347E1
8.542672834E0,-2.590526342E0,-7.613561153E-1,1.116685581E1,1.148865347E1
8.544672800E0,-2.590526342E0,-7.613561153E-1,1.116685581E1,1.148865347E1
8.546673600E0,-2.590526342E0,-7.613561153E-1,1.116685581E1,1.148865347E1
8.548673566E0,-2.590526342E0,-7.613561153E-1,1.116685581E1,1.148865347E1
8.550672666E0,-2.590526342E0,-7.613561153E-1,1.116685581E1,1.148865347E1
8.552671799E0,-7.326556683E0,1.364694983E-1,1.251479149E1,1.450231232E1
8.554671832E0,-7.326556683E0,1.364694983E-1,1.251479149E1,1.450231232E1
8.556671865E0,-7.326556683E0,1.364694983E-1,1.251479149E1,1.450231232E1
8.558671898E0,-7.326556683E0,1.364694983E-1,1.251479149E1,1.450231232E1
8.560671931E0,-7.326556683E0,1.364694983E-1,1.251479149E1,1.450231232E1
8.562671964E0,-7.326556683E0,1.364694983E-1,1.251479149E1,1.450231232E1
8.564671997E0,-7.326556683E0,1.364694983E-1,1.251479149E1,1.450231232E1
8.566672030E0,-7.326556683E0,1.364694983E-1,1.251479149E1,1.450231232E1
8.568672030E0,-7.326556683E0,1.364694983E-1,1.251479149E1,1.450231232E1
8.570672863E0,-7.326556683E0,1.364694983E-1,1.251479149E1,1.450231232E1
8.572673729E0,-7.326556683E0,1.364694983E-1,1.251479149E1,1.450231232E1
8.574674129E0,-1.872265697E0,5.061641693E0,1.184441471E1,1.301598077E1
8.576674095E0,-1.872265697E0,5.061641693E0,1.184441471E1,1.301598077E1
8.578674061E0,-1.872265697E0,5.061641693E0,1.184441471E1,1.301598077E1
8.580674027E0,-1.872265697E0,5.061641693E0,1.184441471E1,1.301598077E1
8.582673993E0,-1.872265697E0,5.061641693E0,1.184441471E1,1.301598077E1
8.584673993E0,-1.872265697E0,5.061641693E0,1.184441471E1,1.301598077E1
8.586674393E0,-1.872265697E0,5.061641693E0,1.184441471E1,1.301598077E1
8.588674393E0,-1.872265697E0,5.061641693E0,1.184441471E1,1.301598077E1
8.590674393E0,-1.872265697E0,5.061641693E0,1.184441471E1,1.301598077E1
8.592674393E0,2.343923569E0,7.173327446E0,1.036958694E1,1.282493422E1
8.594674393E0,2.343923569E0,7.173327446E0,1.036958694E1,1.282493422E1
8.596674393E0,2.343923569E0,7.173327446E0,1.036958694E1,1.282493422E1
8.598674393E0,2.343923569E0,7.173327446E0,1.036958694E1,1.282493422E1
8.600674393E0,2.343923569E0,7.173327446E0,1.036958694E1,1.282493422E1
8.602674426E0,2.343923569E0,7.173327446E0,1.036958694E1,1.282493422E1
8.604674459E0,2.343923569E0,7.173327446E0,1.036958694E1,1.282493422E1
8.606674492E0,2.343923569E0,7.173327446E0,1.036958694E1,1.282493422E1
8.608674525E0,2.343923569E0,7.173327446E0,1.036958694E1,1.282493422E1
8.610675425E0,2.343923569E0,7.173327446E0,1.036958694E1,1.282493422E1
8.612676325E0,-1.788468719E0,5.664980412E0,9.419088364E0,1.113597095E1
8.614676325E0,-1.788468719E0,5.664980412E0,9.419088364E0,1.113597095E1
8.616676325E0,-1.788468719E0,5.664980412E0,9.419088364E0,1.113597095E1
8.618676291E0,-1.788468719E0,5.664980412E0,9.419088364E0,1.113597095E1
8.620676257E0,-1.788468719E0,5.664980412E0,9.419088364E0,1.113597095E1
8.622676223E0,-1.788468719E0,5.664980412E0,9.419088364E0,1.113597095E1
8.624676189E0,-1.788468719E0,5.664980412E0,9.419088364E0,1.113597095E1
8.626676155E0,-1.788468719E0,5.664980412E0,9.419088364E0,1.113597095E1
8.628676121E0,-1.788468719E0,5.664980412E0,9.419088364E0,1.113597095E1
8.630675587E0,-1.788468719E0,5.664980412E0,9.419088364E0,1.113597095E1
8.632675620E0,-1.412579060E0,6.304232121E0,1.273745251E1,1.428220636E1
8.634675686E0,-1.412579060E0,6.304232121E0,1.273745251E1,1.428220636E1
8.636675719E0,-1.412579060E0,6.304232121E0,1.273745251E1,1.428220636E1
8.638675752E0,-1.412579060E0,6.304232121E0,1.273745251E1,1.428220636E1
8.640675785E0,-1.412579060E0,6.304232121E0,1.273745251E1,1.428220636E1
8.642675818E0,-1.412579060E0,6.304232121E0,1.273745251E1,1.428220636E1
8.644675851E0,-1.412579060E0,6.304232121E0,1.273745251E1,1.428220636E1
8.646675884E0,-1.412579060E0,6.304232121E0,1.273745251E1,1.428220636E1
8.648675884E0,-1.412579060E0,6.304232121E0,1.273745251E1,1.428220636E1
8.650675884E0,-1.412579060E0,6.304232121E0,1.273745251E1,1.428220636E1
8.652675884E0,-1.412579060E0,5.346551895E0,1.517504883E1,1.615125703E1
8.654675884E0,-1.412579060E0,5.346551895E0,1.517504883E1,1.615125703E1
8.656675884E0,-1.412579060E0,5.346551895E0,1.517504883E1,1.615125703E1
8.658675884E0,-1.412579060E0,5.346551895E0,1.517504883E1,1.615125703E1
8.660675884E0,-1.412579060E0,5.346551895E0,1.517504883E1,1.615125703E1
8.662675850E0,-1.412579060E0,5.346551895E0,1.517504883E1,1.615125703E1
8.664675816E0,-1.412579060E0,5.346551895E0,1.517504883E1,1.615125703E1
8.666675782E0,-1.412579060E0,5.346551895E0,1.517504883E1,1.615125703E1
8.668675748E0,-1.412579060E0,5.346551895E0,1.517504883E1,1.615125703E1
8.670674848E0,-1.412579060E0,5.346551895E0,1.517504883E1,1.615125703E1
8.672675181E0,1.707065821E0,2.636016130E0,1.613512421E1,1.643791008E1
8.674675147E0,1.707065821E0,2.636016130E0,1.613512421E1,1.643791008E1
8.676675113E0,1.707065821E0,2.636016130E0,1.613512421E1,1.643791008E1
8.678675113E0,1.707065821E0,2.636016130E0,1.613512421E1,1.643791008E1
8.680675146E0,1.707065821E0,2.636016130E0,1.613512421E1,1.643791008E1
8.682675179E0,1.707065821E0,2.636016130E0,1.613512421E1,1.643791008E1
8.684675212E0,1.707065821E0,2.636016130E0,1.613512421E1,1.643791008E1
8.686675245E0,1.707065821E0,2.636016130E0,1.613512421E1,1.643791008E1
8.688675278E0,1.707065821E0,2.636016130E0,1.613512421E1,1.643791008E1
8.690675844E0,1.707065821E0,2.636016130E0,1.613512421E1,1.643791008E1
8.692675844E0,4.604049683E0,2.425326347E0,1.311813068E1,1.411257716E1
8.694675844E0,4.604049683E0,2.425326347E0,1.311813068E1,1.411257716E1
8.696675810E0,4.604049683E0,2.425326347E0,1.311813068E1,1.411257716E1
8.698675776E0,4.604049683E0,2.425326347E0,1.311813068E1,1.411257716E1
8.700675742E0,4.604049683E0,2.425326347E0,1.311813068E1,1.411257716E1
8.702675708E0,4.604049683E0,2.425326347E0,1.311813068E1,1.411257716E1
8.704675674E0,4.604049683E0,2.425326347E0,1.311813068E1,1.411257716E1
8.706675640E0,4.604049683E0,2.425326347E0,1.311813068E1,1.411257716E1
8.708675640E0,3.897760391E0,2.097320795E0,1.180610752E1,1.260854731E1
8.710674806E0,3.897760391E0,2.097320795E0,1.180610752E1,1.260854731E1
8.712675572E0,3.897760391E0,2.097320795E0,1.180610752E1,1.260854731E1
8.714675605E0,3.897760391E0,2.097320795E0,1.180610752E1,1.260854731E1
8.716675638E0,3.897760391E0,2.097320795E0,1.180610752E1,1.260854731E1
8.718675671E0,3.897760391E0,2.097320795E0,1.180610752E1,1.260854731E1
8.720675704E0,3.897760391E0,2.097320795E0,1.180610752E1,1.260854731E1
8.722675737E0,3.897760391E0,2.097320795E0,1.180610752E1,1.260854731E1
8.724675770E0,3.897760391E0,2.097320795E0,1.180610752E1,1.260854731E1
8.726675770E0,3.897760391E0,2.097320795E0,1.180610752E1,1.260854731E1
8.728675770E0,3.897760391E0,2.097320795E0,1.180610752E1,1.260854731E1
8.730676636E0,3.897760391E0,2.097320795E0,1.180610752E1,1.260854731E1
8.732676269E0,2.734178305E0,1.331176162E0,1.013016701E1,1.057676910E1
8.734676269E0,2.734178305E0,1.331176162E0,1.013016701E1,1.057676910E1
8.736676269E0,2.734178305E0,1.331176162E0,1.013016701E1,1.057676910E1
8.738676269E0,2.734178305E0,1.331176162E0,1.013016701E1,1.057676910E1
8.740676235E0,2.734178305E0,1.331176162E0,1.013016701E1,1.057676910E1
8.742676201E0,2.734178305E0,1.331176162E0,1.013016701E1,1.057676910E1
8.744676167E0,2.734178305E0,1.331176162E0,1.013016701E1,1.057676910E1
8.746676133E0,2.734178305E0,1.331176162E0,1.013016701E1,1.057676910E1
8.748676099E0,3.629609823E0,8.523358107E-1,9.804554939E0,1.048951102E1
8.750675199E0,3.629609823E0,8.523358107E-1,9.804554939E0,1.048951102E1
8.752674299E0,3.629609823E0,8.523358107E-1,9.804554939E0,1.048951102E1
8.754674265E0,3.629609823E0,8.523358107E-1,9.804554939E0,1.048951102E1
8.756674265E0,3.629609823E0,8.523358107E-1,9.804554939E0,1.048951102E1
8.758674298E0,3.629609823E0,8.523358107E-1,9.804554939E0,1.048951102E1
8.760674331E0,3.629609823E0,8.523358107E-1,9.804554939E0,1.048951102E1
8.762674364E0,3.629609823E0,8.523358107E-1,9.804554939E0,1.048951102E1
8.764674397E0,3.629609823E0,8.523358107E-1,9.804554939E0,1.048951102E1
8.766674430E0,3.629609823E0,8.523358107E-1,9.804554939E0,1.048951102E1
8.768674463E0,3.629609823E0,8.523358107E-1,9.804554939E0,1.048951102E1
8.770675329E0,3.629609823E0,8.523358107E-1,9.804554939E0,1.048951102E1
8.772674595E0,4.639962673E0,-9.241618514E-1,6.763918877E0,8.254327793E0
8.774674561E0,4.639962673E0,-9.241618514E-1,6.763918877E0,8.254327793E0
8.776674527E0,4.639962673E0,-9.241618514E-1,6.763918877E0,8.254327793E0
8.778674427E0,4.639962673E0,-9.241618514E-1,6.763918877E0,8.254327793E0
8.780674393E0,4.639962673E0,-9.241618514E-1,6.763918877E0,8.254327793E0
8.782674359E0,4.639962673E0,-9.241618514E-1,6.763918877E0,8.254327793E0
8.784674325E0,4.639962673E0,-9.241618514E-1,6.763918877E0,8.254327793E0
8.786674325E0,4.639962673E0,-9.241618514E-1,6.763918877E0,8.254327793E0
8.788674358E0,4.639962673E0,-9.241618514E-1,6.763918877E0,8.254327793E0
8.790674391E0,4.639962673E0,-9.241618514E-1,6.763918877E0,8.254327793E0
8.792674757E0,4.630385876E0,-2.243366957E0,4.101267338E0,6.579784376E0
8.794674790E0,4.630385876E0,-2.243366957E0,4.101267338E0,6.579784376E0
8.796674823E0,4.630385876E0,-2.243366957E0,4.101267338E0,6.579784376E0
8.798674856E0,4.630385876E0,-2.243366957E0,4.101267338E0,6.579784376E0
8.800674889E0,4.630385876E0,-2.243366957E0,4.101267338E0,6.579784376E0
8.802674922E0,4.630385876E0,-2.243366957E0,4.101267338E0,6.579784376E0
8.804674922E0,4.630385876E0,-2.243366957E0,4.101267338E0,6.579784376E0
8.806674922E0,4.630385876E0,-2.243366957E0,4.101267338E0,6.579784376E0
8.808674922E0,4.630385876E0,-2.243366957E0,4.101267338E0,6.579784376E0
8.810675788E0,4.630385876E0,-2.243366957E0,4.101267338E0,6.579784376E0
8.812676654E0,4.922778130E0,-3.107673883E0,1.118092179E0,5.928027632E0
8.814676654E0,4.922778130E0,-3.107673883E0,1.118092179E0,5.928027632E0
8.816676654E0,4.922778130E0,-3.107673883E0,1.118092179E0,5.928027632E0
8.818676620E0,4.922778130E0,-3.107673883E0,1.118092179E0,5.928027632E0
8.820676586E0,4.922778130E0,-3.107673883E0,1.118092179E0,5.928027632E0
8.822676552E0,4.922778130E0,-3.107673883E0,1.118092179E0,5.928027632E0
8.824676518E0,4.922778130E0,-3.107673883E0,1.118092179E0,5.928027632E0
8.826676484E0,4.922778130E0,-3.107673883E0,1.118092179E0,5.928027632E0
8.828676450E0,4.922778130E0,-3.107673883E0,1.118092179E0,5.928027632E0
8.830675916E0,4.922778130E0,-3.107673883E0,1.118092179E0,5.928027632E0
8.832675882E0,5.664980412E0,-3.620033026E0,-1.960851192E0,7.002969339E0
8.834675882E0,5.664980412E0,-3.620033026E0,-1.960851192E0,7.002969339E0
8.836675915E0,5.664980412E0,-3.620033026E0,-1.960851192E0,7.002969339E0
8.838676015E0,5.664980412E0,-3.620033026E0,-1.960851192E0,7.002969339E0
8.840676048E0,5.664980412E0,-3.620033026E0,-1.960851192E0,7.002969339E0
8.842676081E0,5.664980412E0,-3.620033026E0,-1.960851192E0,7.002969339E0
8.844676114E0,5.664980412E0,-3.620033026E0,-1.960851192E0,7.002969339E0
8.846676147E0,5.664980412E0,-3.620033026E0,-1.960851192E0,7.002969339E0
8.848676147E0,5.664980412E0,-3.620033026E0,-1.960851192E0,7.002969339E0
8.850676147E0,5.664980412E0,-3.620033026E0,-1.960851192E0,7.002969339E0
8.852675780E0,5.325003624E0,-3.454833031E0,-4.424484730E0,7.737415589E0
8.854675746E0,5.325003624E0,-3.454833031E0,-4.424484730E0,7.737415589E0
8.856675712E0,5.325003624E0,-3.454833031E0,-4.424484730E0,7.737415589E0
8.858675678E0,5.325003624E0,-3.454833031E0,-4.424484730E0,7.737415589E0
8.860675644E0,5.325003624E0,-3.454833031E0,-4.424484730E0,7.737415589E0
8.862675610E0,5.325003624E0,-3.454833031E0,-4.424484730E0,7.737415589E0
8.864675610E0,5.325003624E0,-3.454833031E0,-4.424484730E0,7.737415589E0
8.866675610E0,5.325003624E0,-3.454833031E0,-4.424484730E0,7.737415589E0
8.868675643E0,4.034229755E0,-3.646369219E0,-4.771644115E0,7.234611653E0
8.870674809E0,4.034229755E0,-3.646369219E0,-4.771644115E0,7.234611653E0
8.872674842E0,4.034229755E0,-3.646369219E0,-4.771644115E0,7.234611653E0
8.874674875E0,4.034229755E0,-3.646369219E0,-4.771644115E0,7.234611653E0
8.876674908E0,4.034229755E0,-3.646369219E0,-4.771644115E0,7.234611653E0
8.878674941E0,4.034229755E0,-3.646369219E0,-4.771644115E0,7.234611653E0
8.880674974E0,4.034229755E0,-3.646369219E0,-4.771644115E0,7.234611653E0
8.882674974E0,4.034229755E0,-3.646369219E0,-4.771644115E0,7.234611653E0
8.884674974E0,4.034229755E0,-3.646369219E0,-4.771644115E0,7.234611653E0
8.886674974E0,4.034229755E0,-3.646369219E0,-4.771644115E0,7.234611653E0
8.888674974E0,4.034229755E0,-3.646369219E0,-4.771644115E0,7.234611653E0
8.890674574E0,2.509123325E0,-4.213795185E0,-3.526659012E0,6.040620292E0
8.892674574E0,2.509123325E0,-4.213795185E0,-3.526659012E0,6.040620292E0
8.894674574E0,2.509123325E0,-4.213795185E0,-3.526659012E0,6.040620292E0
8.896674540E0,2.509123325E0,-4.213795185E0,-3.526659012E0,6.040620292E0
8.898674506E0,2.509123325E0,-4.213795185E0,-3.526659012E0,6.040620292E0
8.900674472E0,2.509123325E0,-4.213795185E0,-3.526659012E0,6.040620292E0
8.902674438E0,2.509123325E0,-4.213795185E0,-3.526659012E0,6.040620292E0
8.904674404E0,2.509123325E0,-4.213795185E0,-3.526659012E0,6.040620292E0
8.906674370E0,2.509123325E0,-4.213795185E0,-3.526659012E0,6.040620292E0
8.908674336E0,6.679822803E-1,-4.465186119E0,-2.398990154E0,5.112655002E0
8.910673436E0,6.679822803E-1,-4.465186119E0,-2.398990154E0,5.112655002E0
8.912672569E0,6.679822803E-1,-4.465186119E0,-2.398990154E0,5.112655002E0
8.914672602E0,6.679822803E-1,-4.465186119E0,-2.398990154E0,5.112655002E0
8.916672635E0,6.679822803E-1,-4.465186119E0,-2.398990154E0,5.112655002E0
8.918672668E0,6.679822803E-1,-4.465186119E0,-2.398990154E0,5.112655002E0
8.920672701E0,6.679822803E-1,-4.465186119E0,-2.398990154E0,5.112655002E0
8.922672734E0,6.679822803E-1,-4.465186119E0,-2.398990154E0,5.112655002E0
8.924672767E0,6.679822803E-1,-4.465186119E0,-2.398990154E0,5.112655002E0
8.926672800E0,6.679822803E-1,-4.465186119E0,-2.398990154E0,5.112655002E0
8.928672800E0,6.679822803E-1,-4.465186119E0,-2.398990154E0,5.112655002E0
8.930673633E0,-1.254561663E0,-4.572925091E0,-5.650315881E-1,4.775440246E0
8.932673599E0,-1.254561663E0,-4.572925091E0,-5.650315881E-1,4.775440246E0
8.934673565E0,-1.254561663E0,-4.572925091E0,-5.650315881E-1,4.775440246E0
8.936673531E0,-1.254561663E0,-4.572925091E0,-5.650315881E-1,4.775440246E0
8.938673497E0,-1.254561663E0,-4.572925091E0,-5.650315881E-1,4.775440246E0
8.940673463E0,-1.254561663E0,-4.572925091E0,-5.650315881E-1,4.775440246E0
8.942673463E0,-1.254561663E0,-4.572925091E0,-5.650315881E-1,4.775440246E0
8.944673463E0,-1.254561663E0,-4.572925091E0,-5.650315881E-1,4.775440246E0
8.946673496E0,-1.254561663E0,-4.572925091E0,-5.650315881E-1,4.775440246E0
8.948673529E0,-2.549824715E0,-5.315426826E0,9.289502501E-1,5.968108326E0
8.950673595E0,-2.549824715E0,-5.315426826E0,9.289502501E-1,5.968108326E0
8.952672761E0,-2.549824715E0,-5.315426826E0,9.289502501E-1,5.968108326E0
8.954672794E0,-2.549824715E0,-5.315426826E0,9.289502501E-1,5.968108326E0
8.956672727E0,-2.549824715E0,-5.315426826E0,9.289502501E-1,5.968108326E0
8.958672760E0,-2.549824715E0,-5.315426826E0,9.289502501E-1,5.968108326E0
8.960672760E0,-2.549824715E0,-5.315426826E0,9.289502501E-1,5.968108326E0
8.962672760E0,-2.549824715E0,-5.315426826E0,9.289502501E-1,5.968108326E0
8.964672760E0,-2.549824715E0,-5.315426826E0,9.289502501E-1,5.968108326E0
8.966672760E0,-2.549824715E0,-5.315426826E0,9.289502501E-1,5.968108326E0
8.968672760E0,-2.549824715E0,-5.315426826E0,9.289502501E-1,5.968108326E0
8.970673626E0,-3.201047659E0,-6.380846977E0,1.572990537E0,7.310007763E0
8.972673592E0,-3.201047659E0,-6.380846977E0,1.572990537E0,7.310007763E0
8.974673558E0,-3.201047659E0,-6.380846977E0,1.572990537E0,7.310007763E0
8.976673524E0,-3.201047659E0,-6.380846977E0,1.572990537E0,7.310007763E0
8.978673490E0,-3.201047659E0,-6.380846977E0,1.572990537E0,7.310007763E0
8.980673456E0,-3.201047659E0,-6.380846977E0,1.572990537E0,7.310007763E0
8.982673422E0,-3.201047659E0,-6.380846977E0,1.572990537E0,7.310007763E0
8.984673388E0,-3.201047659E0,-6.380846977E0,1.572990537E0,7.310007763E0
8.986673354E0,-3.201047659E0,-6.380846977E0,1.572990537E0,7.310007763E0
8.988673320E0,-4.170699596E0,-7.458237648E0,1.582567334E0,8.690486943E0
8.990673320E0,-4.170699596E0,-7.458237648E0,1.582567334E0,8.690486943E0
8.992673353E0,-4.170699596E0,-7.458237648E0,1.582567334E0,8.690486943E0
8.994673386E0,-4.170699596E0,-7.458237648E0,1.582567334E0,8.690486943E0
8.996673419E0,-4.170699596E0,-7.458237648E0,1.582567334E0,8.690486943E0
8.998673452E0,-4.170699596E0,-7.458237648E0,1.582567334E0,8.690486943E0
9.000673485E0,-4.170699596E0,-7.458237648E0,1.582567334E0,8.690486943E0
9.002673518E0,-4.170699596E0,-7.458237648E0,1.582567334E0,8.690486943E0
9.004673551E0,-4.170699596E0,-7.458237648E0,1.582567334E0,8.690486943E0
9.006673551E0,-4.170699596E0,-7.458237648E0,1.582567334E0,8.690486943E0
9.008673517E0,-4.170699596E0,-7.458237648E0,1.582567334E0,8.690486943E0
9.010674350E0,-6.218040943E0,-9.955389977E0,1.273715258E0,1.180661566E1
9.012675183E0,-6.218040943E0,-9.955389977E0,1.273715258E0,1.180661566E1
9.014675149E0,-6.218040943E0,-9.955389977E0,1.273715258E0,1.180661566E1
9.016675215E0,-6.218040943E0,-9.955389977E0,1.273715258E0,1.180661566E1
9.018675181E0,-6.218040943E0,-9.955389977E0,1.273715258E0,1.180661566E1
9.020675181E0,-6.218040943E0,-9.955389977E0,1.273715258E0,1.180661566E1
9.022675181E0,-6.218040943E0,-9.955389977E0,1.273715258E0,1.180661566E1
9.024675214E0,-6.218040943E0,-9.955389977E0,1.273715258E0,1.180661566E1
9.026675247E0,-6.218040943E0,-9.955389977E0,1.273715258E0,1.180661566E1
9.028675280E0,-8.384793282E0,-1.292420006E1,2.135627985E0,1.555315442E1
9.030674780E0,-8.384793282E0,-1.292420006E1,2.135627985E0,1.555315442E1
9.032675713E0,-8.384793282E0,-1.292420006E1,2.135627985E0,1.555315442E1
9.034675746E0,-8.384793282E0,-1.292420006E1,2.135627985E0,1.555315442E1
9.036675779E0,-8.384793282E0,-1.292420006E1,2.135627985E0,1.555315442E1
9.038675779E0,-8.384793282E0,-1.292420006E1,2.135627985E0,1.555315442E1
9.040675779E0,-8.384793282E0,-1.292420006E1,2.135627985E0,1.555315442E1
9.042675779E0,-8.384793282E0,-1.292420006E1,2.135627985E0,1.555315442E1
9.044675379E0,-8.384793282E0,-1.292420006E1,2.135627985E0,1.555315442E1
9.046675379E0,-8.384793282E0,-1.292420006E1,2.135627985E0,1.555315442E1
9.048675379E0,-8.384793282E0,-1.292420006E1,2.135627985E0,1.555315442E1
9.050675712E0,-1.178695393E1,-1.779191208E1,2.530671120E0,2.149159637E1
9.052675678E0,-1.178695393E1,-1.779191208E1,2.530671120E0,2.149159637E1
9.054675644E0,-1.178695393E1,-1.779191208E1,2.530671120E0,2.149159637E1
9.056675610E0,-1.178695393E1,-1.779191208E1,2.530671120E0,2.149159637E1
9.058675576E0,-1.178695393E1,-1.779191208E1,2.530671120E0,2.149159637E1
9.060675542E0,-1.178695393E1,-1.779191208E1,2.530671120E0,2.149159637E1
9.062675508E0,-1.178695393E1,-1.779191208E1,2.530671120E0,2.149159637E1
9.064675474E0,-1.178695393E1,-1.779191208E1,2.530671120E0,2.149159637E1
9.066675440E0,-1.178695393E1,-1.779191208E1,2.530671120E0,2.149159637E1
9.068675440E0,-1.963544655E1,-2.726606750E1,6.248866320E-1,3.360624468E1
9.070674606E0,-1.963544655E1,-2.726606750E1,6.248866320E-1,3.360624468E1
9.072674639E0,-1.963544655E1,-2.726606750E1,6.248866320E-1,3.360624468E1
9.074674672E0,-1.963544655E1,-2.726606750E1,6.248866320E-1,3.360624468E1
9.076674705E0,-1.963544655E1,-2.726606750E1,6.248866320E-1,3.360624468E1
9.078674738E0,-1.963544655E1,-2.726606750E1,6.248866320E-1,3.360624468E1
9.080674771E0,-1.963544655E1,-2.726606750E1,6.248866320E-1,3.360624468E1
9.082674804E0,-1.963544655E1,-2.726606750E1,6.248866320E-1,3.360624468E1
9.084674804E0,-1.963544655E1,-2.726606750E1,6.248866320E-1,3.360624468E1
9.086674770E0,-1.963544655E1,-2.726606750E1,6.248866320E-1,3.360624468E1
9.088674736E0,-1.963544655E1,-2.726606750E1,6.248866320E-1,3.360624468E1
9.090675236E0,-3.053175735E1,-3.466444778E1,4.252102375E0,4.638849558E1
9.092675202E0,-3.053175735E1,-3.466444778E1,4.252102375E0,4.638849558E1
9.094675168E0,-3.053175735E1,-3.466444778E1,4.252102375E0,4.638849558E1
9.096675134E0,-3.053175735E1,-3.466444778E1,4.252102375E0,4.638849558E1
9.098675134E0,-3.053175735E1,-3.466444778E1,4.252102375E0,4.638849558E1
9.100675134E0,-3.053175735E1,-3.466444778E1,4.252102375E0,4.638849558E1
9.102675167E0,-3.053175735E1,-3.466444778E1,4.252102375E0,4.638849558E1
9.104675600E0,-3.053175735E1,-3.466444778E1,4.252102375E0,4.638849558E1
9.106675633E0,-3.053175735E1,-3.466444778E1,4.252102375E0,4.638849558E1
9.108675666E0,-3.751354980E1,-3.148225594E1,1.984134865E1,5.284011709E1
9.110674499E0,-3.751354980E1,-3.148225594E1,1.984134865E1,5.284011709E1
9.112673632E0,-3.751354980E1,-3.148225594E1,1.984134865E1,5.284011709E1
9.114673665E0,-3.751354980E1,-3.148225594E1,1.984134865E1,5.284011709E1
9.116673698E0,-3.751354980E1,-3.148225594E1,1.984134865E1,5.284011709E1
9.118673698E0,-3.751354980E1,-3.148225594E1,1.984134865E1,5.284011709E1
9.120673698E0,-3.751354980E1,-3.148225594E1,1.984134865E1,5.284011709E1
9.122673698E0,-3.751354980E1,-3.148225594E1,1.984134865E1,5.284011709E1
9.124673698E0,-3.751354980E1,-3.148225594E1,1.984134865E1,5.284011709E1
9.126673698E0,-3.751354980E1,-3.148225594E1,1.984134865E1,5.284011709E1
9.128673698E0,-3.820068359E1,-1.907999229E1,3.997478867E1,5.849206837E1
9.130674531E0,-3.820068359E1,-1.907999229E1,3.997478867E1,5.849206837E1
9.132674097E0,-3.820068359E1,-1.907999229E1,3.997478867E1,5.849206837E1
9.134674063E0,-3.820068359E1,-1.907999229E1,3.997478867E1,5.849206837E1
9.136674029E0,-3.820068359E1,-1.907999229E1,3.997478867E1,5.849206837E1
9.138673995E0,-3.820068359E1,-1.907999229E1,3.997478867E1,5.849206837E1
9.140673961E0,-3.820068359E1,-1.907999229E1,3.997478867E1,5.849206837E1
9.142673927E0,-3.820068359E1,-1.907999229E1,3.997478867E1,5.849206837E1
9.144673893E0,-3.820068359E1,-1.907999229E1,3.997478867E1,5.849206837E1
9.146673893E0,-3.820068359E1,-1.907999229E1,3.997478867E1,5.849206837E1
9.148673926E0,-2.492693138E1,-4.022258759E0,3.473148727E1,4.293957012E1
9.150673092E0,-2.492693138E1,-4.022258759E0,3.473148727E1,4.293957012E1
9.152672258E0,-2.492693138E1,-4.022258759E0,3.473148727E1,4.293957012E1
9.154672124E0,-2.492693138E1,-4.022258759E0,3.473148727E1,4.293957012E1
9.156672157E0,-2.492693138E1,-4.022258759E0,3.473148727E1,4.293957012E1
9.158672190E0,-2.492693138E1,-4.022258759E0,3.473148727E1,4.293957012E1
9.160672223E0,-2.492693138E1,-4.022258759E0,3.473148727E1,4.293957012E1
9.162672223E0,-2.492693138E1,-4.022258759E0,3.473148727E1,4.293957012E1
9.164672189E0,-2.492693138E1,-4.022258759E0,3.473148727E1,4.293957012E1
9.166672155E0,-2.492693138E1,-4.022258759E0,3.473148727E1,4.293957012E1
9.168672121E0,-1.505294418E1,4.304774761E0,2.992602539E1,3.377409081E1
9.170672954E0,-1.505294418E1,4.304774761E0,2.992602539E1,3.377409081E1
9.172673820E0,-1.505294418E1,4.304774761E0,2.992602539E1,3.377409081E1
9.174673786E0,-1.505294418E1,4.304774761E0,2.992602539E1,3.377409081E1
9.176673752E0,-1.505294418E1,4.304774761E0,2.992602539E1,3.377409081E1
9.178674018E0,-1.505294418E1,4.304774761E0,2.992602539E1,3.377409081E1
9.180674051E0,-1.505294418E1,4.304774761E0,2.992602539E1,3.377409081E1
9.182674084E0,-1.505294418E1,4.304774761E0,2.992602539E1,3.377409081E1
9.184674117E0,-1.505294418E1,4.304774761E0,2.992602539E1,3.377409081E1
9.186674150E0,-1.505294418E1,4.304774761E0,2.992602539E1,3.377409081E1
9.188674183E0,-1.884535980E1,5.803843975E0,3.047669220E1,3.629959998E1
9.190674216E0,-1.884535980E1,5.803843975E0,3.047669220E1,3.629959998E1
9.192674649E0,-1.884535980E1,5.803843975E0,3.047669220E1,3.629959998E1
9.194674682E0,-1.884535980E1,5.803843975E0,3.047669220E1,3.629959998E1
9.196674682E0,-1.884535980E1,5.803843975E0,3.047669220E1,3.629959998E1
9.198674682E0,-1.884535980E1,5.803843975E0,3.047669220E1,3.629959998E1
9.200674682E0,-1.884535980E1,5.803843975E0,3.047669220E1,3.629959998E1
9.202674682E0,-1.884535980E1,5.803843975E0,3.047669220E1,3.629959998E1
9.204674682E0,-1.884535980E1,5.803843975E0,3.047669220E1,3.629959998E1
9.206674682E0,-1.884535980E1,5.803843975E0,3.047669220E1,3.629959998E1
9.208674648E0,-2.288677216E1,8.451830864E0,2.632753944E1,3.589397049E1
9.210675481E0,-2.288677216E1,8.451830864E0,2.632753944E1,3.589397049E1
9.212676314E0,-2.288677216E1,8.451830864E0,2.632753944E1,3.589397049E1
9.214676447E0,-2.288677216E1,8.451830864E0,2.632753944E1,3.589397049E1
9.216676413E0,-2.288677216E1,8.451830864E0,2.632753944E1,3.589397049E1
9.218676379E0,-2.288677216E1,8.451830864E0,2.632753944E1,3.589397049E1
9.220676345E0,-2.288677216E1,8.451830864E0,2.632753944E1,3.589397049E1
9.222676678E0,-2.288677216E1,8.451830864E0,2.632753944E1,3.589397049E1
9.224676678E0,-2.288677216E1,8.451830864E0,2.632753944E1,3.589397049E1
9.226676711E0,-2.288677216E1,8.451830864E0,2.632753944E1,3.589397049E1
9.228676744E0,-2.619107056E1,1.179653072E1,2.278382111E1,3.666378074E1
9.230675910E0,-2.619107056E1,1.179653072E1,2.278382111E1,3.666378074E1
9.232675943E0,-2.619107056E1,1.179653072E1,2.278382111E1,3.666378074E1
9.234675976E0,-2.619107056E1,1.179653072E1,2.278382111E1,3.666378074E1
9.236676009E0,-2.619107056E1,1.179653072E1,2.278382111E1,3.666378074E1
9.238675775E0,-2.619107056E1,1.179653072E1,2.278382111E1,3.666378074E1
9.240675775E0,-2.619107056E1,1.179653072E1,2.278382111E1,3.666378074E1
9.242675741E0,-2.619107056E1,1.179653072E1,2.278382111E1,3.666378074E1
9.244675707E0,-2.619107056E1,1.179653072E1,2.278382111E1,3.666378074E1
9.246675673E0,-2.619107056E1,1.179653072E1,2.278382111E1,3.666378074E1
9.248675639E0,-2.731395149E1,1.190905857E1,2.376305008E1,3.811246740E1
9.250675605E0,-2.731395149E1,1.190905857E1,2.376305008E1,3.811246740E1
9.252675571E0,-2.731395149E1,1.190905857E1,2.376305008E1,3.811246740E1
9.254675537E0,-2.731395149E1,1.190905857E1,2.376305008E1,3.811246740E1
9.256675537E0,-2.731395149E1,1.190905857E1,2.376305008E1,3.811246740E1
9.258675570E0,-2.731395149E1,1.190905857E1,2.376305008E1,3.811246740E1
9.260675603E0,-2.731395149E1,1.190905857E1,2.376305008E1,3.811246740E1
9.262675636E0,-2.731395149E1,1.190905857E1,2.376305008E1,3.811246740E1
9.264675669E0,-2.731395149E1,1.190905857E1,2.376305008E1,3.811246740E1
9.266675702E0,-2.731395149E1,1.190905857E1,2.376305008E1,3.811246740E1
9.268675735E0,-2.437596512E1,8.229170799E0,2.921973610E1,3.893199077E1
9.270674901E0,-2.437596512E1,8.229170799E0,2.921973610E1,3.893199077E1
9.272674934E0,-2.437596512E1,8.229170799E0,2.921973610E1,3.893199077E1
9.274674934E0,-2.437596512E1,8.229170799E0,2.921973610E1,3.893199077E1
9.276674934E0,-2.437596512E1,8.229170799E0,2.921973610E1,3.893199077E1
9.278674934E0,-2.437596512E1,8.229170799E0,2.921973610E1,3.893199077E1
9.280674934E0,-2.437596512E1,8.229170799E0,2.921973610E1,3.893199077E1
9.282674567E0,-2.437596512E1,8.229170799E0,2.921973610E1,3.893199077E1
9.284674567E0,-2.437596512E1,8.229170799E0,2.921973610E1,3.893199077E1
9.286674533E0,-2.437596512E1,8.229170799E0,2.921973610E1,3.893199077E1
9.288674499E0,-2.167530632E1,2.164358377E0,3.637869644E1,4.240180310E1
9.290675332E0,-2.167530632E1,2.164358377E0,3.637869644E1,4.240180310E1
9.292675298E0,-2.167530632E1,2.164358377E0,3.637869644E1,4.240180310E1
9.294675264E0,-2.167530632E1,2.164358377E0,3.637869644E1,4.240180310E1
9.296675230E0,-2.167530632E1,2.164358377E0,3.637869644E1,4.240180310E1
9.298675196E0,-2.167530632E1,2.164358377E0,3.637869644E1,4.240180310E1
9.300675162E0,-2.167530632E1,2.164358377E0,3.637869644E1,4.240180310E1
9.302675162E0,-2.167530632E1,2.164358377E0,3.637869644E1,4.240180310E1
9.304675195E0,-2.167530632E1,2.164358377E0,3.637869644E1,4.240180310E1
9.306675228E0,-2.167530632E1,2.164358377E0,3.637869644E1,4.240180310E1
9.308675261E0,-1.943672752E1,-7.513304234E0,3.910569382E1,4.431130111E1
9.310674427E0,-1.943672752E1,-7.513304234E0,3.910569382E1,4.431130111E1
9.312674460E0,-1.943672752E1,-7.513304234E0,3.910569382E1,4.431130111E1
9.314674493E0,-1.943672752E1,-7.513304234E0,3.910569382E1,4.431130111E1
9.316674526E0,-1.943672752E1,-7.513304234E0,3.910569382E1,4.431130111E1
9.318674526E0,-1.943672752E1,-7.513304234E0,3.910569382E1,4.431130111E1
9.320674492E0,-1.943672752E1,-7.513304234E0,3.910569382E1,4.431130111E1
9.322674458E0,-1.943672752E1,-7.513304234E0,3.910569382E1,4.431130111E1
9.324674424E0,-1.943672752E1,-7.513304234E0,3.910569382E1,4.431130111E1
9.326674390E0,-1.943672752E1,-7.513304234E0,3.910569382E1,4.431130111E1
9.328674356E0,-1.720293808E1,-1.544559383E1,3.699640274E1,4.362615343E1
9.330675189E0,-1.720293808E1,-1.544559383E1,3.699640274E1,4.362615343E1
9.332675155E0,-1.720293808E1,-1.544559383E1,3.699640274E1,4.362615343E1
9.334675155E0,-1.720293808E1,-1.544559383E1,3.699640274E1,4.362615343E1
9.336675188E0,-1.720293808E1,-1.544559383E1,3.699640274E1,4.362615343E1
9.338675221E0,-1.720293808E1,-1.544559383E1,3.699640274E1,4.362615343E1
9.340675254E0,-1.720293808E1,-1.544559383E1,3.699640274E1,4.362615343E1
9.342675287E0,-1.720293808E1,-1.544559383E1,3.699640274E1,4.362615343E1
9.344675320E0,-1.720293808E1,-1.544559383E1,3.699640274E1,4.362615343E1
9.346675353E0,-1.720293808E1,-1.544559383E1,3.699640274E1,4.362615343E1
9.348674586E0,-1.748545265E1,-1.990599060E1,3.209038162E1,4.161468622E1
9.350673752E0,-1.748545265E1,-1.990599060E1,3.209038162E1,4.161468622E1
9.352672852E0,-1.748545265E1,-1.990599060E1,3.209038162E1,4.161468622E1
9.354672085E0,-1.748545265E1,-1.990599060E1,3.209038162E1,4.161468622E1
9.356672085E0,-1.748545265E1,-1.990599060E1,3.209038162E1,4.161468622E1
9.358672085E0,-1.748545265E1,-1.990599060E1,3.209038162E1,4.161468622E1
9.360672085E0,-1.748545265E1,-1.990599060E1,3.209038162E1,4.161468622E1
9.362672085E0,-1.748545265E1,-1.990599060E1,3.209038162E1,4.161468622E1
9.364672051E0,-1.748545265E1,-1.990599060E1,3.209038162E1,4.161468622E1
9.366672017E0,-1.748545265E1,-1.990599060E1,3.209038162E1,4.161468622E1
9.368671983E0,-1.778712273E1,-2.077748108E1,2.447891617E1,3.670562343E1
9.370672816E0,-1.778712273E1,-2.077748108E1,2.447891617E1,3.670562343E1
9.372672782E0,-1.778712273E1,-2.077748108E1,2.447891617E1,3.670562343E1
9.374672748E0,-1.778712273E1,-2.077748108E1,2.447891617E1,3.670562343E1
9.376672714E0,-1.778712273E1,-2.077748108E1,2.447891617E1,3.670562343E1
9.378672680E0,-1.778712273E1,-2.077748108E1,2.447891617E1,3.670562343E1
9.380672680E0,-1.778712273E1,-2.077748108E1,2.447891617E1,3.670562343E1
9.382672713E0,-1.778712273E1,-2.077748108E1,2.447891617E1,3.670562343E1
9.384672746E0,-1.778712273E1,-2.077748108E1,2.447891617E1,3.670562343E1
9.386672779E0,-1.778712273E1,-2.077748108E1,2.447891617E1,3.670562343E1
9.388672812E0,-1.594119358E1,-2.073438454E1,1.891239738E1,3.227561200E1
9.390672845E0,-1.594119358E1,-2.073438454E1,1.891239738E1,3.227561200E1
9.392672878E0,-1.594119358E1,-2.073438454E1,1.891239738E1,3.227561200E1
9.394672911E0,-1.594119358E1,-2.073438454E1,1.891239738E1,3.227561200E1
9.396672911E0,-1.594119358E1,-2.073438454E1,1.891239738E1,3.227561200E1
9.398672877E0,-1.594119358E1,-2.073438454E1,1.891239738E1,3.227561200E1
9.400672843E0,-1.594119358E1,-2.073438454E1,1.891239738E1,3.227561200E1
9.402672809E0,-1.594119358E1,-2.073438454E1,1.891239738E1,3.227561200E1
9.404672775E0,-1.594119358E1,-2.073438454E1,1.891239738E1,3.227561200E1
9.406672741E0,-1.594119358E1,-2.073438454E1,1.891239738E1,3.227561200E1
9.408673507E0,-1.331924343E1,-2.181177521E1,1.364006615E1,2.896907295E1
9.410674340E0,-1.331924343E1,-2.181177521E1,1.364006615E1,2.896907295E1
9.412675240E0,-1.331924343E1,-2.181177521E1,1.364006615E1,2.896907295E1
9.414676040E0,-1.331924343E1,-2.181177521E1,1.364006615E1,2.896907295E1
9.416676073E0,-1.331924343E1,-2.181177521E1,1.364006615E1,2.896907295E1
9.418676106E0,-1.331924343E1,-2.181177521E1,1.364006615E1,2.896907295E1
9.420676139E0,-1.331924343E1,-2.181177521E1,1.364006615E1,2.896907295E1
9.422676172E0,-1.331924343E1,-2.181177521E1,1.364006615E1,2.896907295E1
9.424676205E0,-1.331924343E1,-2.181177521E1,1.364006615E1,2.896907295E1
9.426676238E0,-1.087955189E1,-2.110788155E1,8.056788445E0,2.507626672E1
9.428676271E0,-1.087955189E1,-2.110788155E1,8.056788445E0,2.507626672E1
9.430675771E0,-1.087955189E1,-2.110788155E1,8.056788445E0,2.507626672E1
9.432675771E0,-1.087955189E1,-2.110788155E1,8.056788445E0,2.507626672E1
9.434675771E0,-1.087955189E1,-2.110788155E1,8.056788445E0,2.507626672E1
9.436675771E0,-1.087955189E1,-2.110788155E1,8.056788445E0,2.507626672E1
9.438675771E0,-1.087955189E1,-2.110788155E1,8.056788445E0,2.507626672E1
9.440675771E0,-1.087955189E1,-2.110788155E1,8.056788445E0,2.507626672E1
9.442675737E0,-1.087955189E1,-2.110788155E1,8.056788445E0,2.507626672E1
9.444675703E0,-1.087955189E1,-2.110788155E1,8.056788445E0,2.507626672E1
9.446675669E0,-8.621819496E0,-1.815343666E1,2.889801502E0,2.030354616E1
9.448675635E0,-8.621819496E0,-1.815343666E1,2.889801502E0,2.030354616E1
9.450675601E0,-8.621819496E0,-1.815343666E1,2.889801502E0,2.030354616E1
9.452675567E0,-8.621819496E0,-1.815343666E1,2.889801502E0,2.030354616E1
9.454675533E0,-8.621819496E0,-1.815343666E1,2.889801502E0,2.030354616E1
9.456675499E0,-8.621819496E0,-1.815343666E1,2.889801502E0,2.030354616E1
9.458675499E0,-8.621819496E0,-1.815343666E1,2.889801502E0,2.030354616E1
9.460675532E0,-8.621819496E0,-1.815343666E1,2.889801502E0,2.030354616E1
9.462675565E0,-8.621819496E0,-1.815343666E1,2.889801502E0,2.030354616E1
9.464675598E0,-8.621819496E0,-1.815343666E1,2.889801502E0,2.030354616E1
9.466675631E0,-6.167762756E0,-1.470099735E1,4.453215301E-1,1.594863417E1
9.468675664E0,-6.167762756E0,-1.470099735E1,4.453215301E-1,1.594863417E1
9.470674830E0,-6.167762756E0,-1.470099735E1,4.453215301E-1,1.594863417E1
9.472674863E0,-6.167762756E0,-1.470099735E1,4.453215301E-1,1.594863417E1
9.474674863E0,-6.167762756E0,-1.470099735E1,4.453215301E-1,1.594863417E1
9.476674829E0,-6.167762756E0,-1.470099735E1,4.453215301E-1,1.594863417E1
9.478674795E0,-6.167762756E0,-1.470099735E1,4.453215301E-1,1.594863417E1
9.480674761E0,-6.167762756E0,-1.470099735E1,4.453215301E-1,1.594863417E1
9.482674727E0,-6.167762756E0,-1.470099735E1,4.453215301E-1,1.594863417E1
9.484674693E0,-6.167762756E0,-1.470099735E1,4.453215301E-1,1.594863417E1
9.486674659E0,-4.223371983E0,-1.220354557E1,-2.466027737E-1,1.291604461E1
9.488674625E0,-4.223371983E0,-1.220354557E1,-2.466027737E-1,1.291604461E1
9.490675125E0,-4.223371983E0,-1.220354557E1,-2.466027737E-1,1.291604461E1
9.492675158E0,-4.223371983E0,-1.220354557E1,-2.466027737E-1,1.291604461E1
9.494675191E0,-4.223371983E0,-1.220354557E1,-2.466027737E-1,1.291604461E1
9.496675224E0,-4.223371983E0,-1.220354557E1,-2.466027737E-1,1.291604461E1
9.498675257E0,-4.223371983E0,-1.220354557E1,-2.466027737E-1,1.291604461E1
9.500675290E0,-4.223371983E0,-1.220354557E1,-2.466027737E-1,1.291604461E1
9.502675323E0,-4.223371983E0,-1.220354557E1,-2.466027737E-1,1.291604461E1
9.504675356E0,-4.223371983E0,-1.220354557E1,-2.466027737E-1,1.291604461E1
9.506675389E0,-2.434903145E0,-1.060182476E1,-1.029506683E0,1.092645073E1
9.508675389E0,-2.434903145E0,-1.060182476E1,-1.029506683E0,1.092645073E1
9.510674522E0,-2.434903145E0,-1.060182476E1,-1.029506683E0,1.092645073E1
9.512674688E0,-2.434903145E0,-1.060182476E1,-1.029506683E0,1.092645073E1
9.514674688E0,-2.434903145E0,-1.060182476E1,-1.029506683E0,1.092645073E1
9.516674688E0,-2.434903145E0,-1.060182476E1,-1.029506683E0,1.092645073E1
9.518674688E0,-2.434903145E0,-1.060182476E1,-1.029506683E0,1.092645073E1
9.520674654E0,-2.434903145E0,-1.060182476E1,-1.029506683E0,1.092645073E1
9.522674187E0,-2.434903145E0,-1.060182476E1,-1.029506683E0,1.092645073E1
9.524674153E0,-2.434903145E0,-1.060182476E1,-1.029506683E0,1.092645073E1
9.526674119E0,-1.671152830E0,-9.605836868E0,-1.398213744E0,9.849865755E0
9.528674085E0,-1.671152830E0,-9.605836868E0,-1.398213744E0,9.849865755E0
9.530674918E0,-1.671152830E0,-9.605836868E0,-1.398213744E0,9.849865755E0
9.532674884E0,-1.671152830E0,-9.605836868E0,-1.398213744E0,9.849865755E0
9.534674850E0,-1.671152830E0,-9.605836868E0,-1.398213744E0,9.849865755E0
9.536674850E0,-1.671152830E0,-9.605836868E0,-1.398213744E0,9.849865755E0
9.538674883E0,-1.671152830E0,-9.605836868E0,-1.398213744E0,9.849865755E0
9.540674916E0,-1.671152830E0,-9.605836868E0,-1.398213744E0,9.849865755E0
9.542676149E0,-1.671152830E0,-9.605836868E0,-1.398213744E0,9.849865755E0
9.544676182E0,-1.671152830E0,-9.605836868E0,-1.398213744E0,9.849865755E0
9.546676215E0,-7.110779285E-1,-8.061576843E0,-2.327163935E0,8.420828047E0
9.548676081E0,-7.110779285E-1,-8.061576843E0,-2.327163935E0,8.420828047E0
9.550675247E0,-7.110779285E-1,-8.061576843E0,-2.327163935E0,8.420828047E0
9.552674380E0,-7.110779285E-1,-8.061576843E0,-2.327163935E0,8.420828047E0
9.554674346E0,-7.110779285E-1,-8.061576843E0,-2.327163935E0,8.420828047E0
9.556674312E0,-7.110779285E-1,-8.061576843E0,-2.327163935E0,8.420828047E0
9.558674278E0,-7.110779285E-1,-8.061576843E0,-2.327163935E0,8.420828047E0
9.560674244E0,-7.110779285E-1,-8.061576843E0,-2.327163935E0,8.420828047E0
9.562674210E0,-7.110779285E-1,-8.061576843E0,-2.327163935E0,8.420828047E0
9.564674176E0,-7.110779285E-1,-8.061576843E0,-2.327163935E0,8.420828047E0
9.566674142E0,-6.536170840E-1,-6.548440933E0,-4.211400986E0,7.813142275E0
9.568674142E0,-6.536170840E-1,-6.548440933E0,-4.211400986E0,7.813142275E0
9.570675042E0,-6.536170840E-1,-6.548440933E0,-4.211400986E0,7.813142275E0
9.572674908E0,-6.536170840E-1,-6.548440933E0,-4.211400986E0,7.813142275E0
9.574674941E0,-6.536170840E-1,-6.548440933E0,-4.211400986E0,7.813142275E0
9.576674974E0,-6.536170840E-1,-6.548440933E0,-4.211400986E0,7.813142275E0
9.578675007E0,-6.536170840E-1,-6.548440933E0,-4.211400986E0,7.813142275E0
9.580675040E0,-6.536170840E-1,-6.548440933E0,-4.211400986E0,7.813142275E0
9.582675506E0,-6.536170840E-1,-6.548440933E0,-4.211400986E0,7.813142275E0
9.584675539E0,-6.536170840E-1,-6.548440933E0,-4.211400986E0,7.813142275E0
9.586675539E0,3.160346150E-1,-4.671087742E0,-6.795043468E0,8.251760679E0
9.588675539E0,3.160346150E-1,-4.671087742E0,-6.795043468E0,8.251760679E0
9.590675172E0,3.160346150E-1,-4.671087742E0,-6.795043468E0,8.251760679E0
9.592675172E0,3.160346150E-1,-4.671087742E0,-6.795043468E0,8.251760679E0
9.594675172E0,3.160346150E-1,-4.671087742E0,-6.795043468E0,8.251760679E0
9.596675172E0,3.160346150E-1,-4.671087742E0,-6.795043468E0,8.251760679E0
9.598675138E0,3.160346150E-1,-4.671087742E0,-6.795043468E0,8.251760679E0
9.600675104E0,3.160346150E-1,-4.671087742E0,-6.795043468E0,8.251760679E0
9.602673870E0,3.160346150E-1,-4.671087742E0,-6.795043468E0,8.251760679E0
9.604673836E0,3.160346150E-1,-4.671087742E0,-6.795043468E0,8.251760679E0
9.606673802E0,1.259350061E0,-3.335123062E0,-8.449437141E0,9.170714063E0
9.608673935E0,1.259350061E0,-3.335123062E0,-8.449437141E0,9.170714063E0
9.610674768E0,1.259350061E0,-3.335123062E0,-8.449437141E0,9.170714063E0
9.612675601E0,1.259350061E0,-3.335123062E0,-8.449437141E0,9.170714063E0
9.614675601E0,1.259350061E0,-3.335123062E0,-8.449437141E0,9.170714063E0
9.616675601E0,1.259350061E0,-3.335123062E0,-8.449437141E0,9.170714063E0
9.618675634E0,1.259350061E0,-3.335123062E0,-8.449437141E0,9.170714063E0
9.620675667E0,1.259350061E0,-3.335123062E0,-8.449437141E0,9.170714063E0
9.622675700E0,1.259350061E0,-3.335123062E0,-8.449437141E0,9.170714063E0
9.624675733E0,1.259350061E0,-3.335123062E0,-8.449437141E0,9.170714063E0
9.626675233E0,6.320692301E-1,-2.240972757E0,-9.100660324E0,9.393800549E0
9.628675266E0,6.320692301E-1,-2.240972757E0,-9.100660324E0,9.393800549E0
9.630674732E0,6.320692301E-1,-2.240972757E0,-9.100660324E0,9.393800549E0
9.632674698E0,6.320692301E-1,-2.240972757E0,-9.100660324E0,9.393800549E0
9.634674664E0,6.320692301E-1,-2.240972757E0,-9.100660324E0,9.393800549E0
9.636674630E0,6.320692301E-1,-2.240972757E0,-9.100660324E0,9.393800549E0
9.638674596E0,6.320692301E-1,-2.240972757E0,-9.100660324E0,9.393800549E0
9.640674562E0,6.320692301E-1,-2.240972757E0,-9.100660324E0,9.393800549E0
9.642674662E0,6.320692301E-1,-2.240972757E0,-9.100660324E0,9.393800549E0
9.644674628E0,6.320692301E-1,-2.240972757E0,-9.100660324E0,9.393800549E0
9.646674628E0,-1.029506698E-1,-9.361328483E-1,-9.162909508E0,9.211180934E0
9.648674628E0,-1.029506698E-1,-9.361328483E-1,-9.162909508E0,9.211180934E0
9.650674994E0,-1.029506698E-1,-9.361328483E-1,-9.162909508E0,9.211180934E0
9.652674994E0,-1.029506698E-1,-9.361328483E-1,-9.162909508E0,9.211180934E0
9.654674994E0,-1.029506698E-1,-9.361328483E-1,-9.162909508E0,9.211180934E0
9.656674994E0,-1.029506698E-1,-9.361328483E-1,-9.162909508E0,9.211180934E0
9.658674994E0,-1.029506698E-1,-9.361328483E-1,-9.162909508E0,9.211180934E0
9.660674994E0,-1.029506698E-1,-9.361328483E-1,-9.162909508E0,9.211180934E0
9.662674994E0,-1.029506698E-1,-9.361328483E-1,-9.162909508E0,9.211180934E0
9.664675027E0,-1.029506698E-1,-9.361328483E-1,-9.162909508E0,9.211180934E0
9.666675060E0,-2.585737705E-1,5.267243832E-2,-9.751882553E0,9.755452225E0
9.668675093E0,-2.585737705E-1,5.267243832E-2,-9.751882553E0,9.755452225E0
9.670674259E0,-2.585737705E-1,5.267243832E-2,-9.751882553E0,9.755452225E0
9.672674292E0,-2.585737705E-1,5.267243832E-2,-9.751882553E0,9.755452225E0
9.674674325E0,-2.585737705E-1,5.267243832E-2,-9.751882553E0,9.755452225E0
9.676674358E0,-2.585737705E-1,5.267243832E-2,-9.751882553E0,9.755452225E0
9.678674358E0,-2.585737705E-1,5.267243832E-2,-9.751882553E0,9.755452225E0
9.680674324E0,-2.585737705E-1,5.267243832E-2,-9.751882553E0,9.755452225E0
9.682674290E0,-2.585737705E-1,5.267243832E-2,-9.751882553E0,9.755452225E0
9.684674256E0,-2.585737705E-1,5.267243832E-2,-9.751882553E0,9.755452225E0
9.686674756E0,-6.344634295E-1,6.248866320E-1,-1.036719227E1,1.040536894E1
9.688674722E0,-6.344634295E-1,6.248866320E-1,-1.036719227E1,1.040536894E1
9.690675222E0,-6.344634295E-1,6.248866320E-1,-1.036719227E1,1.040536894E1
9.692675222E0,-6.344634295E-1,6.248866320E-1,-1.036719227E1,1.040536894E1
9.694675222E0,-6.344634295E-1,6.248866320E-1,-1.036719227E1,1.040536894E1
9.696674355E0,-6.344634295E-1,6.248866320E-1,-1.036719227E1,1.040536894E1
9.698674388E0,-6.344634295E-1,6.248866320E-1,-1.036719227E1,1.040536894E1
9.700674421E0,-6.344634295E-1,6.248866320E-1,-1.036719227E1,1.040536894E1
9.702674321E0,-6.344634295E-1,6.248866320E-1,-1.036719227E1,1.040536894E1
9.704674354E0,-1.077390790E0,7.086837292E-1,-1.008467674E1,1.016679441E1
9.706674887E0,-1.077390790E0,7.086837292E-1,-1.008467674E1,1.016679441E1
9.708674920E0,-1.077390790E0,7.086837292E-1,-1.008467674E1,1.016679441E1
9.710674053E0,-1.077390790E0,7.086837292E-1,-1.008467674E1,1.016679441E1
9.712673253E0,-1.077390790E0,7.086837292E-1,-1.008467674E1,1.016679441E1
9.714673253E0,-1.077390790E0,7.086837292E-1,-1.008467674E1,1.016679441E1
9.716673253E0,-1.077390790E0,7.086837292E-1,-1.008467674E1,1.016679441E1
9.718673253E0,-1.077390790E0,7.086837292E-1,-1.008467674E1,1.016679441E1
9.720673253E0,-1.077390790E0,7.086837292E-1,-1.008467674E1,1.016679441E1
9.722673253E0,-1.077390790E0,7.086837292E-1,-1.008467674E1,1.016679441E1
9.724673219E0,-1.697489023E0,5.386953950E-1,-8.880393028E0,9.057209396E0
9.726673185E0,-1.697489023E0,5.386953950E-1,-8.880393028E0,9.057209396E0
9.728673151E0,-1.697489023E0,5.386953950E-1,-8.880393028E0,9.057209396E0
9.730673984E0,-1.697489023E0,5.386953950E-1,-8.880393028E0,9.057209396E0
9.732673950E0,-1.697489023E0,5.386953950E-1,-8.880393028E0,9.057209396E0
9.734673916E0,-1.697489023E0,5.386953950E-1,-8.880393028E0,9.057209396E0
9.736673882E0,-1.697489023E0,5.386953950E-1,-8.880393028E0,9.057209396E0
9.738673848E0,-1.697489023E0,5.386953950E-1,-8.880393028E0,9.057209396E0
9.740673848E0,-1.697489023E0,5.386953950E-1,-8.880393028E0,9.057209396E0
9.742673881E0,-1.697489023E0,5.386953950E-1,-8.880393028E0,9.057209396E0
9.744673914E0,-2.217030764E0,-6.703764796E-1,-7.379229069E0,7.734187202E0
9.746673947E0,-2.217030764E0,-6.703764796E-1,-7.379229069E0,7.734187202E0
9.748673980E0,-2.217030764E0,-6.703764796E-1,-7.379229069E0,7.734187202E0
9.750673146E0,-2.217030764E0,-6.703764796E-1,-7.379229069E0,7.734187202E0
9.752672312E0,-2.217030764E0,-6.703764796E-1,-7.379229069E0,7.734187202E0
9.754672345E0,-2.217030764E0,-6.703764796E-1,-7.379229069E0,7.734187202E0
9.756673245E0,-2.217030764E0,-6.703764796E-1,-7.379229069E0,7.734187202E0
9.758673211E0,-2.217030764E0,-6.703764796E-1,-7.379229069E0,7.734187202E0
9.760673177E0,-2.217030764E0,-6.703764796E-1,-7.379229069E0,7.734187202E0
9.762673143E0,-2.217030764E0,-6.703764796E-1,-7.379229069E0,7.734187202E0
9.764673109E0,-2.999934673E0,-1.884236693E0,-5.602731228E0,6.628767093E0
9.766672575E0,-2.999934673E0,-1.884236693E0,-5.602731228E0,6.628767093E0
9.768672141E0,-2.999934673E0,-1.884236693E0,-5.602731228E0,6.628767093E0
9.770673007E0,-2.999934673E0,-1.884236693E0,-5.602731228E0,6.628767093E0
9.772673807E0,-2.999934673E0,-1.884236693E0,-5.602731228E0,6.628767093E0
9.774673307E0,-2.999934673E0,-1.884236693E0,-5.602731228E0,6.628767093E0
9.776673340E0,-2.999934673E0,-1.884236693E0,-5.602731228E0,6.628767093E0
9.778673373E0,-2.999934673E0,-1.884236693E0,-5.602731228E0,6.628767093E0
9.780673406E0,-2.999934673E0,-1.884236693E0,-5.602731228E0,6.628767093E0
9.782673439E0,-2.999934673E0,-1.884236693E0,-5.602731228E0,6.628767093E0
9.784673472E0,-4.185064793E0,-3.591302633E0,-4.252102375E0,6.963662580E0
9.786673505E0,-4.185064793E0,-3.591302633E0,-4.252102375E0,6.963662580E0
9.788673405E0,-4.185064793E0,-3.591302633E0,-4.252102375E0,6.963662580E0
9.790673405E0,-4.185064793E0,-3.591302633E0,-4.252102375E0,6.963662580E0
9.792673405E0,-4.185064793E0,-3.591302633E0,-4.252102375E0,6.963662580E0
9.794673405E0,-4.185064793E0,-3.591302633E0,-4.252102375E0,6.963662580E0
9.796673405E0,-4.185064793E0,-3.591302633E0,-4.252102375E0,6.963662580E0
9.798673405E0,-4.185064793E0,-3.591302633E0,-4.252102375E0,6.963662580E0
9.800673405E0,-4.185064793E0,-3.591302633E0,-4.252102375E0,6.963662580E0
9.802673371E0,-4.185064793E0,-3.591302633E0,-4.252102375E0,6.963662580E0
9.804673337E0,-6.821380138E0,-3.572149038E0,-2.284068346E0,8.031714882E0
9.806673303E0,-6.821380138E0,-3.572149038E0,-2.284068346E0,8.031714882E0
9.808673269E0,-6.821380138E0,-3.572149038E0,-2.284068346E0,8.031714882E0
9.810674102E0,-6.821380138E0,-3.572149038E0,-2.284068346E0,8.031714882E0
9.812674935E0,-6.821380138E0,-3.572149038E0,-2.284068346E0,8.031714882E0
9.814674901E0,-6.821380138E0,-3.572149038E0,-2.284068346E0,8.031714882E0
9.816674867E0,-6.821380138E0,-3.572149038E0,-2.284068346E0,8.031714882E0
9.818674867E0,-6.821380138E0,-3.572149038E0,-2.284068346E0,8.031714882E0
9.820674900E0,-6.821380138E0,-3.572149038E0,-2.284068346E0,8.031714882E0
9.822674933E0,-6.821380138E0,-3.572149038E0,-2.284068346E0,8.031714882E0
9.824674966E0,-7.992144585E0,-2.815581083E0,-8.930372596E-1,8.520527416E0
9.826674999E0,-7.992144585E0,-2.815581083E0,-8.930372596E-1,8.520527416E0
9.828675432E0,-7.992144585E0,-2.815581083E0,-8.930372596E-1,8.520527416E0
9.830674565E0,-7.992144585E0,-2.815581083E0,-8.930372596E-1,8.520527416E0
9.832674598E0,-7.992144585E0,-2.815581083E0,-8.930372596E-1,8.520527416E0
9.834675131E0,-7.992144585E0,-2.815581083E0,-8.930372596E-1,8.520527416E0
9.836675097E0,-7.992144585E0,-2.815581083E0,-8.930372596E-1,8.520527416E0
9.838675063E0,-7.992144585E0,-2.815581083E0,-8.930372596E-1,8.520527416E0
9.840675029E0,-7.992144585E0,-2.815581083E0,-8.930372596E-1,8.520527416E0
9.842674995E0,-7.992144585E0,-2.815581083E0,-8.930372596E-1,8.520527416E0
9.844674961E0,-8.846874237E0,-6.244377136E0,8.283938169E-1,1.086027927E1
9.846674927E0,-8.846874237E0,-6.244377136E0,8.283938169E-1,1.086027927E1
9.848675027E0,-8.846874237E0,-6.244377136E0,8.283938169E-1,1.086027927E1
9.850675027E0,-8.846874237E0,-6.244377136E0,8.283938169E-1,1.086027927E1
9.852675060E0,-8.846874237E0,-6.244377136E0,8.283938169E-1,1.086027927E1
9.854675093E0,-8.846874237E0,-6.244377136E0,8.283938169E-1,1.086027927E1
9.856675126E0,-8.846874237E0,-6.244377136E0,8.283938169E-1,1.086027927E1
9.858675159E0,-8.846874237E0,-6.244377136E0,8.283938169E-1,1.086027927E1
9.860675192E0,-8.846874237E0,-6.244377136E0,8.283938169E-1,1.086027927E1
9.862675225E0,-8.846874237E0,-6.244377136E0,8.283938169E-1,1.086027927E1
9.864675258E0,-9.057564735E0,-1.093940639E1,6.237194538E0,1.551169517E1
9.866675291E0,-9.057564735E0,-1.093940639E1,6.237194538E0,1.551169517E1
9.868675291E0,-9.057564735E0,-1.093940639E1,6.237194538E0,1.551169517E1
9.870674424E0,-9.057564735E0,-1.093940639E1,6.237194538E0,1.551169517E1
9.872674424E0,-9.057564735E0,-1.093940639E1,6.237194538E0,1.551169517E1
9.874674424E0,-9.057564735E0,-1.093940639E1,6.237194538E0,1.551169517E1
9.876674424E0,-9.057564735E0,-1.093940639E1,6.237194538E0,1.551169517E1
9.878674424E0,-9.057564735E0,-1.093940639E1,6.237194538E0,1.551169517E1
9.880674390E0,-9.057564735E0,-1.093940639E1,6.237194538E0,1.551169517E1
9.882674356E0,-9.057564735E0,-1.093940639E1,6.237194538E0,1.551169517E1
9.884674322E0,-8.506897926E0,-1.323784065E1,1.042704773E1,1.887673335E1
9.886674288E0,-8.506897926E0,-1.323784065E1,1.042704773E1,1.887673335E1
9.888674254E0,-8.506897926E0,-1.323784065E1,1.042704773E1,1.887673335E1
9.890675120E0,-8.506897926E0,-1.323784065E1,1.042704773E1,1.887673335E1
9.892675086E0,-8.506897926E0,-1.323784065E1,1.042704773E1,1.887673335E1
9.894675052E0,-8.506897926E0,-1.323784065E1,1.042704773E1,1.887673335E1
9.896675052E0,-8.506897926E0,-1.323784065E1,1.042704773E1,1.887673335E1
9.898675085E0,-8.506897926E0,-1.323784065E1,1.042704773E1,1.887673335E1
9.900675118E0,-8.506897926E0,-1.323784065E1,1.042704773E1,1.887673335E1
9.902675151E0,-8.506897926E0,-1.323784065E1,1.042704773E1,1.887673335E1
9.904674284E0,-9.830891609E0,-1.294814205E1,9.455001831E0,1.880685705E1
9.906674317E0,-9.830891609E0,-1.294814205E1,9.455001831E0,1.880685705E1
9.908674350E0,-9.830891609E0,-1.294814205E1,9.455001831E0,1.880685705E1
9.910673516E0,-9.830891609E0,-1.294814205E1,9.455001831E0,1.880685705E1
9.912673516E0,-9.830891609E0,-1.294814205E1,9.455001831E0,1.880685705E1
9.914673482E0,-9.830891609E0,-1.294814205E1,9.455001831E0,1.880685705E1
9.916673448E0,-9.830891609E0,-1.294814205E1,9.455001831E0,1.880685705E1
9.918673414E0,-9.830891609E0,-1.294814205E1,9.455001831E0,1.880685705E1
9.920673380E0,-9.830891609E0,-1.294814205E1,9.455001831E0,1.880685705E1
9.922673346E0,-9.830891609E0,-1.294814205E1,9.455001831E0,1.880685705E1
9.924673312E0,-1.390582275E1,-1.455465126E1,7.508515835E0,2.148458959E1
9.926673278E0,-1.390582275E1,-1.455465126E1,7.508515835E0,2.148458959E1
9.928673278E0,-1.390582275E1,-1.455465126E1,7.508515835E0,2.148458959E1
9.930674178E0,-1.390582275E1,-1.455465126E1,7.508515835E0,2.148458959E1
9.932674211E0,-1.390582275E1,-1.455465126E1,7.508515835E0,2.148458959E1
9.934674244E0,-1.390582275E1,-1.455465126E1,7.508515835E0,2.148458959E1
9.936674277E0,-1.390582275E1,-1.455465126E1,7.508515835E0,2.148458959E1
9.938674310E0,-1.390582275E1,-1.455465126E1,7.508515835E0,2.148458959E1
9.940674343E0,-1.390582275E1,-1.455465126E1,7.508515835E0,2.148458959E1
9.942674376E0,-1.390582275E1,-1.455465126E1,7.508515835E0,2.148458959E1
9.944674409E0,-2.213738823E1,-2.247975922E1,1.245493698E1,3.391944851E1
9.946674409E0,-2.213738823E1,-2.247975922E1,1.245493698E1,3.391944851E1
9.948674409E0,-2.213738823E1,-2.247975922E1,1.245493698E1,3.391944851E1
9.950673542E0,-2.213738823E1,-2.247975922E1,1.245493698E1,3.391944851E1
9.952672675E0,-2.213738823E1,-2.247975922E1,1.245493698E1,3.391944851E1
9.954672675E0,-2.213738823E1,-2.247975922E1,1.245493698E1,3.391944851E1
9.956672675E0,-2.213738823E1,-2.247975922E1,1.245493698E1,3.391944851E1
9.958672641E0,-2.213738823E1,-2.247975922E1,1.245493698E1,3.391944851E1
9.960672607E0,-2.213738823E1,-2.247975922E1,1.245493698E1,3.391944851E1
9.962672573E0,-2.976800728E1,-3.099862671E1,2.381332779E1,4.913373277E1
9.964673439E0,-2.976800728E1,-3.099862671E1,2.381332779E1,4.913373277E1
9.966673405E0,-2.976800728E1,-3.099862671E1,2.381332779E1,4.913373277E1
9.968673371E0,-2.976800728E1,-3.099862671E1,2.381332779E1,4.913373277E1
9.970674204E0,-2.976800728E1,-3.099862671E1,2.381332779E1,4.913373277E1
9.972674170E0,-2.976800728E1,-3.099862671E1,2.381332779E1,4.913373277E1
9.974674170E0,-2.976800728E1,-3.099862671E1,2.381332779E1,4.913373277E1
9.976674203E0,-2.976800728E1,-3.099862671E1,2.381332779E1,4.913373277E1
9.978674236E0,-2.976800728E1,-3.099862671E1,2.381332779E1,4.913373277E1
9.980674269E0,-2.976800728E1,-3.099862671E1,2.381332779E1,4.913373277E1
9.982674302E0,-3.335931015E1,-3.536595154E1,3.536595154E1,6.011941974E1
9.984674335E0,-3.335931015E1,-3.536595154E1,3.536595154E1,6.011941974E1
9.986674368E0,-3.335931015E1,-3.536595154E1,3.536595154E1,6.011941974E1
9.988674401E0,-3.335931015E1,-3.536595154E1,3.536595154E1,6.011941974E1
9.990674401E0,-3.335931015E1,-3.536595154E1,3.536595154E1,6.011941974E1
9.992674367E0,-3.335931015E1,-3.536595154E1,3.536595154E1,6.011941974E1
9.994674333E0,-3.335931015E1,-3.536595154E1,3.536595154E1,6.011941974E1
9.996674299E0,-3.335931015E1,-3.536595154E1,3.536595154E1,6.011941974E1
9.998674265E0,-3.335931015E1,-3.536595154E1,3.536595154E1,6.011941974E1
1.000067423E1,-3.335931015E1,-3.536595154E1,3.536595154E1,6.011941974E1
1.000267420E1,-3.175519562E1,-2.533394623E1,4.819916916E1,6.303460310E1
1.000467416E1,-3.175519562E1,-2.533394623E1,4.819916916E1,6.303460310E1
1.000667416E1,-3.175519562E1,-2.533394623E1,4.819916916E1,6.303460310E1
1.000867420E1,-3.175519562E1,-2.533394623E1,4.819916916E1,6.303460310E1
1.001067510E1,-3.175519562E1,-2.533394623E1,4.819916916E1,6.303460310E1
1.001267600E1,-3.175519562E1,-2.533394623E1,4.819916916E1,6.303460310E1
1.001467603E1,-3.175519562E1,-2.533394623E1,4.819916916E1,6.303460310E1
1.001667606E1,-3.175519562E1,-2.533394623E1,4.819916916E1,6.303460310E1
1.001867610E1,-3.175519562E1,-2.533394623E1,4.819916916E1,6.303460310E1
1.002067613E1,-3.175519562E1,-2.533394623E1,4.819916916E1,6.303460310E1
1.002267616E1,-3.587112808E1,-1.484405100E-1,5.542038345E1,6.601650374E1
1.002467616E1,-3.587112808E1,-1.484405100E-1,5.542038345E1,6.601650374E1
1.002667616E1,-3.587112808E1,-1.484405100E-1,5.542038345E1,6.601650374E1
1.002867616E1,-3.587112808E1,-1.484405100E-1,5.542038345E1,6.601650374E1
1.003067566E1,-3.587112808E1,-1.484405100E-1,5.542038345E1,6.601650374E1
1.003267566E1,-3.587112808E1,-1.484405100E-1,5.542038345E1,6.601650374E1
1.003467566E1,-3.587112808E1,-1.484405100E-1,5.542038345E1,6.601650374E1
1.003667563E1,-3.587112808E1,-1.484405100E-1,5.542038345E1,6.601650374E1
1.003867559E1,-3.587112808E1,-1.484405100E-1,5.542038345E1,6.601650374E1
1.004067556E1,-3.587112808E1,-1.484405100E-1,5.542038345E1,6.601650374E1
1.004267552E1,-2.736662292E1,1.473690987E1,4.234025955E1,5.252433856E1
1.004467549E1,-2.736662292E1,1.473690987E1,4.234025955E1,5.252433856E1
1.004667546E1,-2.736662292E1,1.473690987E1,4.234025955E1,5.252433856E1
1.004867542E1,-2.736662292E1,1.473690987E1,4.234025955E1,5.252433856E1
1.005067539E1,-2.736662292E1,1.473690987E1,4.234025955E1,5.252433856E1
1.005267539E1,-2.736662292E1,1.473690987E1,4.234025955E1,5.252433856E1
1.005467542E1,-2.736662292E1,1.473690987E1,4.234025955E1,5.252433856E1
1.005667546E1,-2.736662292E1,1.473690987E1,4.234025955E1,5.252433856E1
1.005867549E1,-2.736662292E1,1.473690987E1,4.234025955E1,5.252433856E1
1.006067552E1,-2.736662292E1,1.473690987E1,4.234025955E1,5.252433856E1
1.006267555E1,-1.344853020E1,1.649604917E0,3.068019867E1,3.353891398E1
1.006467559E1,-1.344853020E1,1.649604917E0,3.068019867E1,3.353891398E1
1.006667562E1,-1.344853020E1,1.649604917E0,3.068019867E1,3.353891398E1
1.006867562E1,-1.344853020E1,1.649604917E0,3.068019867E1,3.353891398E1
1.007067472E1,-1.344853020E1,1.649604917E0,3.068019867E1,3.353891398E1
1.007267435E1,-1.344853020E1,1.649604917E0,3.068019867E1,3.353891398E1
1.007467432E1,-1.344853020E1,1.649604917E0,3.068019867E1,3.353891398E1
1.007667429E1,-1.344853020E1,1.649604917E0,3.068019867E1,3.353891398E1
1.007867425E1,-1.344853020E1,1.649604917E0,3.068019867E1,3.353891398E1
1.008067422E1,-1.344853020E1,1.649604917E0,3.068019867E1,3.353891398E1
1.008267418E1,4.788403399E-3,-3.562572241E0,1.831863594E1,1.866184253E1
1.008467418E1,4.788403399E-3,-3.562572241E0,1.831863594E1,1.866184253E1
1.008667422E1,4.788403399E-3,-3.562572241E0,1.831863594E1,1.866184253E1
1.008867425E1,4.788403399E-3,-3.562572241E0,1.831863594E1,1.866184253E1
1.009067478E1,4.788403399E-3,-3.562572241E0,1.831863594E1,1.866184253E1
1.009267482E1,4.788403399E-3,-3.562572241E0,1.831863594E1,1.866184253E1
1.009467485E1,4.788403399E-3,-3.562572241E0,1.831863594E1,1.866184253E1
1.009667488E1,4.788403399E-3,-3.562572241E0,1.831863594E1,1.866184253E1
1.009867491E1,4.788403399E-3,-3.562572241E0,1.831863594E1,1.866184253E1
1.010067495E1,4.788403399E-3,-3.562572241E0,1.831863594E1,1.866184253E1
1.010267495E1,-3.234566450E0,4.237737060E-1,1.677916336E1,1.709334161E1
1.010467495E1,-3.234566450E0,4.237737060E-1,1.677916336E1,1.709334161E1
1.010667495E1,-3.234566450E0,4.237737060E-1,1.677916336E1,1.709334161E1
1.010867495E1,-3.234566450E0,4.237737060E-1,1.677916336E1,1.709334161E1
1.011067408E1,-3.234566450E0,4.237737060E-1,1.677916336E1,1.709334161E1
1.011267421E1,-3.234566450E0,4.237737060E-1,1.677916336E1,1.709334161E1
1.011467418E1,-3.234566450E0,4.237737060E-1,1.677916336E1,1.709334161E1
1.011667415E1,-3.234566450E0,4.237737060E-1,1.677916336E1,1.709334161E1
1.011867411E1,-3.234566450E0,4.237737060E-1,1.677916336E1,1.709334161E1
1.012067408E1,-3.234566450E0,4.237737060E-1,1.677916336E1,1.709334161E1
1.012267404E1,-1.207665253E1,3.708618402E0,1.739208031E1,2.149613556E1
1.012467401E1,-1.207665253E1,3.708618402E0,1.739208031E1,2.149613556E1
1.012667398E1,-1.207665253E1,3.708618402E0,1.739208031E1,2.149613556E1
1.012867394E1,-1.207665253E1,3.708618402E0,1.739208031E1,2.149613556E1
1.013067481E1,-1.207665253E1,3.708618402E0,1.739208031E1,2.149613556E1
1.013267517E1,-1.207665253E1,3.708618402E0,1.739208031E1,2.149613556E1
1.013467521E1,-1.207665253E1,3.708618402E0,1.739208031E1,2.149613556E1
1.013667434E1,-1.207665253E1,3.708618402E0,1.739208031E1,2.149613556E1
1.013867437E1,-1.207665253E1,3.708618402E0,1.739208031E1,2.149613556E1
1.014067440E1,-1.207665253E1,3.708618402E0,1.739208031E1,2.149613556E1
1.014267444E1,-1.404947472E1,5.076006889E0,1.529475880E1,2.137950496E1
1.014467447E1,-1.404947472E1,5.076006889E0,1.529475880E1,2.137950496E1
1.014667447E1,-1.404947472E1,5.076006889E0,1.529475880E1,2.137950496E1
1.014867444E1,-1.404947472E1,5.076006889E0,1.529475880E1,2.137950496E1
1.015067354E1,-1.404947472E1,5.076006889E0,1.529475880E1,2.137950496E1
1.015267264E1,-1.404947472E1,5.076006889E0,1.529475880E1,2.137950496E1
1.015467260E1,-1.404947472E1,5.076006889E0,1.529475880E1,2.137950496E1
1.015667257E1,-1.404947472E1,5.076006889E0,1.529475880E1,2.137950496E1
1.015867257E1,-1.404947472E1,5.076006889E0,1.529475880E1,2.137950496E1
1.016067254E1,-1.404947472E1,5.076006889E0,1.529475880E1,2.137950496E1
1.016267254E1,-1.394891834E1,3.782838583E0,1.439663410E1,2.039963882E1
1.016467254E1,-1.394891834E1,3.782838583E0,1.439663410E1,2.039963882E1
1.016667254E1,-1.394891834E1,3.782838583E0,1.439663410E1,2.039963882E1
1.016867254E1,-1.394891834E1,3.782838583E0,1.439663410E1,2.039963882E1
1.017067340E1,-1.394891834E1,3.782838583E0,1.439663410E1,2.039963882E1
1.017267327E1,-1.394891834E1,3.782838583E0,1.439663410E1,2.039963882E1
1.017467327E1,-1.394891834E1,3.782838583E0,1.439663410E1,2.039963882E1
1.017667327E1,-1.394891834E1,3.782838583E0,1.439663410E1,2.039963882E1
1.017867327E1,-1.394891834E1,3.782838583E0,1.439663410E1,2.039963882E1
1.018067330E1,-1.394891834E1,3.782838583E0,1.439663410E1,2.039963882E1
1.018267333E1,-1.388427448E1,4.932055473E-1,1.781824684E1,2.259438537E1
1.018467337E1,-1.388427448E1,4.932055473E-1,1.781824684E1,2.259438537E1
1.018667340E1,-1.388427448E1,4.932055473E-1,1.781824684E1,2.259438537E1
1.018867343E1,-1.388427448E1,4.932055473E-1,1.781824684E1,2.259438537E1
1.019067347E1,-1.388427448E1,4.932055473E-1,1.781824684E1,2.259438537E1
1.019267346E1,-1.388427448E1,4.932055473E-1,1.781824684E1,2.259438537E1
1.019467347E1,-1.388427448E1,4.932055473E-1,1.781824684E1,2.259438537E1
1.019667433E1,-1.388427448E1,4.932055473E-1,1.781824684E1,2.259438537E1
1.019867430E1,-1.388427448E1,4.932055473E-1,1.781824684E1,2.259438537E1
1.020067386E1,-1.388427448E1,4.932055473E-1,1.781824684E1,2.259438537E1
1.020267383E1,-1.371907520E1,-2.509123325E0,2.371037865E1,2.750801301E1
1.020467380E1,-1.371907520E1,-2.509123325E0,2.371037865E1,2.750801301E1
1.020667376E1,-1.371907520E1,-2.509123325E0,2.371037865E1,2.750801301E1
1.020867376E1,-1.371907520E1,-2.509123325E0,2.371037865E1,2.750801301E1
1.021067466E1,-1.371907520E1,-2.509123325E0,2.371037865E1,2.750801301E1
1.021267556E1,-1.371907520E1,-2.509123325E0,2.371037865E1,2.750801301E1
1.021467559E1,-1.371907520E1,-2.509123325E0,2.371037865E1,2.750801301E1
1.021667563E1,-1.371907520E1,-2.509123325E0,2.371037865E1,2.750801301E1
1.021867563E1,-1.371907520E1,-2.509123325E0,2.371037865E1,2.750801301E1
1.022067566E1,-1.371907520E1,-2.509123325E0,2.371037865E1,2.750801301E1
1.022267569E1,-1.341022301E1,-6.787860870E0,2.487186432E1,2.906060514E1
1.022467573E1,-1.341022301E1,-6.787860870E0,2.487186432E1,2.906060514E1
1.022667573E1,-1.341022301E1,-6.787860870E0,2.487186432E1,2.906060514E1
1.022867573E1,-1.341022301E1,-6.787860870E0,2.487186432E1,2.906060514E1
1.023067519E1,-1.341022301E1,-6.787860870E0,2.487186432E1,2.906060514E1
1.023267519E1,-1.341022301E1,-6.787860870E0,2.487186432E1,2.906060514E1
1.023467519E1,-1.341022301E1,-6.787860870E0,2.487186432E1,2.906060514E1
1.023667519E1,-1.341022301E1,-6.787860870E0,2.487186432E1,2.906060514E1
1.023867512E1,-1.341022301E1,-6.787860870E0,2.487186432E1,2.906060514E1
1.024067509E1,-1.119798088E1,-1.007749462E1,2.218048286E1,2.681276736E1
1.024267509E1,-1.119798088E1,-1.007749462E1,2.218048286E1,2.681276736E1
1.024467509E1,-1.119798088E1,-1.007749462E1,2.218048286E1,2.681276736E1
1.024667509E1,-1.119798088E1,-1.007749462E1,2.218048286E1,2.681276736E1
1.024867509E1,-1.119798088E1,-1.007749462E1,2.218048286E1,2.681276736E1
1.025067509E1,-1.119798088E1,-1.007749462E1,2.218048286E1,2.681276736E1
1.025267509E1,-1.119798088E1,-1.007749462E1,2.218048286E1,2.681276736E1
1.025467509E1,-1.119798088E1,-1.007749462E1,2.218048286E1,2.681276736E1
1.025667512E1,-1.119798088E1,-1.007749462E1,2.218048286E1,2.681276736E1
1.025867512E1,-1.119798088E1,-1.007749462E1,2.218048286E1,2.681276736E1
1.026067552E1,-9.062353134E0,-1.140867043E1,1.908956909E1,2.401448840E1
1.026267552E1,-9.062353134E0,-1.140867043E1,1.908956909E1,2.401448840E1
1.026467552E1,-9.062353134E0,-1.140867043E1,1.908956909E1,2.401448840E1
1.026667552E1,-9.062353134E0,-1.140867043E1,1.908956909E1,2.401448840E1
1.026867552E1,-9.062353134E0,-1.140867043E1,1.908956909E1,2.401448840E1
1.027067462E1,-9.062353134E0,-1.140867043E1,1.908956909E1,2.401448840E1
1.027267459E1,-9.062353134E0,-1.140867043E1,1.908956909E1,2.401448840E1
1.027467456E1,-9.062353134E0,-1.140867043E1,1.908956909E1,2.401448840E1
1.027667452E1,-9.062353134E0,-1.140867043E1,1.908956909E1,2.401448840E1
1.027867449E1,-9.062353134E0,-1.140867043E1,1.908956909E1,2.401448840E1
1.028067445E1,-7.843704224E0,-1.230170727E1,1.710717010E1,2.248357104E1
1.028267442E1,-7.843704224E0,-1.230170727E1,1.710717010E1,2.248357104E1
1.028467439E1,-7.843704224E0,-1.230170727E1,1.710717010E1,2.248357104E1
1.028667439E1,-7.843704224E0,-1.230170727E1,1.710717010E1,2.248357104E1
1.028867442E1,-7.843704224E0,-1.230170727E1,1.710717010E1,2.248357104E1
1.029067498E1,-7.843704224E0,-1.230170727E1,1.710717010E1,2.248357104E1
1.029267502E1,-7.843704224E0,-1.230170727E1,1.710717010E1,2.248357104E1
1.029467505E1,-7.843704224E0,-1.230170727E1,1.710717010E1,2.248357104E1
1.029667508E1,-7.843704224E0,-1.230170727E1,1.710717010E1,2.248357104E1
1.029867518E1,-7.843704224E0,-1.230170727E1,1.710717010E1,2.248357104E1
1.030067522E1,-6.455067158E0,-1.219157410E1,1.547911263E1,2.073415777E1
1.030267522E1,-6.455067158E0,-1.219157410E1,1.547911263E1,2.073415777E1
1.030467518E1,-6.455067158E0,-1.219157410E1,1.547911263E1,2.073415777E1
1.030667515E1,-6.455067158E0,-1.219157410E1,1.547911263E1,2.073415777E1
1.030867512E1,-6.455067158E0,-1.219157410E1,1.547911263E1,2.073415777E1
1.031067422E1,-6.455067158E0,-1.219157410E1,1.547911263E1,2.073415777E1
1.031267328E1,-6.455067158E0,-1.219157410E1,1.547911263E1,2.073415777E1
1.031467325E1,-6.455067158E0,-1.219157410E1,1.547911263E1,2.073415777E1
1.031667321E1,-6.455067158E0,-1.219157410E1,1.547911263E1,2.073415777E1
1.031867321E1,-6.455067158E0,-1.219157410E1,1.547911263E1,2.073415777E1
1.032067325E1,-5.059247494E0,-1.117164421E1,1.363048935E1,1.833553543E1
1.032267328E1,-5.059247494E0,-1.117164421E1,1.363048935E1,1.833553543E1
1.032467331E1,-5.059247494E0,-1.117164421E1,1.363048935E1,1.833553543E1
1.032667335E1,-5.059247494E0,-1.117164421E1,1.363048935E1,1.833553543E1
1.032867338E1,-5.059247494E0,-1.117164421E1,1.363048935E1,1.833553543E1
1.033067428E1,-5.059247494E0,-1.117164421E1,1.363048935E1,1.833553543E1
1.033267431E1,-5.059247494E0,-1.117164421E1,1.363048935E1,1.833553543E1
1.033467434E1,-5.059247494E0,-1.117164421E1,1.363048935E1,1.833553543E1
1.033667434E1,-5.059247494E0,-1.117164421E1,1.363048935E1,1.833553543E1
1.033867434E1,-5.059247494E0,-1.117164421E1,1.363048935E1,1.833553543E1
1.034067434E1,-4.400542736E0,-9.936236382E0,1.239268684E1,1.648248334E1
1.034267434E1,-4.400542736E0,-9.936236382E0,1.239268684E1,1.648248334E1
1.034467434E1,-4.400542736E0,-9.936236382E0,1.239268684E1,1.648248334E1
1.034667434E1,-4.400542736E0,-9.936236382E0,1.239268684E1,1.648248334E1
1.034867431E1,-4.400542736E0,-9.936236382E0,1.239268684E1,1.648248334E1
1.035067341E1,-4.400542736E0,-9.936236382E0,1.239268684E1,1.648248334E1
1.035267251E1,-4.400542736E0,-9.936236382E0,1.239268684E1,1.648248334E1
1.035467278E1,-4.400542736E0,-9.936236382E0,1.239268684E1,1.648248334E1
1.035667274E1,-4.400542736E0,-9.936236382E0,1.239268684E1,1.648248334E1
1.035867271E1,-4.400542736E0,-9.936236382E0,1.239268684E1,1.648248334E1
1.036067267E1,-4.029441357E0,-9.103054047E0,1.009904194E1,1.418071362E1
1.036267264E1,-4.029441357E0,-9.103054047E0,1.009904194E1,1.418071362E1
1.036467264E1,-4.029441357E0,-9.103054047E0,1.009904194E1,1.418071362E1
1.036667264E1,-4.029441357E0,-9.103054047E0,1.009904194E1,1.418071362E1
1.036867267E1,-4.029441357E0,-9.103054047E0,1.009904194E1,1.418071362E1
1.037067357E1,-4.029441357E0,-9.103054047E0,1.009904194E1,1.418071362E1
1.037267451E1,-4.029441357E0,-9.103054047E0,1.009904194E1,1.418071362E1
1.037467454E1,-4.029441357E0,-9.103054047E0,1.009904194E1,1.418071362E1
1.037667457E1,-4.029441357E0,-9.103054047E0,1.009904194E1,1.418071362E1
1.037867460E1,-4.029441357E0,-9.103054047E0,1.009904194E1,1.418071362E1
1.038067461E1,-2.619256735E0,-7.822156429E0,7.424718857E0,1.109833713E1
1.038267457E1,-2.619256735E0,-7.822156429E0,7.424718857E0,1.109833713E1
1.038467454E1,-2.619256735E0,-7.822156429E0,7.424718857E0,1.109833713E1
1.038667450E1,-2.619256735E0,-7.822156429E0,7.424718857E0,1.109833713E1
1.038867447E1,-2.619256735E0,-7.822156429E0,7.424718857E0,1.109833713E1
1.039067444E1,-2.619256735E0,-7.822156429E0,7.424718857E0,1.109833713E1
1.039267440E1,-2.619256735E0,-7.822156429E0,7.424718857E0,1.109833713E1
1.039467437E1,-2.619256735E0,-7.822156429E0,7.424718857E0,1.109833713E1
1.039667437E1,-2.619256735E0,-7.822156429E0,7.424718857E0,1.109833713E1
1.039867437E1,-2.619256735E0,-7.822156429E0,7.424718857E0,1.109833713E1
1.040067437E1,-1.388636947E0,-6.356904984E0,5.959467411E0,8.823480343E0
1.040267397E1,-1.388636947E0,-6.356904984E0,5.959467411E0,8.823480343E0
1.040467397E1,-1.388636947E0,-6.356904984E0,5.959467411E0,8.823480343E0
1.040667397E1,-1.388636947E0,-6.356904984E0,5.959467411E0,8.823480343E0
1.040867397E1,-1.388636947E0,-6.356904984E0,5.959467411E0,8.823480343E0
1.041067483E1,-1.388636947E0,-6.356904984E0,5.959467411E0,8.823480343E0
1.041267570E1,-1.388636947E0,-6.356904984E0,5.959467411E0,8.823480343E0
1.041467543E1,-1.388636947E0,-6.356904984E0,5.959467411E0,8.823480343E0
1.041667546E1,-1.388636947E0,-6.356904984E0,5.959467411E0,8.823480343E0
1.041867550E1,-1.388636947E0,-6.356904984E0,5.959467411E0,8.823480343E0
1.042067553E1,-1.201889277E0,-5.353734493E0,4.831499100E0,7.310977664E0
1.042267556E1,-1.201889277E0,-5.353734493E0,4.831499100E0,7.310977664E0
1.042467560E1,-1.201889277E0,-5.353734493E0,4.831499100E0,7.310977664E0
1.042667563E1,-1.201889277E0,-5.353734493E0,4.831499100E0,7.310977664E0
1.042867563E1,-1.201889277E0,-5.353734493E0,4.831499100E0,7.310977664E0
1.043067473E1,-1.201889277E0,-5.353734493E0,4.831499100E0,7.310977664E0
1.043267470E1,-1.201889277E0,-5.353734493E0,4.831499100E0,7.310977664E0
1.043467466E1,-1.201889277E0,-5.353734493E0,4.831499100E0,7.310977664E0
1.043667463E1,-1.201889277E0,-5.353734493E0,4.831499100E0,7.310977664E0
1.043867459E1,-1.201889277E0,-5.353734493E0,4.831499100E0,7.310977664E0
1.044067456E1,-8.212111592E-1,-4.493916512E0,3.320757866E0,5.647752313E0
1.044267456E1,-8.212111592E-1,-4.493916512E0,3.320757866E0,5.647752313E0
1.044467456E1,-8.212111592E-1,-4.493916512E0,3.320757866E0,5.647752313E0
1.044667459E1,-8.212111592E-1,-4.493916512E0,3.320757866E0,5.647752313E0
1.044867463E1,-8.212111592E-1,-4.493916512E0,3.320757866E0,5.647752313E0
1.045067466E1,-8.212111592E-1,-4.493916512E0,3.320757866E0,5.647752313E0
1.045267469E1,-8.212111592E-1,-4.493916512E0,3.320757866E0,5.647752313E0
1.045467472E1,-8.212111592E-1,-4.493916512E0,3.320757866E0,5.647752313E0
1.045667476E1,-8.212111592E-1,-4.493916512E0,3.320757866E0,5.647752313E0
1.045867479E1,-8.212111592E-1,-4.493916512E0,3.320757866E0,5.647752313E0
1.046067479E1,4.118026793E-1,-3.648763418E0,1.977610588E0,4.170611414E0
1.046267519E1,4.118026793E-1,-3.648763418E0,1.977610588E0,4.170611414E0
1.046467519E1,4.118026793E-1,-3.648763418E0,1.977610588E0,4.170611414E0
1.046667519E1,4.118026793E-1,-3.648763418E0,1.977610588E0,4.170611414E0
1.046867519E1,4.118026793E-1,-3.648763418E0,1.977610588E0,4.170611414E0
1.047067432E1,4.118026793E-1,-3.648763418E0,1.977610588E0,4.170611414E0
1.047267432E1,4.118026793E-1,-3.648763418E0,1.977610588E0,4.170611414E0
1.047467429E1,4.118026793E-1,-3.648763418E0,1.977610588E0,4.170611414E0
1.047667426E1,4.118026793E-1,-3.648763418E0,1.977610588E0,4.170611414E0
1.047867422E1,4.118026793E-1,-3.648763418E0,1.977610588E0,4.170611414E0
1.048067419E1,1.671152830E0,-3.071760893E0,4.309563041E-1,3.523377655E0
1.048267415E1,1.671152830E0,-3.071760893E0,4.309563041E-1,3.523377655E0
1.048467412E1,1.671152830E0,-3.071760893E0,4.309563041E-1,3.523377655E0
1.048667409E1,1.671152830E0,-3.071760893E0,4.309563041E-1,3.523377655E0
1.048867405E1,1.671152830E0,-3.071760893E0,4.309563041E-1,3.523377655E0
1.049067525E1,1.671152830E0,-3.071760893E0,4.309563041E-1,3.523377655E0
1.049267528E1,1.671152830E0,-3.071760893E0,4.309563041E-1,3.523377655E0
1.049467532E1,1.671152830E0,-3.071760893E0,4.309563041E-1,3.523377655E0
1.049667535E1,1.671152830E0,-3.071760893E0,4.309563041E-1,3.523377655E0
1.049867538E1,1.671152830E0,-3.071760893E0,4.309563041E-1,3.523377655E0
1.050067542E1,2.334346771E0,-2.116474390E0,-4.644751251E-1,3.185023679E0
1.050267545E1,2.334346771E0,-2.116474390E0,-4.644751251E-1,3.185023679E0
1.050467548E1,2.334346771E0,-2.116474390E0,-4.644751251E-1,3.185023679E0
1.050667548E1,2.334346771E0,-2.116474390E0,-4.644751251E-1,3.185023679E0
1.050867545E1,2.334346771E0,-2.116474390E0,-4.644751251E-1,3.185023679E0
1.051067455E1,2.334346771E0,-2.116474390E0,-4.644751251E-1,3.185023679E0
1.051267495E1,2.334346771E0,-2.116474390E0,-4.644751251E-1,3.185023679E0
1.051467492E1,2.334346771E0,-2.116474390E0,-4.644751251E-1,3.185023679E0
1.051667488E1,2.334346771E0,-2.116474390E0,-4.644751251E-1,3.185023679E0
1.051867485E1,2.894589901E0,-1.570596337E0,-9.002198577E-1,3.414062000E0
1.052067485E1,2.894589901E0,-1.570596337E0,-9.002198577E-1,3.414062000E0
1.052267485E1,2.894589901E0,-1.570596337E0,-9.002198577E-1,3.414062000E0
1.052467488E1,2.894589901E0,-1.570596337E0,-9.002198577E-1,3.414062000E0
1.052667491E1,2.894589901E0,-1.570596337E0,-9.002198577E-1,3.414062000E0
1.052867495E1,2.894589901E0,-1.570596337E0,-9.002198577E-1,3.414062000E0
1.053067585E1,2.894589901E0,-1.570596337E0,-9.002198577E-1,3.414062000E0
1.053267548E1,2.894589901E0,-1.570596337E0,-9.002198577E-1,3.414062000E0
1.053467551E1,2.894589901E0,-1.570596337E0,-9.002198577E-1,3.414062000E0
1.053667555E1,2.894589901E0,-1.570596337E0,-9.002198577E-1,3.414062000E0
1.053867554E1,3.050212860E0,-6.392518282E-1,-2.068590164E0,3.740522244E0
1.054067555E1,3.050212860E0,-6.392518282E-1,-2.068590164E0,3.740522244E0
1.054267554E1,3.050212860E0,-6.392518282E-1,-2.068590164E0,3.740522244E0
1.054467554E1,3.050212860E0,-6.392518282E-1,-2.068590164E0,3.740522244E0
1.054667555E1,3.050212860E0,-6.392518282E-1,-2.068590164E0,3.740522244E0
1.054867554E1,3.050212860E0,-6.392518282E-1,-2.068590164E0,3.740522244E0
1.055067435E1,3.050212860E0,-6.392518282E-1,-2.068590164E0,3.740522244E0
1.055267344E1,3.050212860E0,-6.392518282E-1,-2.068590164E0,3.740522244E0
1.055467341E1,3.050212860E0,-6.392518282E-1,-2.068590164E0,3.740522244E0
1.055667338E1,3.050212860E0,-6.392518282E-1,-2.068590164E0,3.740522244E0
1.055867334E1,2.219424963E0,6.536170840E-1,-2.705447912E0,3.559847028E0
1.056067331E1,2.219424963E0,6.536170840E-1,-2.705447912E0,3.559847028E0
1.056267328E1,2.219424963E0,6.536170840E-1,-2.705447912E0,3.559847028E0
1.056467324E1,2.219424963E0,6.536170840E-1,-2.705447912E0,3.559847028E0
1.056667321E1,2.219424963E0,6.536170840E-1,-2.705447912E0,3.559847028E0
1.056867321E1,2.219424963E0,6.536170840E-1,-2.705447912E0,3.559847028E0
1.057067411E1,2.219424963E0,6.536170840E-1,-2.705447912E0,3.559847028E0
1.057267371E1,2.219424963E0,6.536170840E-1,-2.705447912E0,3.559847028E0
1.057467374E1,2.219424963E0,6.536170840E-1,-2.705447912E0,3.559847028E0
1.057667377E1,2.219424963E0,6.536170840E-1,-2.705447912E0,3.559847028E0
1.057867381E1,1.709460020E0,1.616086125E0,-2.066195965E0,3.130998833E0
1.058067384E1,1.709460020E0,1.616086125E0,-2.066195965E0,3.130998833E0
1.058267387E1,1.709460020E0,1.616086125E0,-2.066195965E0,3.130998833E0
1.058467387E1,1.709460020E0,1.616086125E0,-2.066195965E0,3.130998833E0
1.058667384E1,1.709460020E0,1.616086125E0,-2.066195965E0,3.130998833E0
1.058867380E1,1.709460020E0,1.616086125E0,-2.066195965E0,3.130998833E0
1.059067377E1,1.709460020E0,1.616086125E0,-2.066195965E0,3.130998833E0
1.059267414E1,1.709460020E0,1.616086125E0,-2.066195965E0,3.130998833E0
1.059467410E1,1.709460020E0,1.616086125E0,-2.066195965E0,3.130998833E0
1.059667407E1,1.709460020E0,1.616086125E0,-2.066195965E0,3.130998833E0
1.059867407E1,1.170764685E0,2.499546528E0,-1.118092179E0,2.978011570E0
1.060067407E1,1.170764685E0,2.499546528E0,-1.118092179E0,2.978011570E0
1.060267410E1,1.170764685E0,2.499546528E0,-1.118092179E0,2.978011570E0
1.060467413E1,1.170764685E0,2.499546528E0,-1.118092179E0,2.978011570E0
1.060667417E1,1.170764685E0,2.499546528E0,-1.118092179E0,2.978011570E0
1.060867420E1,1.170764685E0,2.499546528E0,-1.118092179E0,2.978011570E0
1.061067510E1,1.170764685E0,2.499546528E0,-1.118092179E0,2.978011570E0
1.061267600E1,1.170764685E0,2.499546528E0,-1.118092179E0,2.978011570E0
1.061467603E1,1.170764685E0,2.499546528E0,-1.118092179E0,2.978011570E0
1.061667607E1,1.170764685E0,2.499546528E0,-1.118092179E0,2.978011570E0
1.061867607E1,4.213795066E-1,4.228160381E0,4.716577232E-1,4.275203142E0
1.062067607E1,4.213795066E-1,4.228160381E0,4.716577232E-1,4.275203142E0
1.062267607E1,4.213795066E-1,4.228160381E0,4.716577232E-1,4.275203142E0
1.062467607E1,4.213795066E-1,4.228160381E0,4.716577232E-1,4.275203142E0
1.062667607E1,4.213795066E-1,4.228160381E0,4.716577232E-1,4.275203142E0
1.062867607E1,4.213795066E-1,4.228160381E0,4.716577232E-1,4.275203142E0
1.063067553E1,4.213795066E-1,4.228160381E0,4.716577232E-1,4.275203142E0
1.063267550E1,4.213795066E-1,4.228160381E0,4.716577232E-1,4.275203142E0
1.063467546E1,4.213795066E-1,4.228160381E0,4.716577232E-1,4.275203142E0
1.063667543E1,4.213795066E-1,4.228160381E0,4.716577232E-1,4.275203142E0
1.063867540E1,-9.313444495E-1,5.590760231E0,1.917755604E0,5.983459618E0
1.064067536E1,-9.313444495E-1,5.590760231E0,1.917755604E0,5.983459618E0
1.064267533E1,-9.313444495E-1,5.590760231E0,1.917755604E0,5.983459618E0
1.064467529E1,-9.313444495E-1,5.590760231E0,1.917755604E0,5.983459618E0
1.064667529E1,-9.313444495E-1,5.590760231E0,1.917755604E0,5.983459618E0
1.064867533E1,-9.313444495E-1,5.590760231E0,1.917755604E0,5.983459618E0
1.065067623E1,-9.313444495E-1,5.590760231E0,1.917755604E0,5.983459618E0
1.065267626E1,-9.313444495E-1,5.590760231E0,1.917755604E0,5.983459618E0
1.065467629E1,-9.313444495E-1,5.590760231E0,1.917755604E0,5.983459618E0
1.065667633E1,-9.313444495E-1,5.590760231E0,1.917755604E0,5.983459618E0
1.065867636E1,-1.843535304E0,5.375282288E0,2.336740971E0,6.144317737E0
1.066067639E1,-1.843535304E0,5.375282288E0,2.336740971E0,6.144317737E0
1.066267639E1,-1.843535304E0,5.375282288E0,2.336740971E0,6.144317737E0
1.066467636E1,-1.843535304E0,5.375282288E0,2.336740971E0,6.144317737E0
1.066667632E1,-1.843535304E0,5.375282288E0,2.336740971E0,6.144317737E0
1.066867629E1,-1.843535304E0,5.375282288E0,2.336740971E0,6.144317737E0
1.067067539E1,-1.843535304E0,5.375282288E0,2.336740971E0,6.144317737E0
1.067267512E1,-1.843535304E0,5.375282288E0,2.336740971E0,6.144317737E0
1.067467509E1,-1.843535304E0,5.375282288E0,2.336740971E0,6.144317737E0
1.067667506E1,-1.843535304E0,5.375282288E0,2.336740971E0,6.144317737E0
1.067867506E1,-1.302445769E0,5.542876244E0,1.355118155E0,5.852878544E0
1.068067509E1,-1.302445769E0,5.542876244E0,1.355118155E0,5.852878544E0
1.068267512E1,-1.302445769E0,5.542876244E0,1.355118155E0,5.852878544E0
1.068467515E1,-1.302445769E0,5.542876244E0,1.355118155E0,5.852878544E0
1.068667519E1,-1.302445769E0,5.542876244E0,1.355118155E0,5.852878544E0
1.068867522E1,-1.302445769E0,5.542876244E0,1.355118155E0,5.852878544E0
1.069067575E1,-1.302445769E0,5.542876244E0,1.355118155E0,5.852878544E0
1.069267579E1,-1.302445769E0,5.542876244E0,1.355118155E0,5.852878544E0
1.069467582E1,-1.302445769E0,5.542876244E0,1.355118155E0,5.852878544E0
1.069667582E1,-1.302445769E0,5.542876244E0,1.355118155E0,5.852878544E0
1.069867595E1,-2.887407303E0,5.777507782E0,2.020706177E0,6.767567551E0
1.070067595E1,-2.887407303E0,5.777507782E0,2.020706177E0,6.767567551E0
1.070267595E1,-2.887407303E0,5.777507782E0,2.020706177E0,6.767567551E0
1.070467595E1,-2.887407303E0,5.777507782E0,2.020706177E0,6.767567551E0
1.070667595E1,-2.887407303E0,5.777507782E0,2.020706177E0,6.767567551E0
1.070867592E1,-2.887407303E0,5.777507782E0,2.020706177E0,6.767567551E0
1.071067415E1,-2.887407303E0,5.777507782E0,2.020706177E0,6.767567551E0
1.071267412E1,-2.887407303E0,5.777507782E0,2.020706177E0,6.767567551E0
1.071467408E1,-2.887407303E0,5.777507782E0,2.020706177E0,6.767567551E0
1.071667405E1,-2.887407303E0,5.777507782E0,2.020706177E0,6.767567551E0
1.071867402E1,-3.327940464E0,7.350498676E0,4.273650169E0,9.130668338E0
1.072067398E1,-3.327940464E0,7.350498676E0,4.273650169E0,9.130668338E0
1.072267395E1,-3.327940464E0,7.350498676E0,4.273650169E0,9.130668338E0
1.072467395E1,-3.327940464E0,7.350498676E0,4.273650169E0,9.130668338E0
1.072667398E1,-3.327940464E0,7.350498676E0,4.273650169E0,9.130668338E0
1.072867401E1,-3.327940464E0,7.350498676E0,4.273650169E0,9.130668338E0
1.073067491E1,-3.327940464E0,7.350498676E0,4.273650169E0,9.130668338E0
1.073267518E1,-3.327940464E0,7.350498676E0,4.273650169E0,9.130668338E0
1.073467521E1,-3.327940464E0,7.350498676E0,4.273650169E0,9.130668338E0
1.073667524E1,-3.327940464E0,7.350498676E0,4.273650169E0,9.130668338E0
1.073867531E1,-2.226607651E-1,9.282619476E0,4.173093796E0,1.017994666E1
1.074067531E1,-2.226607651E-1,9.282619476E0,4.173093796E0,1.017994666E1
1.074267528E1,-2.226607651E-1,9.282619476E0,4.173093796E0,1.017994666E1
1.074467524E1,-2.226607651E-1,9.282619476E0,4.173093796E0,1.017994666E1
1.074667521E1,-2.226607651E-1,9.282619476E0,4.173093796E0,1.017994666E1
1.074867518E1,-2.226607651E-1,9.282619476E0,4.173093796E0,1.017994666E1
1.075067428E1,-2.226607651E-1,9.282619476E0,4.173093796E0,1.017994666E1
1.075267338E1,-2.226607651E-1,9.282619476E0,4.173093796E0,1.017994666E1
1.075467334E1,-2.226607651E-1,9.282619476E0,4.173093796E0,1.017994666E1
1.075667334E1,-2.226607651E-1,9.282619476E0,4.173093796E0,1.017994666E1
1.075867324E1,3.794809580E0,1.421706867E1,6.706458092E0,1.617102970E1
1.076067327E1,3.794809580E0,1.421706867E1,6.706458092E0,1.617102970E1
1.076267331E1,3.794809580E0,1.421706867E1,6.706458092E0,1.617102970E1
1.076467334E1,3.794809580E0,1.421706867E1,6.706458092E0,1.617102970E1
1.076667337E1,3.794809580E0,1.421706867E1,6.706458092E0,1.617102970E1
1.076867301E1,3.794809580E0,1.421706867E1,6.706458092E0,1.617102970E1
1.077067391E1,3.794809580E0,1.421706867E1,6.706458092E0,1.617102970E1
1.077267424E1,3.794809580E0,1.421706867E1,6.706458092E0,1.617102970E1
1.077467424E1,3.794809580E0,1.421706867E1,6.706458092E0,1.617102970E1
1.077667424E1,3.794809580E0,1.421706867E1,6.706458092E0,1.617102970E1
1.077867424E1,7.541735172E-1,1.278533649E1,9.265859604E0,1.580790186E1
1.078067424E1,7.541735172E-1,1.278533649E1,9.265859604E0,1.580790186E1
1.078267424E1,7.541735172E-1,1.278533649E1,9.265859604E0,1.580790186E1
1.078467424E1,7.541735172E-1,1.278533649E1,9.265859604E0,1.580790186E1
1.078667420E1,7.541735172E-1,1.278533649E1,9.265859604E0,1.580790186E1
1.078867417E1,7.541735172E-1,1.278533649E1,9.265859604E0,1.580790186E1
1.079067414E1,7.541735172E-1,1.278533649E1,9.265859604E0,1.580790186E1
1.079267410E1,7.541735172E-1,1.278533649E1,9.265859604E0,1.580790186E1
1.079467407E1,7.541735172E-1,1.278533649E1,9.265859604E0,1.580790186E1
1.079667404E1,-1.252167463E0,5.664980412E0,1.074308205E1,1.220957568E1
1.079867397E1,-1.252167463E0,5.664980412E0,1.074308205E1,1.220957568E1
1.080067393E1,-1.252167463E0,5.664980412E0,1.074308205E1,1.220957568E1
1.080267393E1,-1.252167463E0,5.664980412E0,1.074308205E1,1.220957568E1
1.080467363E1,-1.252167463E0,5.664980412E0,1.074308205E1,1.220957568E1
1.080667367E1,-1.252167463E0,5.664980412E0,1.074308205E1,1.220957568E1
1.080867370E1,-1.252167463E0,5.664980412E0,1.074308205E1,1.220957568E1
1.081067460E1,-1.252167463E0,5.664980412E0,1.074308205E1,1.220957568E1
1.081267550E1,-1.252167463E0,5.664980412E0,1.074308205E1,1.220957568E1
1.081467553E1,-1.252167463E0,5.664980412E0,1.074308205E1,1.220957568E1
1.081667557E1,2.346317619E-1,4.185064793E0,1.010622501E1,1.094100559E1
1.081867557E1,2.346317619E-1,4.185064793E0,1.010622501E1,1.094100559E1
1.082067553E1,2.346317619E-1,4.185064793E0,1.010622501E1,1.094100559E1
1.082267550E1,2.346317619E-1,4.185064793E0,1.010622501E1,1.094100559E1
1.082467546E1,2.346317619E-1,4.185064793E0,1.010622501E1,1.094100559E1
1.082667543E1,2.346317619E-1,4.185064793E0,1.010622501E1,1.094100559E1
1.082867580E1,2.346317619E-1,4.185064793E0,1.010622501E1,1.094100559E1
1.083067486E1,2.346317619E-1,4.185064793E0,1.010622501E1,1.094100559E1
1.083267453E1,2.346317619E-1,4.185064793E0,1.010622501E1,1.094100559E1
1.083467453E1,2.346317619E-1,4.185064793E0,1.010622501E1,1.094100559E1
1.083667456E1,-4.884171486E-1,5.870882034E0,1.052281570E1,1.205966241E1
1.083867459E1,-4.884171486E-1,5.870882034E0,1.052281570E1,1.205966241E1
1.084067463E1,-4.884171486E-1,5.870882034E0,1.052281570E1,1.205966241E1
1.084267466E1,-4.884171486E-1,5.870882034E0,1.052281570E1,1.205966241E1
1.084467469E1,-4.884171486E-1,5.870882034E0,1.052281570E1,1.205966241E1
1.084667473E1,-4.884171486E-1,5.870882034E0,1.052281570E1,1.205966241E1
1.084867443E1,-4.884171486E-1,5.870882034E0,1.052281570E1,1.205966241E1
1.085067446E1,-4.884171486E-1,5.870882034E0,1.052281570E1,1.205966241E1
1.085267446E1,-4.884171486E-1,5.870882034E0,1.052281570E1,1.205966241E1
1.085467446E1,-4.884171486E-1,5.870882034E0,1.052281570E1,1.205966241E1
1.085667446E1,-2.099714994E0,6.234800339E0,8.490138054E0,1.074076266E1
1.085867446E1,-2.099714994E0,6.234800339E0,8.490138054E0,1.074076266E1
1.086067446E1,-2.099714994E0,6.234800339E0,8.490138054E0,1.074076266E1
1.086267446E1,-2.099714994E0,6.234800339E0,8.490138054E0,1.074076266E1
1.086467476E1,-2.099714994E0,6.234800339E0,8.490138054E0,1.074076266E1
1.086667473E1,-2.099714994E0,6.234800339E0,8.490138054E0,1.074076266E1
1.086867469E1,-2.099714994E0,6.234800339E0,8.490138054E0,1.074076266E1
1.087067379E1,-2.099714994E0,6.234800339E0,8.490138054E0,1.074076266E1
1.087267376E1,-2.099714994E0,6.234800339E0,8.490138054E0,1.074076266E1
1.087467372E1,-2.099714994E0,6.234800339E0,8.490138054E0,1.074076266E1
1.087667369E1,-3.804386616E0,7.824550629E0,8.334515572E0,1.204828203E1
1.087867366E1,-3.804386616E0,7.824550629E0,8.334515572E0,1.204828203E1
1.088067366E1,-3.804386616E0,7.824550629E0,8.334515572E0,1.204828203E1
1.088267369E1,-3.804386616E0,7.824550629E0,8.334515572E0,1.204828203E1
1.088467372E1,-3.804386616E0,7.824550629E0,8.334515572E0,1.204828203E1
1.088667375E1,-3.804386616E0,7.824550629E0,8.334515572E0,1.204828203E1
1.088867379E1,-3.804386616E0,7.824550629E0,8.334515572E0,1.204828203E1
1.089067472E1,-3.804386616E0,7.824550629E0,8.334515572E0,1.204828203E1
1.089267475E1,-3.804386616E0,7.824550629E0,8.334515572E0,1.204828203E1
1.089467479E1,-3.804386616E0,7.824550629E0,8.334515572E0,1.204828203E1
1.089667479E1,-1.635239720E0,7.683292389E0,8.468590736E0,1.155093156E1
1.089867475E1,-1.635239720E0,7.683292389E0,8.468590736E0,1.155093156E1
1.090067472E1,-1.635239720E0,7.683292389E0,8.468590736E0,1.155093156E1
1.090267468E1,-1.635239720E0,7.683292389E0,8.468590736E0,1.155093156E1
1.090467465E1,-1.635239720E0,7.683292389E0,8.468590736E0,1.155093156E1
1.090667462E1,-1.635239720E0,7.683292389E0,8.468590736E0,1.155093156E1
1.090867492E1,-1.635239720E0,7.683292389E0,8.468590736E0,1.155093156E1
1.091067402E1,-1.635239720E0,7.683292389E0,8.468590736E0,1.155093156E1
1.091267335E1,-1.635239720E0,7.683292389E0,8.468590736E0,1.155093156E1
1.091467338E1,-1.635239720E0,7.683292389E0,8.468590736E0,1.155093156E1
1.091667342E1,-1.675941199E-1,6.107907772E0,8.427888870E0,1.040980000E1
1.091867345E1,-1.675941199E-1,6.107907772E0,8.427888870E0,1.040980000E1
1.092067348E1,-1.675941199E-1,6.107907772E0,8.427888870E0,1.040980000E1
1.092267351E1,-1.675941199E-1,6.107907772E0,8.427888870E0,1.040980000E1
1.092467355E1,-1.675941199E-1,6.107907772E0,8.427888870E0,1.040980000E1
1.092667358E1,-1.675941199E-1,6.107907772E0,8.427888870E0,1.040980000E1
1.092867361E1,-1.675941199E-1,6.107907772E0,8.427888870E0,1.040980000E1
1.093067448E1,-1.675941199E-1,6.107907772E0,8.427888870E0,1.040980000E1
1.093267448E1,-1.675941199E-1,6.107907772E0,8.427888870E0,1.040980000E1
1.093467448E1,-1.675941199E-1,6.107907772E0,8.427888870E0,1.040980000E1
1.093667448E1,-4.788403399E-3,5.298667431E0,8.959402084E0,1.040897618E1
1.093867448E1,-4.788403399E-3,5.298667431E0,8.959402084E0,1.040897618E1
1.094067448E1,-4.788403399E-3,5.298667431E0,8.959402084E0,1.040897618E1
1.094267484E1,-4.788403399E-3,5.298667431E0,8.959402084E0,1.040897618E1
1.094467481E1,-4.788403399E-3,5.298667431E0,8.959402084E0,1.040897618E1
1.094667478E1,-4.788403399E-3,5.298667431E0,8.959402084E0,1.040897618E1
1.094867474E1,-4.788403399E-3,5.298667431E0,8.959402084E0,1.040897618E1
1.095067384E1,-4.788403399E-3,5.298667431E0,8.959402084E0,1.040897618E1
1.095267294E1,-4.788403399E-3,5.298667431E0,8.959402084E0,1.040897618E1
1.095467291E1,-4.788403399E-3,5.298667431E0,8.959402084E0,1.040897618E1
1.095667288E1,-4.525041282E-1,5.001786709E0,8.933065414E0,1.024803825E1
1.095867288E1,-4.525041282E-1,5.001786709E0,8.933065414E0,1.024803825E1
1.096067291E1,-4.525041282E-1,5.001786709E0,8.933065414E0,1.024803825E1
1.096267294E1,-4.525041282E-1,5.001786709E0,8.933065414E0,1.024803825E1
1.096467297E1,-4.525041282E-1,5.001786709E0,8.933065414E0,1.024803825E1
1.096667301E1,-4.525041282E-1,5.001786709E0,8.933065414E0,1.024803825E1
1.096867304E1,-4.525041282E-1,5.001786709E0,8.933065414E0,1.024803825E1
1.097067344E1,-4.525041282E-1,5.001786709E0,8.933065414E0,1.024803825E1
1.097267414E1,-4.525041282E-1,5.001786709E0,8.933065414E0,1.024803825E1
1.097467414E1,-4.525041282E-1,5.001786709E0,8.933065414E0,1.024803825E1
1.097667411E1,-1.316810995E-1,5.116708279E0,8.746317863E0,1.013390940E1
1.097867407E1,-1.316810995E-1,5.116708279E0,8.746317863E0,1.013390940E1
1.098067404E1,-1.316810995E-1,5.116708279E0,8.746317863E0,1.013390940E1
1.098267400E1,-1.316810995E-1,5.116708279E0,8.746317863E0,1.013390940E1
1.098467397E1,-1.316810995E-1,5.116708279E0,8.746317863E0,1.013390940E1
1.098667394E1,-1.316810995E-1,5.116708279E0,8.746317863E0,1.013390940E1
1.098867390E1,-1.316810995E-1,5.116708279E0,8.746317863E0,1.013390940E1
1.099067390E1,-1.316810995E-1,5.116708279E0,8.746317863E0,1.013390940E1
1.099267394E1,-1.316810995E-1,5.116708279E0,8.746317863E0,1.013390940E1
1.099467397E1,-1.316810995E-1,5.116708279E0,8.746317863E0,1.013390940E1
1.099667400E1,-5.363011956E-1,5.487809658E0,8.193257332E0,9.875886771E0
1.099867403E1,-5.363011956E-1,5.487809658E0,8.193257332E0,9.875886771E0
1.100067407E1,-5.363011956E-1,5.487809658E0,8.193257332E0,9.875886771E0
1.100267370E1,-5.363011956E-1,5.487809658E0,8.193257332E0,9.875886771E0
1.100467373E1,-5.363011956E-1,5.487809658E0,8.193257332E0,9.875886771E0
1.100667377E1,-5.363011956E-1,5.487809658E0,8.193257332E0,9.875886771E0
1.100867377E1,-5.363011956E-1,5.487809658E0,8.193257332E0,9.875886771E0
1.101067463E1,-5.363011956E-1,5.487809658E0,8.193257332E0,9.875886771E0
1.101267550E1,-5.363011956E-1,5.487809658E0,8.193257332E0,9.875886771E0
1.101467550E1,-5.363011956E-1,5.487809658E0,8.193257332E0,9.875886771E0
1.101667550E1,-7.230489254E-1,5.423166275E0,7.932289600E0,9.636116982E0
1.101867550E1,-7.230489254E-1,5.423166275E0,7.932289600E0,9.636116982E0
1.102067546E1,-7.230489254E-1,5.423166275E0,7.932289600E0,9.636116982E0
1.102267543E1,-7.230489254E-1,5.423166275E0,7.932289600E0,9.636116982E0
1.102467540E1,-7.230489254E-1,5.423166275E0,7.932289600E0,9.636116982E0
1.102667536E1,-7.230489254E-1,5.423166275E0,7.932289600E0,9.636116982E0
1.102867533E1,-7.230489254E-1,5.423166275E0,7.932289600E0,9.636116982E0
1.103067489E1,-7.230489254E-1,5.423166275E0,7.932289600E0,9.636116982E0
1.103267486E1,-7.230489254E-1,5.423166275E0,7.932289600E0,9.636116982E0
1.103467483E1,-7.230489254E-1,5.423166275E0,7.932289600E0,9.636116982E0
1.103667483E1,-2.561795712E-1,4.448426723E0,8.315361977E0,9.433947906E0
1.103867486E1,-2.561795712E-1,4.448426723E0,8.315361977E0,9.433947906E0
1.104067489E1,-2.561795712E-1,4.448426723E0,8.315361977E0,9.433947906E0
1.104267492E1,-2.561795712E-1,4.448426723E0,8.315361977E0,9.433947906E0
1.104467496E1,-2.561795712E-1,4.448426723E0,8.315361977E0,9.433947906E0
1.104667499E1,-2.561795712E-1,4.448426723E0,8.315361977E0,9.433947906E0
1.104867502E1,-2.561795712E-1,4.448426723E0,8.315361977E0,9.433947906E0
1.105067506E1,-2.561795712E-1,4.448426723E0,8.315361977E0,9.433947906E0
1.105267506E1,-2.561795712E-1,4.448426723E0,8.315361977E0,9.433947906E0
1.105467502E1,-2.561795712E-1,4.448426723E0,8.315361977E0,9.433947906E0
1.105667499E1,-6.105214357E-1,3.833117008E0,8.277054787E0,9.141944999E0
1.105867496E1,-6.105214357E-1,3.833117008E0,8.277054787E0,9.141944999E0
1.106067492E1,-6.105214357E-1,3.833117008E0,8.277054787E0,9.141944999E0
1.106267489E1,-6.105214357E-1,3.833117008E0,8.277054787E0,9.141944999E0
1.106467485E1,-6.105214357E-1,3.833117008E0,8.277054787E0,9.141944999E0
1.106667482E1,-6.105214357E-1,3.833117008E0,8.277054787E0,9.141944999E0
1.106867482E1,-6.105214357E-1,3.833117008E0,8.277054787E0,9.141944999E0
1.107067398E1,-6.105214357E-1,3.833117008E0,8.277054787E0,9.141944999E0
1.107267448E1,-6.105214357E-1,3.833117008E0,8.277054787E0,9.141944999E0
1.107467452E1,-5.937620401E-1,3.033453465E0,8.176498413E0,8.741253891E0
1.107667455E1,-5.937620401E-1,3.033453465E0,8.176498413E0,8.741253891E0
1.107867458E1,-5.937620401E-1,3.033453465E0,8.176498413E0,8.741253891E0
1.108067462E1,-5.937620401E-1,3.033453465E0,8.176498413E0,8.741253891E0
1.108267465E1,-5.937620401E-1,3.033453465E0,8.176498413E0,8.741253891E0
1.108467468E1,-5.937620401E-1,3.033453465E0,8.176498413E0,8.741253891E0
1.108667468E1,-5.937620401E-1,3.033453465E0,8.176498413E0,8.741253891E0
1.108867502E1,-5.937620401E-1,3.033453465E0,8.176498413E0,8.741253891E0
1.109067592E1,-5.937620401E-1,3.033453465E0,8.176498413E0,8.741253891E0
1.109267592E1,-5.937620401E-1,3.033453465E0,8.176498413E0,8.741253891E0
1.109467592E1,-1.252167463E0,3.102885485E0,8.485349655E0,9.121237880E0
1.109667592E1,-1.252167463E0,3.102885485E0,8.485349655E0,9.121237880E0
1.109867588E1,-1.252167463E0,3.102885485E0,8.485349655E0,9.121237880E0
1.110067585E1,-1.252167463E0,3.102885485E0,8.485349655E0,9.121237880E0
1.110267581E1,-1.252167463E0,3.102885485E0,8.485349655E0,9.121237880E0
1.110467578E1,-1.252167463E0,3.102885485E0,8.485349655E0,9.121237880E0
1.110667575E1,-1.252167463E0,3.102885485E0,8.485349655E0,9.121237880E0
1.110867571E1,-1.252167463E0,3.102885485E0,8.485349655E0,9.121237880E0
1.111067481E1,-1.252167463E0,3.102885485E0,8.485349655E0,9.121237880E0
1.111267451E1,-1.252167463E0,3.102885485E0,8.485349655E0,9.121237880E0
1.111467451E1,-1.769315004E0,3.320757866E0,8.351274490E0,9.159786788E0
1.111667451E1,-1.769315004E0,3.320757866E0,8.351274490E0,9.159786788E0
1.111867428E1,-1.769315004E0,3.320757866E0,8.351274490E0,9.159786788E0
1.112067431E1,-1.769315004E0,3.320757866E0,8.351274490E0,9.159786788E0
1.112267434E1,-1.769315004E0,3.320757866E0,8.351274490E0,9.159786788E0
1.112467438E1,-1.769315004E0,3.320757866E0,8.351274490E0,9.159786788E0
1.112667441E1,-1.769315004E0,3.320757866E0,8.351274490E0,9.159786788E0
1.112867444E1,-1.769315004E0,3.320757866E0,8.351274490E0,9.159786788E0
1.113067531E1,-1.769315004E0,3.320757866E0,8.351274490E0,9.159786788E0
1.113267481E1,-1.769315004E0,3.320757866E0,8.351274490E0,9.159786788E0
1.113467478E1,-1.374271750E0,3.660734415E0,8.073547363E0,8.970605683E0
1.113667474E1,-1.374271750E0,3.660734415E0,8.073547363E0,8.970605683E0
1.113867471E1,-1.374271750E0,3.660734415E0,8.073547363E0,8.970605683E0
1.114067467E1,-1.374271750E0,3.660734415E0,8.073547363E0,8.970605683E0
1.114267464E1,-1.374271750E0,3.660734415E0,8.073547363E0,8.970605683E0
1.114467460E1,-1.374271750E0,3.660734415E0,8.073547363E0,8.970605683E0
1.114667461E1,-1.374271750E0,3.660734415E0,8.073547363E0,8.970605683E0
1.114867430E1,-1.374271750E0,3.660734415E0,8.073547363E0,8.970605683E0
1.115067347E1,-1.374271750E0,3.660734415E0,8.073547363E0,8.970605683E0
1.115267264E1,-1.374271750E0,3.660734415E0,8.073547363E0,8.970605683E0
1.115467267E1,-8.595184088E-1,4.252102375E0,8.351274490E0,9.410788071E0
1.115667270E1,-8.595184088E-1,4.252102375E0,8.351274490E0,9.410788071E0
1.115867274E1,-8.595184088E-1,4.252102375E0,8.351274490E0,9.410788071E0
1.116067277E1,-8.595184088E-1,4.252102375E0,8.351274490E0,9.410788071E0
1.116267280E1,-8.595184088E-1,4.252102375E0,8.351274490E0,9.410788071E0
1.116467280E1,-8.595184088E-1,4.252102375E0,8.351274490E0,9.410788071E0
1.116667280E1,-8.595184088E-1,4.252102375E0,8.351274490E0,9.410788071E0
1.116867280E1,-8.595184088E-1,4.252102375E0,8.351274490E0,9.410788071E0
1.117067367E1,-8.595184088E-1,4.252102375E0,8.351274490E0,9.410788071E0
1.117267393E1,-8.595184088E-1,4.252102375E0,8.351274490E0,9.410788071E0
1.117467393E1,-4.572925270E-1,4.632780075E0,8.348880768E0,9.559057367E0
1.117667393E1,-4.572925270E-1,4.632780075E0,8.348880768E0,9.559057367E0
1.117867417E1,-4.572925270E-1,4.632780075E0,8.348880768E0,9.559057367E0
1.118067413E1,-4.572925270E-1,4.632780075E0,8.348880768E0,9.559057367E0
1.118267410E1,-4.572925270E-1,4.632780075E0,8.348880768E0,9.559057367E0
1.118467407E1,-4.572925270E-1,4.632780075E0,8.348880768E0,9.559057367E0
1.118667403E1,-4.572925270E-1,4.632780075E0,8.348880768E0,9.559057367E0
1.118867400E1,-4.572925270E-1,4.632780075E0,8.348880768E0,9.559057367E0
1.119067396E1,-4.572925270E-1,4.632780075E0,8.348880768E0,9.559057367E0
1.119267396E1,-4.572925270E-1,4.632780075E0,8.348880768E0,9.559057367E0
1.119467306E1,-1.101332754E-1,4.455609322E0,9.244312286E0,1.026264554E1
1.119667310E1,-1.101332754E-1,4.455609322E0,9.244312286E0,1.026264554E1
1.119867313E1,-1.101332754E-1,4.455609322E0,9.244312286E0,1.026264554E1
1.120067316E1,-1.101332754E-1,4.455609322E0,9.244312286E0,1.026264554E1
1.120267320E1,-1.101332754E-1,4.455609322E0,9.244312286E0,1.026264554E1
1.120467323E1,-1.101332754E-1,4.455609322E0,9.244312286E0,1.026264554E1
1.120667326E1,-1.101332754E-1,4.455609322E0,9.244312286E0,1.026264554E1
1.120867326E1,-1.101332754E-1,4.455609322E0,9.244312286E0,1.026264554E1
1.121067409E1,-1.101332754E-1,4.455609322E0,9.244312286E0,1.026264554E1
1.121267493E1,-1.101332754E-1,4.455609322E0,9.244312286E0,1.026264554E1
1.121467489E1,-8.714894056E-1,5.087977886E0,9.567529678E0,1.087127577E1
1.121667486E1,-8.714894056E-1,5.087977886E0,9.567529678E0,1.087127577E1
1.121867443E1,-8.714894056E-1,5.087977886E0,9.567529678E0,1.087127577E1
1.122067439E1,-8.714894056E-1,5.087977886E0,9.567529678E0,1.087127577E1
1.122267436E1,-8.714894056E-1,5.087977886E0,9.567529678E0,1.087127577E1
1.122467436E1,-8.714894056E-1,5.087977886E0,9.567529678E0,1.087127577E1
1.122667439E1,-8.714894056E-1,5.087977886E0,9.567529678E0,1.087127577E1
1.122867442E1,-8.714894056E-1,5.087977886E0,9.567529678E0,1.087127577E1
1.123067399E1,-8.714894056E-1,5.087977886E0,9.567529678E0,1.087127577E1
1.123267402E1,-8.714894056E-1,5.087977886E0,9.567529678E0,1.087127577E1
1.123467406E1,-2.437297344E0,5.430348873E0,8.648156166E0,1.049855763E1
1.123667409E1,-2.437297344E0,5.430348873E0,8.648156166E0,1.049855763E1
1.123867412E1,-2.437297344E0,5.430348873E0,8.648156166E0,1.049855763E1
1.124067415E1,-2.437297344E0,5.430348873E0,8.648156166E0,1.049855763E1
1.124267415E1,-2.437297344E0,5.430348873E0,8.648156166E0,1.049855763E1
1.124467415E1,-2.437297344E0,5.430348873E0,8.648156166E0,1.049855763E1
1.124667415E1,-2.437297344E0,5.430348873E0,8.648156166E0,1.049855763E1
1.124867415E1,-2.437297344E0,5.430348873E0,8.648156166E0,1.049855763E1
1.125067415E1,-2.437297344E0,5.430348873E0,8.648156166E0,1.049855763E1
1.125267415E1,-2.437297344E0,5.430348873E0,8.648156166E0,1.049855763E1
1.125467505E1,-2.614468336E0,5.380070686E0,8.135796547E0,1.009810827E1
1.125667502E1,-2.614468336E0,5.380070686E0,8.135796547E0,1.009810827E1
1.125867499E1,-2.614468336E0,5.380070686E0,8.135796547E0,1.009810827E1
1.126067495E1,-2.614468336E0,5.380070686E0,8.135796547E0,1.009810827E1
1.126267492E1,-2.614468336E0,5.380070686E0,8.135796547E0,1.009810827E1
1.126467488E1,-2.614468336E0,5.380070686E0,8.135796547E0,1.009810827E1
1.126667485E1,-2.614468336E0,5.380070686E0,8.135796547E0,1.009810827E1
1.126867582E1,-2.614468336E0,5.380070686E0,8.135796547E0,1.009810827E1
1.127067495E1,-2.614468336E0,5.380070686E0,8.135796547E0,1.009810827E1
1.127267495E1,-2.614468336E0,5.380070686E0,8.135796547E0,1.009810827E1
1.127467498E1,-2.025494576E0,4.565742493E0,8.205228806E0,9.605957138E0
1.127667502E1,-2.025494576E0,4.565742493E0,8.205228806E0,9.605957138E0
1.127867545E1,-2.025494576E0,4.565742493E0,8.205228806E0,9.605957138E0
1.128067548E1,-2.025494576E0,4.565742493E0,8.205228806E0,9.605957138E0
1.128267551E1,-2.025494576E0,4.565742493E0,8.205228806E0,9.605957138E0
1.128467555E1,-2.025494576E0,4.565742493E0,8.205228806E0,9.605957138E0
1.128667555E1,-2.025494576E0,4.565742493E0,8.205228806E0,9.605957138E0
1.128867548E1,-2.025494576E0,4.565742493E0,8.205228806E0,9.605957138E0
1.129067591E1,-2.025494576E0,4.565742493E0,8.205228806E0,9.605957138E0
1.129267588E1,-2.025494576E0,4.565742493E0,8.205228806E0,9.605957138E0
1.129467584E1,-2.085349798E0,4.671087742E0,8.133402824E0,9.608328990E0
1.129667581E1,-2.085349798E0,4.671087742E0,8.133402824E0,9.608328990E0
1.129867578E1,-2.085349798E0,4.671087742E0,8.133402824E0,9.608328990E0
1.130067574E1,-2.085349798E0,4.671087742E0,8.133402824E0,9.608328990E0
1.130267574E1,-2.085349798E0,4.671087742E0,8.133402824E0,9.608328990E0
1.130467574E1,-2.085349798E0,4.671087742E0,8.133402824E0,9.608328990E0
1.130667574E1,-2.085349798E0,4.671087742E0,8.133402824E0,9.608328990E0
1.130867574E1,-2.085349798E0,4.671087742E0,8.133402824E0,9.608328990E0
1.131067488E1,-2.085349798E0,4.671087742E0,8.133402824E0,9.608328990E0
1.131267488E1,-2.085349798E0,4.671087742E0,8.133402824E0,9.608328990E0
1.131467591E1,-2.463633537E0,5.004180908E0,8.004115105E0,9.755879016E0
1.131667591E1,-2.463633537E0,5.004180908E0,8.004115105E0,9.755879016E0
1.131867591E1,-2.463633537E0,5.004180908E0,8.004115105E0,9.755879016E0
1.132067594E1,-2.463633537E0,5.004180908E0,8.004115105E0,9.755879016E0
1.132267618E1,-2.463633537E0,5.004180908E0,8.004115105E0,9.755879016E0
1.132467621E1,-2.463633537E0,5.004180908E0,8.004115105E0,9.755879016E0
1.132667624E1,-2.463633537E0,5.004180908E0,8.004115105E0,9.755879016E0
1.132867527E1,-2.463633537E0,5.004180908E0,8.004115105E0,9.755879016E0
1.133067617E1,-2.463633537E0,5.004180908E0,8.004115105E0,9.755879016E0
1.133267621E1,-2.442085743E0,5.059247494E0,7.723993778E0,9.550908222E0
1.133467621E1,-2.442085743E0,5.059247494E0,7.723993778E0,9.550908222E0
1.133667617E1,-2.442085743E0,5.059247494E0,7.723993778E0,9.550908222E0
1.133867614E1,-2.442085743E0,5.059247494E0,7.723993778E0,9.550908222E0
1.134067610E1,-2.442085743E0,5.059247494E0,7.723993778E0,9.550908222E0
1.134267607E1,-2.442085743E0,5.059247494E0,7.723993778E0,9.550908222E0
1.134467604E1,-2.442085743E0,5.059247494E0,7.723993778E0,9.550908222E0
1.134667600E1,-2.442085743E0,5.059247494E0,7.723993778E0,9.550908222E0
1.134867604E1,-2.425326347E0,5.155015469E0,7.326556683E0,9.280884936E0
1.135067517E1,-2.425326347E0,5.155015469E0,7.326556683E0,9.280884936E0
1.135267434E1,-2.425326347E0,5.155015469E0,7.326556683E0,9.280884936E0
1.135467447E1,-2.425326347E0,5.155015469E0,7.326556683E0,9.280884936E0
1.135667450E1,-2.425326347E0,5.155015469E0,7.326556683E0,9.280884936E0
1.135867453E1,-2.425326347E0,5.155015469E0,7.326556683E0,9.280884936E0
1.136067457E1,-2.425326347E0,5.155015469E0,7.326556683E0,9.280884936E0
1.136267460E1,-2.425326347E0,5.155015469E0,7.326556683E0,9.280884936E0
1.136467463E1,-2.425326347E0,5.155015469E0,7.326556683E0,9.280884936E0
1.136667467E1,-2.425326347E0,5.155015469E0,7.326556683E0,9.280884936E0
1.136867467E1,-2.425326347E0,5.155015469E0,7.326556683E0,9.280884936E0
1.137067553E1,-2.425326347E0,5.155015469E0,7.326556683E0,9.280884936E0
1.137267553E1,-2.245761156E0,5.145438671E0,7.237970829E0,9.160087555E0
1.137467450E1,-2.245761156E0,5.145438671E0,7.237970829E0,9.160087555E0
1.137667450E1,-2.245761156E0,5.145438671E0,7.237970829E0,9.160087555E0
1.137867450E1,-2.245761156E0,5.145438671E0,7.237970829E0,9.160087555E0
1.138067446E1,-2.245761156E0,5.145438671E0,7.237970829E0,9.160087555E0
1.138267423E1,-2.245761156E0,5.145438671E0,7.237970829E0,9.160087555E0
1.138467420E1,-2.245761156E0,5.145438671E0,7.237970829E0,9.160087555E0
1.138667416E1,-2.245761156E0,5.145438671E0,7.237970829E0,9.160087555E0
1.138867413E1,-2.245761156E0,5.145438671E0,7.237970829E0,9.160087555E0
1.139067319E1,-2.245761156E0,5.145438671E0,7.237970829E0,9.160087555E0
1.139267316E1,-2.097320795E0,4.898836136E0,7.704840183E0,9.368132805E0
1.139467313E1,-2.097320795E0,4.898836136E0,7.704840183E0,9.368132805E0
1.139667313E1,-2.097320795E0,4.898836136E0,7.704840183E0,9.368132805E0
1.139867316E1,-2.097320795E0,4.898836136E0,7.704840183E0,9.368132805E0
1.140067319E1,-2.097320795E0,4.898836136E0,7.704840183E0,9.368132805E0
1.140267323E1,-2.097320795E0,4.898836136E0,7.704840183E0,9.368132805E0
1.140467326E1,-2.097320795E0,4.898836136E0,7.704840183E0,9.368132805E0
1.140667329E1,-2.097320795E0,4.898836136E0,7.704840183E0,9.368132805E0
1.140867332E1,-2.097320795E0,4.898836136E0,7.704840183E0,9.368132805E0
1.141067422E1,-2.097320795E0,4.898836136E0,7.704840183E0,9.368132805E0
1.141267509E1,-1.668758631E0,4.326322556E0,8.111854553E0,9.343661301E0
1.141467536E1,-1.668758631E0,4.326322556E0,8.111854553E0,9.343661301E0
1.141667532E1,-1.668758631E0,4.326322556E0,8.111854553E0,9.343661301E0
1.141867529E1,-1.668758631E0,4.326322556E0,8.111854553E0,9.343661301E0
1.142067525E1,-1.668758631E0,4.326322556E0,8.111854553E0,9.343661301E0
1.142267522E1,-1.668758631E0,4.326322556E0,8.111854553E0,9.343661301E0
1.142467519E1,-1.668758631E0,4.326322556E0,8.111854553E0,9.343661301E0
1.142667579E1,-1.668758631E0,4.326322556E0,8.111854553E0,9.343661301E0
1.142867579E1,-1.668758631E0,4.326322556E0,8.111854553E0,9.343661301E0
1.143067529E1,-1.668758631E0,4.326322556E0,8.111854553E0,9.343661301E0
1.143267532E1,-2.336740971E0,4.508281708E0,8.394370079E0,9.810729399E0
1.143467535E1,-2.336740971E0,4.508281708E0,8.394370079E0,9.810729399E0
1.143667539E1,-2.336740971E0,4.508281708E0,8.394370079E0,9.810729399E0
1.143867542E1,-2.336740971E0,4.508281708E0,8.394370079E0,9.810729399E0
1.144067545E1,-2.336740971E0,4.508281708E0,8.394370079E0,9.810729399E0
1.144267548E1,-2.336740971E0,4.508281708E0,8.394370079E0,9.810729399E0
1.144467552E1,-2.336740971E0,4.508281708E0,8.394370079E0,9.810729399E0
1.144667552E1,-2.336740971E0,4.508281708E0,8.394370079E0,9.810729399E0
1.144867552E1,-2.336740971E0,4.508281708E0,8.394370079E0,9.810729399E0
1.145067642E1,-2.336740971E0,4.508281708E0,8.394370079E0,9.810729399E0
1.145267642E1,-1.879448295E0,4.572925091E0,7.965808392E0,9.375397224E0
1.145467642E1,-1.879448295E0,4.572925091E0,7.965808392E0,9.375397224E0
1.145667642E1,-1.879448295E0,4.572925091E0,7.965808392E0,9.375397224E0
1.145867638E1,-1.879448295E0,4.572925091E0,7.965808392E0,9.375397224E0
1.146067635E1,-1.879448295E0,4.572925091E0,7.965808392E0,9.375397224E0
1.146267632E1,-1.879448295E0,4.572925091E0,7.965808392E0,9.375397224E0
1.146467628E1,-1.879448295E0,4.572925091E0,7.965808392E0,9.375397224E0
1.146667625E1,-1.879448295E0,4.572925091E0,7.965808392E0,9.375397224E0
1.146867621E1,-1.697489023E0,4.331110954E0,7.357681274E0,8.704910385E0
1.147067531E1,-1.697489023E0,4.331110954E0,7.357681274E0,8.704910385E0
1.147267528E1,-1.697489023E0,4.331110954E0,7.357681274E0,8.704910385E0
1.147467488E1,-1.697489023E0,4.331110954E0,7.357681274E0,8.704910385E0
1.147667491E1,-1.697489023E0,4.331110954E0,7.357681274E0,8.704910385E0
1.147867494E1,-1.697489023E0,4.331110954E0,7.357681274E0,8.704910385E0
1.148067498E1,-1.697489023E0,4.331110954E0,7.357681274E0,8.704910385E0
1.148267501E1,-1.697489023E0,4.331110954E0,7.357681274E0,8.704910385E0
1.148467504E1,-1.697489023E0,4.331110954E0,7.357681274E0,8.704910385E0
1.148667444E1,-1.697489023E0,4.331110954E0,7.357681274E0,8.704910385E0
1.148867448E1,-1.697489023E0,4.331110954E0,7.357681274E0,8.704910385E0
1.149067501E1,-1.697489023E0,4.331110954E0,7.357681274E0,8.704910385E0
1.149267514E1,-7.924807668E-1,4.170699596E0,7.537246227E0,8.650597759E0
1.149467511E1,-7.924807668E-1,4.170699596E0,7.537246227E0,8.650597759E0
1.149667508E1,-7.924807668E-1,4.170699596E0,7.537246227E0,8.650597759E0
1.149867504E1,-7.924807668E-1,4.170699596E0,7.537246227E0,8.650597759E0
1.150067501E1,-7.924807668E-1,4.170699596E0,7.537246227E0,8.650597759E0
1.150267497E1,-7.924807668E-1,4.170699596E0,7.537246227E0,8.650597759E0
1.150467457E1,-7.924807668E-1,4.170699596E0,7.537246227E0,8.650597759E0
1.150667457E1,-7.924807668E-1,4.170699596E0,7.537246227E0,8.650597759E0
1.150867461E1,-5.147533417E-1,4.958691120E0,8.181286812E0,9.580555439E0
1.151067377E1,-5.147533417E-1,4.958691120E0,8.181286812E0,9.580555439E0
1.151267294E1,-5.147533417E-1,4.958691120E0,8.181286812E0,9.580555439E0
1.151467297E1,-5.147533417E-1,4.958691120E0,8.181286812E0,9.580555439E0
1.151667300E1,-5.147533417E-1,4.958691120E0,8.181286812E0,9.580555439E0
1.151867304E1,-5.147533417E-1,4.958691120E0,8.181286812E0,9.580555439E0
1.152067307E1,-5.147533417E-1,4.958691120E0,8.181286812E0,9.580555439E0
1.152267310E1,-5.147533417E-1,4.958691120E0,8.181286812E0,9.580555439E0
1.152467310E1,-5.147533417E-1,4.958691120E0,8.181286812E0,9.580555439E0
1.152667310E1,-5.147533417E-1,4.958691120E0,8.181286812E0,9.580555439E0
1.152867310E1,-5.147533417E-1,4.958691120E0,8.181286812E0,9.580555439E0
1.153067397E1,-5.147533417E-1,4.958691120E0,8.181286812E0,9.580555439E0
1.153267397E1,-1.479616642E0,6.842927933E0,8.478167534E0,1.099519226E1
1.153467397E1,-1.479616642E0,6.842927933E0,8.478167534E0,1.099519226E1
1.153667394E1,-1.479616642E0,6.842927933E0,8.478167534E0,1.099519226E1
1.153867390E1,-1.479616642E0,6.842927933E0,8.478167534E0,1.099519226E1
1.154067387E1,-1.479616642E0,6.842927933E0,8.478167534E0,1.099519226E1
1.154267383E1,-1.479616642E0,6.842927933E0,8.478167534E0,1.099519226E1
1.154467380E1,-1.479616642E0,6.842927933E0,8.478167534E0,1.099519226E1
1.154667377E1,-1.479616642E0,6.842927933E0,8.478167534E0,1.099519226E1
1.154867373E1,-1.369483352E0,6.067206383E0,7.970596790E0,1.011023695E1
1.155067283E1,-1.369483352E0,6.067206383E0,7.970596790E0,1.011023695E1
1.155267180E1,-1.369483352E0,6.067206383E0,7.970596790E0,1.011023695E1
1.155467183E1,-1.369483352E0,6.067206383E0,7.970596790E0,1.011023695E1
1.155667186E1,-1.369483352E0,6.067206383E0,7.970596790E0,1.011023695E1
1.155867190E1,-1.369483352E0,6.067206383E0,7.970596790E0,1.011023695E1
1.156067193E1,-1.369483352E0,6.067206383E0,7.970596790E0,1.011023695E1
1.156267196E1,-1.369483352E0,6.067206383E0,7.970596790E0,1.011023695E1
1.156467236E1,-1.369483352E0,6.067206383E0,7.970596790E0,1.011023695E1
1.156667240E1,-1.369483352E0,6.067206383E0,7.970596790E0,1.011023695E1
1.156867240E1,-1.369483352E0,6.067206383E0,7.970596790E0,1.011023695E1
1.157067323E1,-1.369483352E0,6.067206383E0,7.970596790E0,1.011023695E1
1.157267406E1,-1.003170490E0,4.956296921E0,7.640196800E0,9.162086954E0
1.157467403E1,-1.003170490E0,4.956296921E0,7.640196800E0,9.162086954E0
1.157667399E1,-1.003170490E0,4.956296921E0,7.640196800E0,9.162086954E0
1.157867396E1,-1.003170490E0,4.956296921E0,7.640196800E0,9.162086954E0
1.158067393E1,-1.003170490E0,4.956296921E0,7.640196800E0,9.162086954E0
1.158267389E1,-1.003170490E0,4.956296921E0,7.640196800E0,9.162086954E0
1.158467389E1,-1.003170490E0,4.956296921E0,7.640196800E0,9.162086954E0
1.158667392E1,-1.003170490E0,4.956296921E0,7.640196800E0,9.162086954E0
1.158867396E1,-1.003170490E0,4.956296921E0,7.640196800E0,9.162086954E0
1.159067399E1,-1.003170490E0,4.956296921E0,7.640196800E0,9.162086954E0
1.159267402E1,-1.582567334E0,5.511751652E0,7.434295654E0,9.388965732E0
1.159467406E1,-1.582567334E0,5.511751652E0,7.434295654E0,9.388965732E0
1.159667409E1,-1.582567334E0,5.511751652E0,7.434295654E0,9.388965732E0
1.159867412E1,-1.582567334E0,5.511751652E0,7.434295654E0,9.388965732E0
1.160067416E1,-1.582567334E0,5.511751652E0,7.434295654E0,9.388965732E0
1.160267416E1,-1.582567334E0,5.511751652E0,7.434295654E0,9.388965732E0
1.160467416E1,-1.582567334E0,5.511751652E0,7.434295654E0,9.388965732E0
1.160667416E1,-1.582567334E0,5.511751652E0,7.434295654E0,9.388965732E0
1.160867416E1,-1.582567334E0,5.511751652E0,7.434295654E0,9.388965732E0
1.161067502E1,-1.845929503E0,5.468656063E0,7.463026047E0,9.434532985E0
1.161267589E1,-1.845929503E0,5.468656063E0,7.463026047E0,9.434532985E0
1.161467585E1,-1.845929503E0,5.468656063E0,7.463026047E0,9.434532985E0
1.161667582E1,-1.845929503E0,5.468656063E0,7.463026047E0,9.434532985E0
1.161867578E1,-1.845929503E0,5.468656063E0,7.463026047E0,9.434532985E0
1.162067575E1,-1.845929503E0,5.468656063E0,7.463026047E0,9.434532985E0
1.162267572E1,-1.845929503E0,5.468656063E0,7.463026047E0,9.434532985E0
1.162467568E1,-1.845929503E0,5.468656063E0,7.463026047E0,9.434532985E0
1.162667565E1,-1.845929503E0,5.468656063E0,7.463026047E0,9.434532985E0
1.162867562E1,-1.891419291E0,5.023334503E0,7.980173588E0,9.617407497E0
1.163067472E1,-1.891419291E0,5.023334503E0,7.980173588E0,9.617407497E0
1.163267475E1,-1.891419291E0,5.023334503E0,7.980173588E0,9.617407497E0
1.163470768E1,-1.891419291E0,5.023334503E0,7.980173588E0,9.617407497E0
1.163670772E1,-1.891419291E0,5.023334503E0,7.980173588E0,9.617407497E0
1.163870775E1,-1.891419291E0,5.023334503E0,7.980173588E0,9.617407497E0
1.164070778E1,-1.891419291E0,5.023334503E0,7.980173588E0,9.617407497E0
1.164270782E1,-1.891419291E0,5.023334503E0,7.980173588E0,9.617407497E0
1.164470785E1,-1.891419291E0,5.023334503E0,7.980173588E0,9.617407497E0
1.164670785E1,-1.891419291E0,5.023334503E0,7.980173588E0,9.617407497E0
1.164870782E1,-1.891419291E0,5.023334503E0,7.980173588E0,9.617407497E0
1.165070778E1,-1.312022567E0,4.975450516E0,8.463802338E0,9.905173449E0
1.165270775E1,-1.312022567E0,4.975450516E0,8.463802338E0,9.905173449E0
1.165470771E1,-1.312022567E0,4.975450516E0,8.463802338E0,9.905173449E0
1.165670768E1,-1.312022567E0,4.975450516E0,8.463802338E0,9.905173449E0
1.165870765E1,-1.312022567E0,4.975450516E0,8.463802338E0,9.905173449E0
1.166070761E1,-1.312022567E0,4.975450516E0,8.463802338E0,9.905173449E0
1.166270761E1,-1.312022567E0,4.975450516E0,8.463802338E0,9.905173449E0
1.166470764E1,-1.312022567E0,4.975450516E0,8.463802338E0,9.905173449E0
1.166670768E1,-1.312022567E0,4.975450516E0,8.463802338E0,9.905173449E0
1.166870771E1,-8.307880163E-1,5.262754440E0,8.111854553E0,9.705100583E0
1.167070688E1,-8.307880163E-1,5.262754440E0,8.111854553E0,9.705100583E0
1.167270691E1,-8.307880163E-1,5.262754440E0,8.111854553E0,9.705100583E0
1.167470694E1,-8.307880163E-1,5.262754440E0,8.111854553E0,9.705100583E0
1.167670698E1,-8.307880163E-1,5.262754440E0,8.111854553E0,9.705100583E0
1.167870701E1,-8.307880163E-1,5.262754440E0,8.111854553E0,9.705100583E0
1.168070701E1,-8.307880163E-1,5.262754440E0,8.111854553E0,9.705100583E0
1.168270701E1,-8.307880163E-1,5.262754440E0,8.111854553E0,9.705100583E0
1.168470701E1,-8.307880163E-1,5.262754440E0,8.111854553E0,9.705100583E0
1.168670701E1,-8.307880163E-1,5.262754440E0,8.111854553E0,9.705100583E0
1.168870701E1,-8.307880163E-1,5.262754440E0,8.111854553E0,9.705100583E0
1.169070791E1,1.915361285E-1,5.461473465E0,8.387187958E0,1.001045955E1
1.169270787E1,1.915361285E-1,5.461473465E0,8.387187958E0,1.001045955E1
1.169470784E1,1.915361285E-1,5.461473465E0,8.387187958E0,1.001045955E1
1.169670781E1,1.915361285E-1,5.461473465E0,8.387187958E0,1.001045955E1
1.169870777E1,1.915361285E-1,5.461473465E0,8.387187958E0,1.001045955E1
1.170070774E1,1.915361285E-1,5.461473465E0,8.387187958E0,1.001045955E1
1.170270770E1,1.915361285E-1,5.461473465E0,8.387187958E0,1.001045955E1
1.170470767E1,1.915361285E-1,5.461473465E0,8.387187958E0,1.001045955E1
1.170670764E1,1.915361285E-1,5.461473465E0,8.387187958E0,1.001045955E1
1.170870764E1,-6.200982332E-1,5.732017994E0,8.298602104E0,1.010481811E1
1.171070680E1,-6.200982332E-1,5.732017994E0,8.298602104E0,1.010481811E1
1.171270684E1,-6.200982332E-1,5.732017994E0,8.298602104E0,1.010481811E1
1.171470687E1,-6.200982332E-1,5.732017994E0,8.298602104E0,1.010481811E1
1.171670690E1,-6.200982332E-1,5.732017994E0,8.298602104E0,1.010481811E1
1.171870693E1,-6.200982332E-1,5.732017994E0,8.298602104E0,1.010481811E1
1.172070697E1,-6.200982332E-1,5.732017994E0,8.298602104E0,1.010481811E1
1.172270700E1,-6.200982332E-1,5.732017994E0,8.298602104E0,1.010481811E1
1.172470700E1,-6.200982332E-1,5.732017994E0,8.298602104E0,1.010481811E1
1.172670697E1,-6.200982332E-1,5.732017994E0,8.298602104E0,1.010481811E1
1.172870693E1,-6.200982332E-1,5.732017994E0,8.298602104E0,1.010481811E1
1.173070776E1,-9.121908545E-1,5.581183434E0,8.221987724E0,9.979117336E0
1.173270773E1,-9.121908545E-1,5.581183434E0,8.221987724E0,9.979117336E0
1.173470770E1,-9.121908545E-1,5.581183434E0,8.221987724E0,9.979117336E0
1.173670743E1,-9.121908545E-1,5.581183434E0,8.221987724E0,9.979117336E0
1.173870650E1,-9.121908545E-1,5.581183434E0,8.221987724E0,9.979117336E0
1.174070650E1,-9.121908545E-1,5.581183434E0,8.221987724E0,9.979117336E0
1.174270653E1,-9.121908545E-1,5.581183434E0,8.221987724E0,9.979117336E0
1.174470656E1,-9.121908545E-1,5.581183434E0,8.221987724E0,9.979117336E0
1.174670660E1,-9.121908545E-1,5.581183434E0,8.221987724E0,9.979117336E0
1.174870663E1,-1.158793569E0,5.554847240E0,8.059182167E0,9.856447007E0
1.175070579E1,-1.158793569E0,5.554847240E0,8.059182167E0,9.856447007E0
1.175270496E1,-1.158793569E0,5.554847240E0,8.059182167E0,9.856447007E0
1.175470499E1,-1.158793569E0,5.554847240E0,8.059182167E0,9.856447007E0
1.175670503E1,-1.158793569E0,5.554847240E0,8.059182167E0,9.856447007E0
1.175870503E1,-1.158793569E0,5.554847240E0,8.059182167E0,9.856447007E0
1.176070503E1,-1.158793569E0,5.554847240E0,8.059182167E0,9.856447007E0
1.176270503E1,-1.158793569E0,5.554847240E0,8.059182167E0,9.856447007E0
1.176470503E1,-1.158793569E0,5.554847240E0,8.059182167E0,9.856447007E0
1.176670503E1,-1.158793569E0,5.554847240E0,8.059182167E0,9.856447007E0
1.176870503E1,-1.158793569E0,5.554847240E0,8.059182167E0,9.856447007E0
1.177070586E1,-1.180341482E0,5.325003624E0,8.609848976E0,1.019207383E1
1.177270583E1,-1.180341482E0,5.325003624E0,8.609848976E0,1.019207383E1
1.177470579E1,-1.180341482E0,5.325003624E0,8.609848976E0,1.019207383E1
1.177670576E1,-1.180341482E0,5.325003624E0,8.609848976E0,1.019207383E1
1.177870572E1,-1.180341482E0,5.325003624E0,8.609848976E0,1.019207383E1
1.178070569E1,-1.180341482E0,5.325003624E0,8.609848976E0,1.019207383E1
1.178270566E1,-1.180341482E0,5.325003624E0,8.609848976E0,1.019207383E1
1.178470562E1,-1.180341482E0,5.325003624E0,8.609848976E0,1.019207383E1
1.178670562E1,-1.180341482E0,5.325003624E0,8.609848976E0,1.019207383E1
1.178870565E1,-1.405396342E0,5.250783443E0,8.499714851E0,1.008915349E1
1.179070569E1,-1.405396342E0,5.250783443E0,8.499714851E0,1.008915349E1
1.179270572E1,-1.405396342E0,5.250783443E0,8.499714851E0,1.008915349E1
1.179470575E1,-1.405396342E0,5.250783443E0,8.499714851E0,1.008915349E1
1.179670602E1,-1.405396342E0,5.250783443E0,8.499714851E0,1.008915349E1
1.179870695E1,-1.405396342E0,5.250783443E0,8.499714851E0,1.008915349E1
1.180070699E1,-1.405396342E0,5.250783443E0,8.499714851E0,1.008915349E1
1.180270698E1,-1.405396342E0,5.250783443E0,8.499714851E0,1.008915349E1
1.180470695E1,-1.405396342E0,5.250783443E0,8.499714851E0,1.008915349E1
1.180670692E1,-1.405396342E0,5.250783443E0,8.499714851E0,1.008915349E1
1.180870688E1,-1.405396342E0,5.250783443E0,8.499714851E0,1.008915349E1
1.181070772E1,-1.273715258E0,5.274725437E0,8.255506516E0,9.879193632E0
1.181270855E1,-1.273715258E0,5.274725437E0,8.255506516E0,9.879193632E0
1.181470852E1,-1.273715258E0,5.274725437E0,8.255506516E0,9.879193632E0
1.181670848E1,-1.273715258E0,5.274725437E0,8.255506516E0,9.879193632E0
1.181870848E1,-1.273715258E0,5.274725437E0,8.255506516E0,9.879193632E0
1.182070851E1,-1.273715258E0,5.274725437E0,8.255506516E0,9.879193632E0
1.182270845E1,-1.273715258E0,5.274725437E0,8.255506516E0,9.879193632E0
1.182470848E1,-1.273715258E0,5.274725437E0,8.255506516E0,9.879193632E0
1.182670851E1,-1.273715258E0,5.274725437E0,8.255506516E0,9.879193632E0
1.182870855E1,-1.302445769E0,5.212476254E0,8.150161743E0,9.761731922E0
1.183070811E1,-1.302445769E0,5.212476254E0,8.150161743E0,9.761731922E0
1.183270815E1,-1.302445769E0,5.212476254E0,8.150161743E0,9.761731922E0
1.183470818E1,-1.302445769E0,5.212476254E0,8.150161743E0,9.761731922E0
1.183670818E1,-1.302445769E0,5.212476254E0,8.150161743E0,9.761731922E0
1.183870818E1,-1.302445769E0,5.212476254E0,8.150161743E0,9.761731922E0
1.184070818E1,-1.302445769E0,5.212476254E0,8.150161743E0,9.761731922E0
1.184270818E1,-1.302445769E0,5.212476254E0,8.150161743E0,9.761731922E0
1.184470818E1,-1.302445769E0,5.212476254E0,8.150161743E0,9.761731922E0
1.184670818E1,-1.302445769E0,5.212476254E0,8.150161743E0,9.761731922E0
1.184870814E1,-1.302445769E0,5.212476254E0,8.150161743E0,9.761731922E0
1.185070811E1,-1.261744261E0,5.178957462E0,7.903559208E0,9.533092212E0
1.185270808E1,-1.261744261E0,5.178957462E0,7.903559208E0,9.533092212E0
1.185470804E1,-1.261744261E0,5.178957462E0,7.903559208E0,9.533092212E0
1.185670801E1,-1.261744261E0,5.178957462E0,7.903559208E0,9.533092212E0
1.185870797E1,-1.261744261E0,5.178957462E0,7.903559208E0,9.533092212E0
1.186070794E1,-1.261744261E0,5.178957462E0,7.903559208E0,9.533092212E0
1.186270854E1,-1.261744261E0,5.178957462E0,7.903559208E0,9.533092212E0
1.186470854E1,-1.261744261E0,5.178957462E0,7.903559208E0,9.533092212E0
1.186670854E1,-1.261744261E0,5.178957462E0,7.903559208E0,9.533092212E0
1.186870857E1,-1.189918280E0,5.152621269E0,7.415142059E0,9.107674962E0
1.187070774E1,-1.189918280E0,5.152621269E0,7.415142059E0,9.107674962E0
1.187270777E1,-1.189918280E0,5.152621269E0,7.415142059E0,9.107674962E0
1.187470780E1,-1.189918280E0,5.152621269E0,7.415142059E0,9.107674962E0
1.187670784E1,-1.189918280E0,5.152621269E0,7.415142059E0,9.107674962E0
1.187870787E1,-1.189918280E0,5.152621269E0,7.415142059E0,9.107674962E0
1.188070787E1,-1.189918280E0,5.152621269E0,7.415142059E0,9.107674962E0
1.188270794E1,-1.189918280E0,5.152621269E0,7.415142059E0,9.107674962E0
1.188470790E1,-1.189918280E0,5.152621269E0,7.415142059E0,9.107674962E0
1.188670787E1,-1.189918280E0,5.152621269E0,7.415142059E0,9.107674962E0
1.188870784E1,-1.024718285E0,5.193322659E0,7.252336025E0,8.978698437E0
1.189070827E1,-1.024718285E0,5.193322659E0,7.252336025E0,8.978698437E0
1.189270823E1,-1.024718285E0,5.193322659E0,7.252336025E0,8.978698437E0
1.189470820E1,-1.024718285E0,5.193322659E0,7.252336025E0,8.978698437E0
1.189670820E1,-1.024718285E0,5.193322659E0,7.252336025E0,8.978698437E0
1.189870823E1,-1.024718285E0,5.193322659E0,7.252336025E0,8.978698437E0
1.190070827E1,-1.024718285E0,5.193322659E0,7.252336025E0,8.978698437E0
1.190270830E1,-1.024718285E0,5.193322659E0,7.252336025E0,8.978698437E0
1.190470833E1,-1.024718285E0,5.193322659E0,7.252336025E0,8.978698437E0
1.190670836E1,-1.024718285E0,5.193322659E0,7.252336025E0,8.978698437E0
1.190870840E1,-1.158793569E0,5.061641693E0,7.518092632E0,9.136998194E0
1.191070756E1,-1.158793569E0,5.061641693E0,7.518092632E0,9.136998194E0
1.191270760E1,-1.158793569E0,5.061641693E0,7.518092632E0,9.136998194E0
1.191470760E1,-1.158793569E0,5.061641693E0,7.518092632E0,9.136998194E0
1.191670760E1,-1.158793569E0,5.061641693E0,7.518092632E0,9.136998194E0
1.191870760E1,-1.158793569E0,5.061641693E0,7.518092632E0,9.136998194E0
1.192070760E1,-1.158793569E0,5.061641693E0,7.518092632E0,9.136998194E0
1.192270696E1,-1.158793569E0,5.061641693E0,7.518092632E0,9.136998194E0
1.192470696E1,-1.158793569E0,5.061641693E0,7.518092632E0,9.136998194E0
1.192670696E1,-1.158793569E0,5.061641693E0,7.518092632E0,9.136998194E0
1.192870693E1,-1.120486379E0,4.515464306E0,8.375216484E0,9.580665884E0
1.193070776E1,-1.120486379E0,4.515464306E0,8.375216484E0,9.580665884E0
1.193270773E1,-1.120486379E0,4.515464306E0,8.375216484E0,9.580665884E0
1.193470769E1,-1.120486379E0,4.515464306E0,8.375216484E0,9.580665884E0
1.193670766E1,-1.120486379E0,4.515464306E0,8.375216484E0,9.580665884E0
1.193870763E1,-1.120486379E0,4.515464306E0,8.375216484E0,9.580665884E0
1.194070759E1,-1.120486379E0,4.515464306E0,8.375216484E0,9.580665884E0
1.194270759E1,-1.120486379E0,4.515464306E0,8.375216484E0,9.580665884E0
1.194470759E1,-1.120486379E0,4.515464306E0,8.375216484E0,9.580665884E0
1.194670762E1,-1.120486379E0,4.515464306E0,8.375216484E0,9.580665884E0
1.194870766E1,-2.913743496E0,4.299986362E0,9.244312286E0,1.060363586E1
1.195070682E1,-2.913743496E0,4.299986362E0,9.244312286E0,1.060363586E1
1.195270599E1,-2.913743496E0,4.299986362E0,9.244312286E0,1.060363586E1
1.195470602E1,-2.913743496E0,4.299986362E0,9.244312286E0,1.060363586E1
1.195670606E1,-2.913743496E0,4.299986362E0,9.244312286E0,1.060363586E1
1.195870606E1,-2.913743496E0,4.299986362E0,9.244312286E0,1.060363586E1
1.196070602E1,-2.913743496E0,4.299986362E0,9.244312286E0,1.060363586E1
1.196270599E1,-2.913743496E0,4.299986362E0,9.244312286E0,1.060363586E1
1.196470595E1,-2.913743496E0,4.299986362E0,9.244312286E0,1.060363586E1
1.196670592E1,-2.913743496E0,4.299986362E0,9.244312286E0,1.060363586E1
1.196870589E1,-2.999934673E0,4.843470097E0,9.119813919E0,1.075313055E1
1.197070672E1,-2.999934673E0,4.843470097E0,9.119813919E0,1.075313055E1
1.197270668E1,-2.999934673E0,4.843470097E0,9.119813919E0,1.075313055E1
1.197470669E1,-2.999934673E0,4.843470097E0,9.119813919E0,1.075313055E1
1.197670668E1,-2.999934673E0,4.843470097E0,9.119813919E0,1.075313055E1
1.197870668E1,-2.999934673E0,4.843470097E0,9.119813919E0,1.075313055E1
1.198070669E1,-2.999934673E0,4.843470097E0,9.119813919E0,1.075313055E1
1.198270668E1,-2.999934673E0,4.843470097E0,9.119813919E0,1.075313055E1
1.198470668E1,-2.999934673E0,4.843470097E0,9.119813919E0,1.075313055E1
1.198670669E1,-2.999934673E0,4.843470097E0,9.119813919E0,1.075313055E1
1.198870668E1,-3.112462282E0,4.726154327E0,7.786243439E0,9.625463265E0
1.199070669E1,-3.112462282E0,4.726154327E0,7.786243439E0,9.625463265E0
1.199270672E1,-3.112462282E0,4.726154327E0,7.786243439E0,9.625463265E0
1.199470675E1,-3.112462282E0,4.726154327E0,7.786243439E0,9.625463265E0
1.199670678E1,-3.112462282E0,4.726154327E0,7.786243439E0,9.625463265E0
1.199870682E1,-3.112462282E0,4.726154327E0,7.786243439E0,9.625463265E0
1.200070685E1,-3.112462282E0,4.726154327E0,7.786243439E0,9.625463265E0
1.200270718E1,-3.112462282E0,4.726154327E0,7.786243439E0,9.625463265E0
1.200470722E1,-3.112462282E0,4.726154327E0,7.786243439E0,9.625463265E0
1.200670722E1,-3.112462282E0,4.726154327E0,7.786243439E0,9.625463265E0
1.200870718E1,-2.013523579E0,4.961085320E0,6.835745335E0,8.682975241E0
1.201070802E1,-2.013523579E0,4.961085320E0,6.835745335E0,8.682975241E0
1.201270885E1,-2.013523579E0,4.961085320E0,6.835745335E0,8.682975241E0
1.201470881E1,-2.013523579E0,4.961085320E0,6.835745335E0,8.682975241E0
1.201670878E1,-2.013523579E0,4.961085320E0,6.835745335E0,8.682975241E0
1.201870875E1,-2.013523579E0,4.961085320E0,6.835745335E0,8.682975241E0
1.202070875E1,-2.013523579E0,4.961085320E0,6.835745335E0,8.682975241E0
1.202270875E1,-2.013523579E0,4.961085320E0,6.835745335E0,8.682975241E0
1.202470878E1,-2.013523579E0,4.961085320E0,6.835745335E0,8.682975241E0
1.202670881E1,-2.013523579E0,4.961085320E0,6.835745335E0,8.682975241E0
1.202870884E1,-1.364694953E0,5.811026573E0,6.842927933E0,9.080533291E0
1.203070838E1,-1.364694953E0,5.811026573E0,6.842927933E0,9.080533291E0
1.203270841E1,-1.364694953E0,5.811026573E0,6.842927933E0,9.080533291E0
1.203470844E1,-1.364694953E0,5.811026573E0,6.842927933E0,9.080533291E0
1.203670848E1,-1.364694953E0,5.811026573E0,6.842927933E0,9.080533291E0
1.203870848E1,-1.364694953E0,5.811026573E0,6.842927933E0,9.080533291E0
1.204070848E1,-1.364694953E0,5.811026573E0,6.842927933E0,9.080533291E0
1.204270848E1,-1.364694953E0,5.811026573E0,6.842927933E0,9.080533291E0
1.204470848E1,-1.364694953E0,5.811026573E0,6.842927933E0,9.080533291E0
1.204670848E1,-1.364694953E0,5.811026573E0,6.842927933E0,9.080533291E0
1.204870848E1,5.913678408E-1,5.813420773E0,8.083124161E0,9.974090094E0
1.205070848E1,5.913678408E-1,5.813420773E0,8.083124161E0,9.974090094E0
1.205270844E1,5.913678408E-1,5.813420773E0,8.083124161E0,9.974090094E0
1.205470841E1,5.913678408E-1,5.813420773E0,8.083124161E0,9.974090094E0
1.205670838E1,5.913678408E-1,5.813420773E0,8.083124161E0,9.974090094E0
1.205870834E1,5.913678408E-1,5.813420773E0,8.083124161E0,9.974090094E0
1.206070831E1,5.913678408E-1,5.813420773E0,8.083124161E0,9.974090094E0
1.206270797E1,5.913678408E-1,5.813420773E0,8.083124161E0,9.974090094E0
1.206470794E1,5.913678408E-1,5.813420773E0,8.083124161E0,9.974090094E0
1.206670791E1,5.913678408E-1,5.813420773E0,8.083124161E0,9.974090094E0
1.206870790E1,-5.363011956E-1,5.325003624E0,8.684068680E0,1.020080053E1
1.207070707E1,-5.363011956E-1,5.325003624E0,8.684068680E0,1.020080053E1
1.207270710E1,-5.363011956E-1,5.325003624E0,8.684068680E0,1.020080053E1
1.207470714E1,-5.363011956E-1,5.325003624E0,8.684068680E0,1.020080053E1
1.207670717E1,-5.363011956E-1,5.325003624E0,8.684068680E0,1.020080053E1
1.207870680E1,-5.363011956E-1,5.325003624E0,8.684068680E0,1.020080053E1
1.208070684E1,-5.363011956E-1,5.325003624E0,8.684068680E0,1.020080053E1
1.208270687E1,-5.363011956E-1,5.325003624E0,8.684068680E0,1.020080053E1
1.208470687E1,-5.363011956E-1,5.325003624E0,8.684068680E0,1.020080053E1
1.208670684E1,-5.363011956E-1,5.325003624E0,8.684068680E0,1.020080053E1
1.208870680E1,-2.039859772E0,5.181351662E0,7.451055050E0,9.301916700E0
1.209070727E1,-2.039859772E0,5.181351662E0,7.451055050E0,9.301916700E0
1.209270723E1,-2.039859772E0,5.181351662E0,7.451055050E0,9.301916700E0
1.209470720E1,-2.039859772E0,5.181351662E0,7.451055050E0,9.301916700E0
1.209670717E1,-2.039859772E0,5.181351662E0,7.451055050E0,9.301916700E0
1.209870716E1,-2.039859772E0,5.181351662E0,7.451055050E0,9.301916700E0
1.210070717E1,-2.039859772E0,5.181351662E0,7.451055050E0,9.301916700E0
1.210270720E1,-2.039859772E0,5.181351662E0,7.451055050E0,9.301916700E0
1.210470723E1,-2.039859772E0,5.181351662E0,7.451055050E0,9.301916700E0
1.210670726E1,-2.039859772E0,5.181351662E0,7.451055050E0,9.301916700E0
1.210870730E1,-1.295263171E0,5.298667431E0,7.419930458E0,9.209177554E0
1.211070646E1,-1.295263171E0,5.298667431E0,7.419930458E0,9.209177554E0
1.211270560E1,-1.295263171E0,5.298667431E0,7.419930458E0,9.209177554E0
1.211470563E1,-1.295263171E0,5.298667431E0,7.419930458E0,9.209177554E0
1.211670566E1,-1.295263171E0,5.298667431E0,7.419930458E0,9.209177554E0
1.211870566E1,-1.295263171E0,5.298667431E0,7.419930458E0,9.209177554E0
1.212070566E1,-1.295263171E0,5.298667431E0,7.419930458E0,9.209177554E0
1.212270566E1,-1.295263171E0,5.298667431E0,7.419930458E0,9.209177554E0
1.212470566E1,-1.295263171E0,5.298667431E0,7.419930458E0,9.209177554E0
1.212670566E1,-1.295263171E0,5.298667431E0,7.419930458E0,9.209177554E0
1.212870566E1,-5.291185975E-1,5.547664642E0,7.838915825E0,9.617959804E0
1.213070626E1,-5.291185975E-1,5.547664642E0,7.838915825E0,9.617959804E0
1.213270623E1,-5.291185975E-1,5.547664642E0,7.838915825E0,9.617959804E0
1.213470619E1,-5.291185975E-1,5.547664642E0,7.838915825E0,9.617959804E0
1.213670616E1,-5.291185975E-1,5.547664642E0,7.838915825E0,9.617959804E0
1.213870653E1,-5.291185975E-1,5.547664642E0,7.838915825E0,9.617959804E0
1.214070649E1,-5.291185975E-1,5.547664642E0,7.838915825E0,9.617959804E0
1.214270646E1,-5.291185975E-1,5.547664642E0,7.838915825E0,9.617959804E0
1.214470642E1,-5.291185975E-1,5.547664642E0,7.838915825E0,9.617959804E0
1.214670642E1,-5.291185975E-1,5.547664642E0,7.838915825E0,9.617959804E0
1.214870646E1,9.074024558E-1,5.494992256E0,8.427888870E0,1.010186270E1
1.215070562E1,9.074024558E-1,5.494992256E0,8.427888870E0,1.010186270E1
1.215270479E1,9.074024558E-1,5.494992256E0,8.427888870E0,1.010186270E1
1.215470482E1,9.074024558E-1,5.494992256E0,8.427888870E0,1.010186270E1
1.215670486E1,9.074024558E-1,5.494992256E0,8.427888870E0,1.010186270E1
1.215870489E1,9.074024558E-1,5.494992256E0,8.427888870E0,1.010186270E1
1.216070492E1,9.074024558E-1,5.494992256E0,8.427888870E0,1.010186270E1
1.216270492E1,9.074024558E-1,5.494992256E0,8.427888870E0,1.010186270E1
1.216470489E1,9.074024558E-1,5.494992256E0,8.427888870E0,1.010186270E1
1.216670485E1,-2.394201700E-3,6.045658588E0,8.447042465E0,1.038761377E1
1.216870482E1,-2.394201700E-3,6.045658588E0,8.447042465E0,1.038761377E1
1.217070565E1,-2.394201700E-3,6.045658588E0,8.447042465E0,1.038761377E1
1.217270652E1,-2.394201700E-3,6.045658588E0,8.447042465E0,1.038761377E1
1.217470648E1,-2.394201700E-3,6.045658588E0,8.447042465E0,1.038761377E1
1.217670645E1,-2.394201700E-3,6.045658588E0,8.447042465E0,1.038761377E1
1.217870645E1,-2.394201700E-3,6.045658588E0,8.447042465E0,1.038761377E1
1.218070648E1,-2.394201700E-3,6.045658588E0,8.447042465E0,1.038761377E1
1.218270652E1,-2.394201700E-3,6.045658588E0,8.447042465E0,1.038761377E1
1.218470655E1,-2.394201700E-3,6.045658588E0,8.447042465E0,1.038761377E1
1.218670658E1,-1.766920805E0,4.996998310E0,8.542811394E0,1.005343860E1
1.218870662E1,-1.766920805E0,4.996998310E0,8.542811394E0,1.005343860E1
1.219070688E1,-1.766920805E0,4.996998310E0,8.542811394E0,1.005343860E1
1.219270691E1,-1.766920805E0,4.996998310E0,8.542811394E0,1.005343860E1
1.219470695E1,-1.766920805E0,4.996998310E0,8.542811394E0,1.005343860E1
1.219670695E1,-1.766920805E0,4.996998310E0,8.542811394E0,1.005343860E1
1.219870695E1,-1.766920805E0,4.996998310E0,8.542811394E0,1.005343860E1
1.220070695E1,-1.766920805E0,4.996998310E0,8.542811394E0,1.005343860E1
1.220270695E1,-1.766920805E0,4.996998310E0,8.542811394E0,1.005343860E1
1.220470695E1,-1.766920805E0,4.996998310E0,8.542811394E0,1.005343860E1
1.220670695E1,-3.327940464E0,4.647145271E0,9.227552414E0,1.085444013E1
1.220870691E1,-3.327940464E0,4.647145271E0,9.227552414E0,1.085444013E1
1.221070775E1,-3.327940464E0,4.647145271E0,9.227552414E0,1.085444013E1
1.221270858E1,-3.327940464E0,4.647145271E0,9.227552414E0,1.085444013E1
1.221470854E1,-3.327940464E0,4.647145271E0,9.227552414E0,1.085444013E1
1.221670851E1,-3.327940464E0,4.647145271E0,9.227552414E0,1.085444013E1
1.221870848E1,-3.327940464E0,4.647145271E0,9.227552414E0,1.085444013E1
1.222070844E1,-3.327940464E0,4.647145271E0,9.227552414E0,1.085444013E1
1.222270841E1,-3.327940464E0,4.647145271E0,9.227552414E0,1.085444013E1
1.222470841E1,-3.327940464E0,4.647145271E0,9.227552414E0,1.085444013E1
1.222670844E1,-2.832340717E0,3.691859007E0,8.889969826E0,1.003411881E1
1.222870848E1,-2.832340717E0,3.691859007E0,8.889969826E0,1.003411881E1
1.223070761E1,-2.832340717E0,3.691859007E0,8.889969826E0,1.003411881E1
1.223270791E1,-2.832340717E0,3.691859007E0,8.889969826E0,1.003411881E1
1.223470817E1,-2.832340717E0,3.691859007E0,8.889969826E0,1.003411881E1
1.223670821E1,-2.832340717E0,3.691859007E0,8.889969826E0,1.003411881E1
1.223870824E1,-2.832340717E0,3.691859007E0,8.889969826E0,1.003411881E1
1.224070824E1,-2.832340717E0,3.691859007E0,8.889969826E0,1.003411881E1
1.224270821E1,-2.832340717E0,3.691859007E0,8.889969826E0,1.003411881E1
1.224470817E1,-2.832340717E0,3.691859007E0,8.889969826E0,1.003411881E1
1.224670814E1,-2.274491549E0,3.969586372E0,7.302614689E0,8.617372515E0
1.224870810E1,-2.274491549E0,3.969586372E0,7.302614689E0,8.617372515E0
1.225070807E1,-2.274491549E0,3.969586372E0,7.302614689E0,8.617372515E0
1.225270804E1,-2.274491549E0,3.969586372E0,7.302614689E0,8.617372515E0
1.225470800E1,-2.274491549E0,3.969586372E0,7.302614689E0,8.617372515E0
1.225670800E1,-2.274491549E0,3.969586372E0,7.302614689E0,8.617372515E0
1.225870804E1,-2.274491549E0,3.969586372E0,7.302614689E0,8.617372515E0
1.226070807E1,-2.274491549E0,3.969586372E0,7.302614689E0,8.617372515E0
1.226270810E1,-2.274491549E0,3.969586372E0,7.302614689E0,8.617372515E0
1.226470813E1,-2.274491549E0,3.969586372E0,7.302614689E0,8.617372515E0
1.226670817E1,-5.937620401E-1,5.200505257E0,6.443096161E0,8.301282818E0
1.226870897E1,-5.937620401E-1,5.200505257E0,6.443096161E0,8.301282818E0
1.227070813E1,-5.937620401E-1,5.200505257E0,6.443096161E0,8.301282818E0
1.227270817E1,-5.937620401E-1,5.200505257E0,6.443096161E0,8.301282818E0
1.227470817E1,-5.937620401E-1,5.200505257E0,6.443096161E0,8.301282818E0
1.227670817E1,-5.937620401E-1,5.200505257E0,6.443096161E0,8.301282818E0
1.227870817E1,-5.937620401E-1,5.200505257E0,6.443096161E0,8.301282818E0
1.228070817E1,-5.937620401E-1,5.200505257E0,6.443096161E0,8.301282818E0
1.228270777E1,-5.937620401E-1,5.200505257E0,6.443096161E0,8.301282818E0
1.228470777E1,-5.937620401E-1,5.200505257E0,6.443096161E0,8.301282818E0
1.228670773E1,3.344699860E0,6.541258335E0,7.168539047E0,1.026464952E1
1.228870770E1,3.344699860E0,6.541258335E0,7.168539047E0,1.026464952E1
1.229070856E1,3.344699860E0,6.541258335E0,7.168539047E0,1.026464952E1
1.229270826E1,3.344699860E0,6.541258335E0,7.168539047E0,1.026464952E1
1.229470800E1,3.344699860E0,6.541258335E0,7.168539047E0,1.026464952E1
1.229670796E1,3.344699860E0,6.541258335E0,7.168539047E0,1.026464952E1
1.229870793E1,3.344699860E0,6.541258335E0,7.168539047E0,1.026464952E1
1.230070790E1,3.344699860E0,6.541258335E0,7.168539047E0,1.026464952E1
1.230270790E1,3.344699860E0,6.541258335E0,7.168539047E0,1.026464952E1
1.230470793E1,3.344699860E0,6.541258335E0,7.168539047E0,1.026464952E1
1.230670796E1,1.146822572E0,6.909965515E0,8.341697693E0,1.089250870E1
1.230870799E1,1.146822572E0,6.909965515E0,8.341697693E0,1.089250870E1
1.231070716E1,1.146822572E0,6.909965515E0,8.341697693E0,1.089250870E1
1.231270719E1,1.146822572E0,6.909965515E0,8.341697693E0,1.089250870E1
1.231470723E1,1.146822572E0,6.909965515E0,8.341697693E0,1.089250870E1
1.231670726E1,1.146822572E0,6.909965515E0,8.341697693E0,1.089250870E1
1.231870726E1,1.146822572E0,6.909965515E0,8.341697693E0,1.089250870E1
1.232070723E1,1.146822572E0,6.909965515E0,8.341697693E0,1.089250870E1
1.232270719E1,1.146822572E0,6.909965515E0,8.341697693E0,1.089250870E1
1.232470716E1,1.146822572E0,6.909965515E0,8.341697693E0,1.089250870E1
1.232670712E1,-1.872265697E0,4.929960728E0,7.340921879E0,9.038751332E0
1.232870632E1,-1.872265697E0,4.929960728E0,7.340921879E0,9.038751332E0
1.233070716E1,-1.872265697E0,4.929960728E0,7.340921879E0,9.038751332E0
1.233270712E1,-1.872265697E0,4.929960728E0,7.340921879E0,9.038751332E0
1.233470712E1,-1.872265697E0,4.929960728E0,7.340921879E0,9.038751332E0
1.233670716E1,-1.872265697E0,4.929960728E0,7.340921879E0,9.038751332E0
1.233870719E1,-1.872265697E0,4.929960728E0,7.340921879E0,9.038751332E0
1.234070722E1,-1.872265697E0,4.929960728E0,7.340921879E0,9.038751332E0
1.234270765E1,-1.872265697E0,4.929960728E0,7.340921879E0,9.038751332E0
1.234470769E1,-1.872265697E0,4.929960728E0,7.340921879E0,9.038751332E0
1.234670749E1,-1.853112102E0,4.532223701E0,8.279448509E0,9.618957519E0
1.234870752E1,-1.853112102E0,4.532223701E0,8.279448509E0,9.618957519E0
1.235070669E1,-1.853112102E0,4.532223701E0,8.279448509E0,9.618957519E0
1.235270582E1,-1.853112102E0,4.532223701E0,8.279448509E0,9.618957519E0
1.235470608E1,-1.853112102E0,4.532223701E0,8.279448509E0,9.618957519E0
1.235670608E1,-1.853112102E0,4.532223701E0,8.279448509E0,9.618957519E0
1.235870609E1,-1.853112102E0,4.532223701E0,8.279448509E0,9.618957519E0
1.236070608E1,-1.853112102E0,4.532223701E0,8.279448509E0,9.618957519E0
1.236270609E1,-1.853112102E0,4.532223701E0,8.279448509E0,9.618957519E0
1.236470605E1,-1.853112102E0,4.532223701E0,8.279448509E0,9.618957519E0
1.236670602E1,-1.460463047E0,5.164592266E0,8.868422508E0,1.036604473E1
1.236870598E1,-1.460463047E0,5.164592266E0,8.868422508E0,1.036604473E1
1.237070682E1,-1.460463047E0,5.164592266E0,8.868422508E0,1.036604473E1
1.237270675E1,-1.460463047E0,5.164592266E0,8.868422508E0,1.036604473E1
1.237470672E1,-1.460463047E0,5.164592266E0,8.868422508E0,1.036604473E1
1.237670668E1,-1.460463047E0,5.164592266E0,8.868422508E0,1.036604473E1
1.237870625E1,-1.460463047E0,5.164592266E0,8.868422508E0,1.036604473E1
1.238070625E1,-1.460463047E0,5.164592266E0,8.868422508E0,1.036604473E1
1.238270628E1,-1.460463047E0,5.164592266E0,8.868422508E0,1.036604473E1
1.238470605E1,-1.460463047E0,5.164592266E0,8.868422508E0,1.036604473E1
1.238670608E1,-7.661445141E-1,5.370493889E0,9.170091629E0,1.065456534E1
1.238870611E1,-7.661445141E-1,5.370493889E0,9.170091629E0,1.065456534E1
1.239070761E1,-7.661445141E-1,5.370493889E0,9.170091629E0,1.065456534E1
1.239270741E1,-7.661445141E-1,5.370493889E0,9.170091629E0,1.065456534E1
1.239470745E1,-7.661445141E-1,5.370493889E0,9.170091629E0,1.065456534E1
1.239670744E1,-7.661445141E-1,5.370493889E0,9.170091629E0,1.065456534E1
1.239870741E1,-7.661445141E-1,5.370493889E0,9.170091629E0,1.065456534E1
1.240070738E1,-7.661445141E-1,5.370493889E0,9.170091629E0,1.065456534E1
1.240270734E1,-7.661445141E-1,5.370493889E0,9.170091629E0,1.065456534E1
1.240470731E1,-7.661445141E-1,5.370493889E0,9.170091629E0,1.065456534E1
1.240670751E1,-7.685387731E-1,4.429273129E0,9.256282806E0,1.029018385E1
1.240870748E1,-7.685387731E-1,4.429273129E0,9.256282806E0,1.029018385E1
1.241070831E1,-7.685387731E-1,4.429273129E0,9.256282806E0,1.029018385E1
1.241270917E1,-7.685387731E-1,4.429273129E0,9.256282806E0,1.029018385E1
1.241470854E1,-7.685387731E-1,4.429273129E0,9.256282806E0,1.029018385E1
1.241670857E1,-7.685387731E-1,4.429273129E0,9.256282806E0,1.029018385E1
1.241870861E1,-7.685387731E-1,4.429273129E0,9.256282806E0,1.029018385E1
1.242070864E1,-7.685387731E-1,4.429273129E0,9.256282806E0,1.029018385E1
1.242270867E1,-7.685387731E-1,4.429273129E0,9.256282806E0,1.029018385E1
1.242470870E1,-5.746084079E-2,4.539406300E0,8.980949402E0,1.006314878E1
1.242670874E1,-5.746084079E-2,4.539406300E0,8.980949402E0,1.006314878E1
1.242870877E1,-5.746084079E-2,4.539406300E0,8.980949402E0,1.006314878E1
1.243070790E1,-5.746084079E-2,4.539406300E0,8.980949402E0,1.006314878E1
1.243270794E1,-5.746084079E-2,4.539406300E0,8.980949402E0,1.006314878E1
1.243470794E1,-5.746084079E-2,4.539406300E0,8.980949402E0,1.006314878E1
1.243670794E1,-5.746084079E-2,4.539406300E0,8.980949402E0,1.006314878E1
1.243870834E1,-5.746084079E-2,4.539406300E0,8.980949402E0,1.006314878E1
1.244070834E1,-5.746084079E-2,4.539406300E0,8.980949402E0,1.006314878E1
1.244270830E1,-5.746084079E-2,4.539406300E0,8.980949402E0,1.006314878E1
1.244470854E1,-6.464344859E-1,4.673481941E0,8.399158478E0,9.633544215E0
1.244670850E1,-6.464344859E-1,4.673481941E0,8.399158478E0,9.633544215E0
1.244870847E1,-6.464344859E-1,4.673481941E0,8.399158478E0,9.633544215E0
1.245070697E1,-6.464344859E-1,4.673481941E0,8.399158478E0,9.633544215E0
1.245270717E1,-6.464344859E-1,4.673481941E0,8.399158478E0,9.633544215E0
1.245470713E1,-6.464344859E-1,4.673481941E0,8.399158478E0,9.633544215E0
1.245670710E1,-6.464344859E-1,4.673481941E0,8.399158478E0,9.633544215E0
1.245870710E1,-6.464344859E-1,4.673481941E0,8.399158478E0,9.633544215E0
1.246070713E1,-6.464344859E-1,4.673481941E0,8.399158478E0,9.633544215E0
1.246270717E1,-6.464344859E-1,4.673481941E0,8.399158478E0,9.633544215E0
1.246470720E1,-9.433154464E-1,3.694253206E0,8.779836655E0,9.571984249E0
1.246670723E1,-9.433154464E-1,3.694253206E0,8.779836655E0,9.571984249E0
1.246870726E1,-9.433154464E-1,3.694253206E0,8.779836655E0,9.571984249E0
1.247070643E1,-9.433154464E-1,3.694253206E0,8.779836655E0,9.571984249E0
1.247270646E1,-9.433154464E-1,3.694253206E0,8.779836655E0,9.571984249E0
1.247470686E1,-9.433154464E-1,3.694253206E0,8.779836655E0,9.571984249E0
1.247670683E1,-9.433154464E-1,3.694253206E0,8.779836655E0,9.571984249E0
1.247870680E1,-9.433154464E-1,3.694253206E0,8.779836655E0,9.571984249E0
1.248070676E1,-9.433154464E-1,3.694253206E0,8.779836655E0,9.571984249E0
1.248270673E1,-9.433154464E-1,3.694253206E0,8.779836655E0,9.571984249E0
1.248470669E1,-1.735796213E0,4.443638325E0,1.005834103E1,1.113234631E1
1.248670666E1,-1.735796213E0,4.443638325E0,1.005834103E1,1.113234631E1
1.248870663E1,-1.735796213E0,4.443638325E0,1.005834103E1,1.113234631E1
1.249070749E1,-1.735796213E0,4.443638325E0,1.005834103E1,1.113234631E1
1.249270752E1,-1.735796213E0,4.443638325E0,1.005834103E1,1.113234631E1
1.249470756E1,-1.735796213E0,4.443638325E0,1.005834103E1,1.113234631E1
1.249670759E1,-1.735796213E0,4.443638325E0,1.005834103E1,1.113234631E1
1.249870762E1,-1.735796213E0,4.443638325E0,1.005834103E1,1.113234631E1
1.250070766E1,-1.735796213E0,4.443638325E0,1.005834103E1,1.113234631E1
1.250270769E1,-1.735796213E0,4.443638325E0,1.005834103E1,1.113234631E1
1.250470772E1,-9.720458984E-1,4.560954094E0,1.020678139E1,1.122165593E1
1.250670776E1,-9.720458984E-1,4.560954094E0,1.020678139E1,1.122165593E1
1.250870776E1,-9.720458984E-1,4.560954094E0,1.020678139E1,1.122165593E1
1.251070689E1,-9.720458984E-1,4.560954094E0,1.020678139E1,1.122165593E1
1.251270742E1,-9.720458984E-1,4.560954094E0,1.020678139E1,1.122165593E1
1.251470742E1,-9.720458984E-1,4.560954094E0,1.020678139E1,1.122165593E1
1.251670742E1,-9.720458984E-1,4.560954094E0,1.020678139E1,1.122165593E1
1.251870742E1,-9.720458984E-1,4.560954094E0,1.020678139E1,1.122165593E1
1.252070739E1,-9.720458984E-1,4.560954094E0,1.020678139E1,1.122165593E1
1.252270735E1,-9.720458984E-1,4.560954094E0,1.020678139E1,1.122165593E1
1.252470732E1,-9.959878922E-1,5.320215225E0,9.687239647E0,1.109681458E1
1.252670729E1,-9.959878922E-1,5.320215225E0,9.687239647E0,1.109681458E1
1.252870725E1,-9.959878922E-1,5.320215225E0,9.687239647E0,1.109681458E1
1.253070808E1,-9.959878922E-1,5.320215225E0,9.687239647E0,1.109681458E1
1.253270805E1,-9.959878922E-1,5.320215225E0,9.687239647E0,1.109681458E1
1.253470802E1,-9.959878922E-1,5.320215225E0,9.687239647E0,1.109681458E1
1.253670802E1,-9.959878922E-1,5.320215225E0,9.687239647E0,1.109681458E1
1.253870805E1,-9.959878922E-1,5.320215225E0,9.687239647E0,1.109681458E1
1.254070808E1,-9.959878922E-1,5.320215225E0,9.687239647E0,1.109681458E1
1.254270722E1,-9.959878922E-1,5.320215225E0,9.687239647E0,1.109681458E1
1.254470725E1,-1.556231141E0,5.588366032E0,8.832509041E0,1.056716169E1
1.254670728E1,-1.556231141E0,5.588366032E0,8.832509041E0,1.056716169E1
1.254870732E1,-1.556231141E0,5.588366032E0,8.832509041E0,1.056716169E1
1.255070648E1,-1.556231141E0,5.588366032E0,8.832509041E0,1.056716169E1
1.255270561E1,-1.556231141E0,5.588366032E0,8.832509041E0,1.056716169E1
1.255470558E1,-1.556231141E0,5.588366032E0,8.832509041E0,1.056716169E1
1.255670555E1,-1.556231141E0,5.588366032E0,8.832509041E0,1.056716169E1
1.255870551E1,-1.556231141E0,5.588366032E0,8.832509041E0,1.056716169E1
1.256070548E1,-1.556231141E0,5.588366032E0,8.832509041E0,1.056716169E1
1.256270544E1,-1.556231141E0,5.588366032E0,8.832509041E0,1.056716169E1
1.256470541E1,-1.278503656E0,5.248389244E0,8.308178902E0,9.909893941E0
1.256670538E1,-1.278503656E0,5.248389244E0,8.308178902E0,9.909893941E0
1.256870538E1,-1.278503656E0,5.248389244E0,8.308178902E0,9.909893941E0
1.257070628E1,-1.278503656E0,5.248389244E0,8.308178902E0,9.909893941E0
1.257270578E1,-1.278503656E0,5.248389244E0,8.308178902E0,9.909893941E0
1.257470581E1,-1.278503656E0,5.248389244E0,8.308178902E0,9.909893941E0
1.257670584E1,-1.278503656E0,5.248389244E0,8.308178902E0,9.909893941E0
1.257870588E1,-1.278503656E0,5.248389244E0,8.308178902E0,9.909893941E0
1.258070591E1,-1.278503656E0,5.248389244E0,8.308178902E0,9.909893941E0
1.258270594E1,-1.278503656E0,5.248389244E0,8.308178902E0,9.909893941E0
1.258470597E1,-8.595184088E-1,4.888959885E0,8.214805603E0,9.598110842E0
1.258670597E1,-8.595184088E-1,4.888959885E0,8.214805603E0,9.598110842E0
1.258870597E1,-8.595184088E-1,4.888959885E0,8.214805603E0,9.598110842E0
1.259070597E1,-8.595184088E-1,4.888959885E0,8.214805603E0,9.598110842E0
1.259270597E1,-8.595184088E-1,4.888959885E0,8.214805603E0,9.598110842E0
1.259470597E1,-8.595184088E-1,4.888959885E0,8.214805603E0,9.598110842E0
1.259670597E1,-8.595184088E-1,4.888959885E0,8.214805603E0,9.598110842E0
1.259870594E1,-8.595184088E-1,4.888959885E0,8.214805603E0,9.598110842E0
1.260070591E1,-8.595184088E-1,4.888959885E0,8.214805603E0,9.598110842E0
1.260270677E1,-8.595184088E-1,4.888959885E0,8.214805603E0,9.598110842E0
1.260470674E1,-9.241618514E-1,4.644751072E0,9.124602318E0,1.028037719E1
1.260670670E1,-9.241618514E-1,4.644751072E0,9.124602318E0,1.028037719E1
1.260870667E1,-9.241618514E-1,4.644751072E0,9.124602318E0,1.028037719E1
1.261070750E1,-9.241618514E-1,4.644751072E0,9.124602318E0,1.028037719E1
1.261270834E1,-9.241618514E-1,4.644751072E0,9.124602318E0,1.028037719E1
1.261470834E1,-9.241618514E-1,4.644751072E0,9.124602318E0,1.028037719E1
1.261670834E1,-9.241618514E-1,4.644751072E0,9.124602318E0,1.028037719E1
1.261870837E1,-9.241618514E-1,4.644751072E0,9.124602318E0,1.028037719E1
1.262070840E1,-9.241618514E-1,4.644751072E0,9.124602318E0,1.028037719E1
1.262270844E1,-9.241618514E-1,4.644751072E0,9.124602318E0,1.028037719E1
1.262470807E1,-7.254431248E-1,5.061641693E0,8.698433876E0,1.009005631E1
1.262670810E1,-7.254431248E-1,5.061641693E0,8.698433876E0,1.009005631E1
1.262870813E1,-7.254431248E-1,5.061641693E0,8.698433876E0,1.009005631E1
1.263070760E1,-7.254431248E-1,5.061641693E0,8.698433876E0,1.009005631E1
1.263270757E1,-7.254431248E-1,5.061641693E0,8.698433876E0,1.009005631E1
1.263470753E1,-7.254431248E-1,5.061641693E0,8.698433876E0,1.009005631E1
1.263670750E1,-7.254431248E-1,5.061641693E0,8.698433876E0,1.009005631E1
1.263870746E1,-7.254431248E-1,5.061641693E0,8.698433876E0,1.009005631E1
1.264070743E1,-7.254431248E-1,5.061641693E0,8.698433876E0,1.009005631E1
1.264270740E1,-7.254431248E-1,5.061641693E0,8.698433876E0,1.009005631E1
1.264470736E1,-1.405396342E0,5.411195278E0,8.348880768E0,1.004788452E1
1.264670736E1,-1.405396342E0,5.411195278E0,8.348880768E0,1.004788452E1
1.264870736E1,-1.405396342E0,5.411195278E0,8.348880768E0,1.004788452E1
1.265070736E1,-1.405396342E0,5.411195278E0,8.348880768E0,1.004788452E1
1.265270736E1,-1.405396342E0,5.411195278E0,8.348880768E0,1.004788452E1
1.265470736E1,-1.405396342E0,5.411195278E0,8.348880768E0,1.004788452E1
1.265670736E1,-1.405396342E0,5.411195278E0,8.348880768E0,1.004788452E1
1.265870736E1,-1.405396342E0,5.411195278E0,8.348880768E0,1.004788452E1
1.266070736E1,-1.405396342E0,5.411195278E0,8.348880768E0,1.004788452E1
1.266270736E1,-1.405396342E0,5.411195278E0,8.348880768E0,1.004788452E1
1.266470740E1,-1.110909581E0,5.056853294E0,7.992144585E0,9.522618358E0
1.266670743E1,-1.110909581E0,5.056853294E0,7.992144585E0,9.522618358E0
1.266870746E1,-1.110909581E0,5.056853294E0,7.992144585E0,9.522618358E0
1.267070663E1,-1.110909581E0,5.056853294E0,7.992144585E0,9.522618358E0
1.267270666E1,-1.110909581E0,5.056853294E0,7.992144585E0,9.522618358E0
1.267470669E1,-1.110909581E0,5.056853294E0,7.992144585E0,9.522618358E0
1.267670673E1,-1.110909581E0,5.056853294E0,7.992144585E0,9.522618358E0
1.267870673E1,-1.110909581E0,5.056853294E0,7.992144585E0,9.522618358E0
1.268070669E1,-1.110909581E0,5.056853294E0,7.992144585E0,9.522618358E0
1.268270666E1,-1.110909581E0,5.056853294E0,7.992144585E0,9.522618358E0
1.268470702E1,-1.292868853E-1,4.364629745E0,8.157344818E0,9.252512221E0
1.268670699E1,-1.292868853E-1,4.364629745E0,8.157344818E0,9.252512221E0
1.268870696E1,-1.292868853E-1,4.364629745E0,8.157344818E0,9.252512221E0
1.269070746E1,-1.292868853E-1,4.364629745E0,8.157344818E0,9.252512221E0
1.269270746E1,-1.292868853E-1,4.364629745E0,8.157344818E0,9.252512221E0
1.269470696E1,-1.292868853E-1,4.364629745E0,8.157344818E0,9.252512221E0
1.269670699E1,-1.292868853E-1,4.364629745E0,8.157344818E0,9.252512221E0
1.269870702E1,-1.292868853E-1,4.364629745E0,8.157344818E0,9.252512221E0
1.270070706E1,-1.292868853E-1,4.364629745E0,8.157344818E0,9.252512221E0
1.270270709E1,7.900865376E-2,3.969586372E0,8.971372604E0,9.810677079E0
1.270470712E1,7.900865376E-2,3.969586372E0,8.971372604E0,9.810677079E0
1.270670715E1,7.900865376E-2,3.969586372E0,8.971372604E0,9.810677079E0
1.270870719E1,7.900865376E-2,3.969586372E0,8.971372604E0,9.810677079E0
1.271070632E1,7.900865376E-2,3.969586372E0,8.971372604E0,9.810677079E0
1.271270659E1,7.900865376E-2,3.969586372E0,8.971372604E0,9.810677079E0
1.271470659E1,7.900865376E-2,3.969586372E0,8.971372604E0,9.810677079E0
1.271670659E1,7.900865376E-2,3.969586372E0,8.971372604E0,9.810677079E0
1.271870659E1,7.900865376E-2,3.969586372E0,8.971372604E0,9.810677079E0
1.272070659E1,7.900865376E-2,3.969586372E0,8.971372604E0,9.810677079E0
1.272270659E1,-3.064578176E-1,4.220977783E0,9.028834343E0,9.971480303E0
1.272470655E1,-3.064578176E-1,4.220977783E0,9.028834343E0,9.971480303E0
1.272670652E1,-3.064578176E-1,4.220977783E0,9.028834343E0,9.971480303E0
1.272870648E1,-3.064578176E-1,4.220977783E0,9.028834343E0,9.971480303E0
1.273070732E1,-3.064578176E-1,4.220977783E0,9.028834343E0,9.971480303E0
1.273270728E1,-3.064578176E-1,4.220977783E0,9.028834343E0,9.971480303E0
1.273470725E1,-3.064578176E-1,4.220977783E0,9.028834343E0,9.971480303E0
1.273670722E1,-3.064578176E-1,4.220977783E0,9.028834343E0,9.971480303E0
1.273870762E1,-3.064578176E-1,4.220977783E0,9.028834343E0,9.971480303E0
1.274070762E1,-3.064578176E-1,4.220977783E0,9.028834343E0,9.971480303E0
1.274270765E1,-3.998316824E-1,4.204218388E0,8.490138054E0,9.482497656E0
1.274470768E1,-3.998316824E-1,4.204218388E0,8.490138054E0,9.482497656E0
1.274670771E1,-3.998316824E-1,4.204218388E0,8.490138054E0,9.482497656E0
1.274870775E1,-3.998316824E-1,4.204218388E0,8.490138054E0,9.482497656E0
1.275070691E1,-3.998316824E-1,4.204218388E0,8.490138054E0,9.482497656E0
1.275270608E1,-3.998316824E-1,4.204218388E0,8.490138054E0,9.482497656E0
1.275470661E1,-3.998316824E-1,4.204218388E0,8.490138054E0,9.482497656E0
1.275670661E1,-3.998316824E-1,4.204218388E0,8.490138054E0,9.482497656E0
1.275870658E1,-3.998316824E-1,4.204218388E0,8.490138054E0,9.482497656E0
1.276070654E1,-3.998316824E-1,4.204218388E0,8.490138054E0,9.482497656E0
1.276270651E1,9.576806426E-2,4.441244125E0,8.219594002E0,9.343208574E0
1.276470648E1,9.576806426E-2,4.441244125E0,8.219594002E0,9.343208574E0
1.276670644E1,9.576806426E-2,4.441244125E0,8.219594002E0,9.343208574E0
1.276870641E1,9.576806426E-2,4.441244125E0,8.219594002E0,9.343208574E0
1.277070727E1,9.576806426E-2,4.441244125E0,8.219594002E0,9.343208574E0
1.277270701E1,9.576806426E-2,4.441244125E0,8.219594002E0,9.343208574E0
1.277470704E1,9.576806426E-2,4.441244125E0,8.219594002E0,9.343208574E0
1.277670707E1,9.576806426E-2,4.441244125E0,8.219594002E0,9.343208574E0
1.277870671E1,9.576806426E-2,4.441244125E0,8.219594002E0,9.343208574E0
1.278070674E1,9.576806426E-2,4.441244125E0,8.219594002E0,9.343208574E0
1.278270700E1,5.267243832E-2,4.742913723E0,7.965808392E0,9.271035989E0
1.278470704E1,5.267243832E-2,4.742913723E0,7.965808392E0,9.271035989E0
1.278670707E1,5.267243832E-2,4.742913723E0,7.965808392E0,9.271035989E0
1.278870707E1,5.267243832E-2,4.742913723E0,7.965808392E0,9.271035989E0
1.279070707E1,5.267243832E-2,4.742913723E0,7.965808392E0,9.271035989E0
1.279270764E1,5.267243832E-2,4.742913723E0,7.965808392E0,9.271035989E0
1.279470764E1,5.267243832E-2,4.742913723E0,7.965808392E0,9.271035989E0
1.279670780E1,5.267243832E-2,4.742913723E0,7.965808392E0,9.271035989E0
1.279870737E1,5.267243832E-2,4.742913723E0,7.965808392E0,9.271035989E0
1.280070737E1,5.267243832E-2,4.742913723E0,7.965808392E0,9.271035989E0
1.280270734E1,-7.661445439E-2,5.243600845E0,8.052000046E0,9.609158357E0
1.280470730E1,-7.661445439E-2,5.243600845E0,8.052000046E0,9.609158357E0
1.280670727E1,-7.661445439E-2,5.243600845E0,8.052000046E0,9.609158357E0
1.280870723E1,-7.661445439E-2,5.243600845E0,8.052000046E0,9.609158357E0
1.281070807E1,-7.661445439E-2,5.243600845E0,8.052000046E0,9.609158357E0
1.281270890E1,-7.661445439E-2,5.243600845E0,8.052000046E0,9.609158357E0
1.281470886E1,-7.661445439E-2,5.243600845E0,8.052000046E0,9.609158357E0
1.281670883E1,-7.661445439E-2,5.243600845E0,8.052000046E0,9.609158357E0
1.281870883E1,-7.661445439E-2,5.243600845E0,8.052000046E0,9.609158357E0
1.282070886E1,-7.661445439E-2,5.243600845E0,8.052000046E0,9.609158357E0
1.282270890E1,-1.764526606E0,3.617638826E0,9.160514832E0,1.000579316E1
1.282470893E1,-1.764526606E0,3.617638826E0,9.160514832E0,1.000579316E1
1.282670856E1,-1.764526606E0,3.617638826E0,9.160514832E0,1.000579316E1
1.282870860E1,-1.764526606E0,3.617638826E0,9.160514832E0,1.000579316E1
1.283070773E1,-1.764526606E0,3.617638826E0,9.160514832E0,1.000579316E1
1.283270776E1,-1.764526606E0,3.617638826E0,9.160514832E0,1.000579316E1
1.283470776E1,-1.764526606E0,3.617638826E0,9.160514832E0,1.000579316E1
1.283670773E1,-1.764526606E0,3.617638826E0,9.160514832E0,1.000579316E1
1.283870809E1,-1.764526606E0,3.617638826E0,9.160514832E0,1.000579316E1
1.284070806E1,-1.764526606E0,3.617638826E0,9.160514832E0,1.000579316E1
1.284270779E1,1.192312479E0,4.118026733E0,8.693645477E0,9.693256672E0
1.284470776E1,1.192312479E0,4.118026733E0,8.693645477E0,9.693256672E0
1.284670773E1,1.192312479E0,4.118026733E0,8.693645477E0,9.693256672E0
1.284870772E1,1.192312479E0,4.118026733E0,8.693645477E0,9.693256672E0
1.285070773E1,1.192312479E0,4.118026733E0,8.693645477E0,9.693256672E0
1.285270719E1,1.192312479E0,4.118026733E0,8.693645477E0,9.693256672E0
1.285470722E1,1.192312479E0,4.118026733E0,8.693645477E0,9.693256672E0
1.285670709E1,1.192312479E0,4.118026733E0,8.693645477E0,9.693256672E0
1.285870712E1,1.192312479E0,4.118026733E0,8.693645477E0,9.693256672E0
1.286070716E1,1.192312479E0,4.118026733E0,8.693645477E0,9.693256672E0
1.286270719E1,2.130839586E0,4.805162907E0,7.386411667E0,9.065822920E0
1.286470722E1,2.130839586E0,4.805162907E0,7.386411667E0,9.065822920E0
1.286670686E1,2.130839586E0,4.805162907E0,7.386411667E0,9.065822920E0
1.286870686E1,2.130839586E0,4.805162907E0,7.386411667E0,9.065822920E0
1.287070599E1,2.130839586E0,4.805162907E0,7.386411667E0,9.065822920E0
1.287270599E1,2.130839586E0,4.805162907E0,7.386411667E0,9.065822920E0
1.287470599E1,2.130839586E0,4.805162907E0,7.386411667E0,9.065822920E0
1.287670599E1,2.130839586E0,4.805162907E0,7.386411667E0,9.065822920E0
1.287870682E1,2.130839586E0,4.805162907E0,7.386411667E0,9.065822920E0
1.288070679E1,2.130839586E0,4.805162907E0,7.386411667E0,9.065822920E0
1.288270675E1,2.080561161E0,4.690241337E0,4.788403511E0,7.018255248E0
1.288470672E1,2.080561161E0,4.690241337E0,4.788403511E0,7.018255248E0
1.288670709E1,2.080561161E0,4.690241337E0,4.788403511E0,7.018255248E0
1.288870705E1,2.080561161E0,4.690241337E0,4.788403511E0,7.018255248E0
1.289070792E1,2.080561161E0,4.690241337E0,4.788403511E0,7.018255248E0
1.289270788E1,2.080561161E0,4.690241337E0,4.788403511E0,7.018255248E0
1.289470785E1,2.080561161E0,4.690241337E0,4.788403511E0,7.018255248E0
1.289670785E1,2.080561161E0,4.690241337E0,4.788403511E0,7.018255248E0
1.289870788E1,2.080561161E0,4.690241337E0,4.788403511E0,7.018255248E0
1.290070792E1,2.080561161E0,4.690241337E0,4.788403511E0,7.018255248E0
1.290270795E1,1.683123827E0,4.024652958E0,2.509123325E0,5.032537840E0
1.290470798E1,1.683123827E0,4.024652958E0,2.509123325E0,5.032537840E0
1.290670801E1,1.683123827E0,4.024652958E0,2.509123325E0,5.032537840E0
1.290870805E1,1.683123827E0,4.024652958E0,2.509123325E0,5.032537840E0
1.291070721E1,1.683123827E0,4.024652958E0,2.509123325E0,5.032537840E0
1.291270721E1,1.683123827E0,4.024652958E0,2.509123325E0,5.032537840E0
1.291470718E1,1.683123827E0,4.024652958E0,2.509123325E0,5.032537840E0
1.291670714E1,1.683123827E0,4.024652958E0,2.509123325E0,5.032537840E0
1.291870711E1,1.683123827E0,4.024652958E0,2.509123325E0,5.032537840E0
1.292070708E1,1.683123827E0,4.024652958E0,2.509123325E0,5.032537840E0
1.292270618E1,1.575384736E0,3.960009575E0,7.829039693E-1,4.333180301E0
1.292470614E1,1.575384736E0,3.960009575E0,7.829039693E-1,4.333180301E0
1.292670608E1,1.575384736E0,3.960009575E0,7.829039693E-1,4.333180301E0
1.292870608E1,1.575384736E0,3.960009575E0,7.829039693E-1,4.333180301E0
1.293070698E1,1.575384736E0,3.960009575E0,7.829039693E-1,4.333180301E0
1.293270701E1,1.575384736E0,3.960009575E0,7.829039693E-1,4.333180301E0
1.293470704E1,1.575384736E0,3.960009575E0,7.829039693E-1,4.333180301E0
1.293670708E1,1.575384736E0,3.960009575E0,7.829039693E-1,4.333180301E0
1.293870628E1,1.575384736E0,3.960009575E0,7.829039693E-1,4.333180301E0
1.294070631E1,1.575384736E0,3.960009575E0,7.829039693E-1,4.333180301E0
1.294270634E1,1.419761658E0,3.098097086E0,-1.211466074E0,3.616846522E0
1.294470637E1,1.419761658E0,3.098097086E0,-1.211466074E0,3.616846522E0
1.294670637E1,1.419761658E0,3.098097086E0,-1.211466074E0,3.616846522E0
1.294870637E1,1.419761658E0,3.098097086E0,-1.211466074E0,3.616846522E0
1.295070551E1,1.419761658E0,3.098097086E0,-1.211466074E0,3.616846522E0
1.295270461E1,1.419761658E0,3.098097086E0,-1.211466074E0,3.616846522E0
1.295470461E1,1.419761658E0,3.098097086E0,-1.211466074E0,3.616846522E0
1.295670461E1,1.419761658E0,3.098097086E0,-1.211466074E0,3.616846522E0
1.295870457E1,1.419761658E0,3.098097086E0,-1.211466074E0,3.616846522E0
1.296070454E1,1.419761658E0,3.098097086E0,-1.211466074E0,3.616846522E0
1.296270451E1,1.173158884E0,2.360682964E0,-2.882618904E0,3.906228049E0
1.296470447E1,1.173158884E0,2.360682964E0,-2.882618904E0,3.906228049E0
1.296670444E1,1.173158884E0,2.360682964E0,-2.882618904E0,3.906228049E0
1.296870440E1,1.173158884E0,2.360682964E0,-2.882618904E0,3.906228049E0
1.297070524E1,1.173158884E0,2.360682964E0,-2.882618904E0,3.906228049E0
1.297270520E1,1.173158884E0,2.360682964E0,-2.882618904E0,3.906228049E0
1.297470520E1,1.173158884E0,2.360682964E0,-2.882618904E0,3.906228049E0
1.297670524E1,1.173158884E0,2.360682964E0,-2.882618904E0,3.906228049E0
1.297870527E1,1.173158884E0,2.360682964E0,-2.882618904E0,3.906228049E0
1.298070530E1,8.786720037E-1,1.527500629E0,-4.774038315E0,5.088886371E0
1.298270600E1,8.786720037E-1,1.527500629E0,-4.774038315E0,5.088886371E0
1.298470603E1,8.786720037E-1,1.527500629E0,-4.774038315E0,5.088886371E0
1.298670650E1,8.786720037E-1,1.527500629E0,-4.774038315E0,5.088886371E0
1.298870653E1,8.786720037E-1,1.527500629E0,-4.774038315E0,5.088886371E0
1.299070653E1,8.786720037E-1,1.527500629E0,-4.774038315E0,5.088886371E0
1.299270650E1,8.786720037E-1,1.527500629E0,-4.774038315E0,5.088886371E0
1.299470646E1,8.786720037E-1,1.527500629E0,-4.774038315E0,5.088886371E0
1.299670643E1,8.786720037E-1,1.527500629E0,-4.774038315E0,5.088886371E0
1.299870640E1,8.786720037E-1,1.527500629E0,-4.774038315E0,5.088886371E0
1.300070636E1,-7.182604820E-2,2.777273953E-1,-7.786243439E0,7.791526062E0
1.300270633E1,-7.182604820E-2,2.777273953E-1,-7.786243439E0,7.791526062E0
1.300470630E1,-7.182604820E-2,2.777273953E-1,-7.786243439E0,7.791526062E0
1.300670630E1,-7.182604820E-2,2.777273953E-1,-7.786243439E0,7.791526062E0
1.300870633E1,-7.182604820E-2,2.777273953E-1,-7.786243439E0,7.791526062E0
1.301070723E1,-7.182604820E-2,2.777273953E-1,-7.786243439E0,7.791526062E0
1.301270799E1,-7.182604820E-2,2.777273953E-1,-7.786243439E0,7.791526062E0
1.301470803E1,-7.182604820E-2,2.777273953E-1,-7.786243439E0,7.791526062E0
1.301670806E1,-7.182604820E-2,2.777273953E-1,-7.786243439E0,7.791526062E0
1.301870809E1,-7.182604820E-2,2.777273953E-1,-7.786243439E0,7.791526062E0
1.302070813E1,-8.092401624E-1,-2.178723574E0,-1.051802731E1,1.077175030E1
1.302270816E1,-8.092401624E-1,-2.178723574E0,-1.051802731E1,1.077175030E1
1.302470816E1,-8.092401624E-1,-2.178723574E0,-1.051802731E1,1.077175030E1
1.302670816E1,-8.092401624E-1,-2.178723574E0,-1.051802731E1,1.077175030E1
1.302870816E1,-8.092401624E-1,-2.178723574E0,-1.051802731E1,1.077175030E1
1.303070766E1,-8.092401624E-1,-2.178723574E0,-1.051802731E1,1.077175030E1
1.303270872E1,-8.092401624E-1,-2.178723574E0,-1.051802731E1,1.077175030E1
1.303470873E1,-8.092401624E-1,-2.178723574E0,-1.051802731E1,1.077175030E1
1.303670869E1,-8.092401624E-1,-2.178723574E0,-1.051802731E1,1.077175030E1
1.303870866E1,-8.092401624E-1,-2.178723574E0,-1.051802731E1,1.077175030E1
1.304070862E1,-1.103726983E0,-4.340687752E0,-1.095616627E1,1.183627318E1
1.304270912E1,-1.103726983E0,-4.340687752E0,-1.095616627E1,1.183627318E1
1.304470909E1,-1.103726983E0,-4.340687752E0,-1.095616627E1,1.183627318E1
1.304670906E1,-1.103726983E0,-4.340687752E0,-1.095616627E1,1.183627318E1
1.304870882E1,-1.103726983E0,-4.340687752E0,-1.095616627E1,1.183627318E1
1.305070879E1,-1.103726983E0,-4.340687752E0,-1.095616627E1,1.183627318E1
1.305270879E1,-1.103726983E0,-4.340687752E0,-1.095616627E1,1.183627318E1
1.305470882E1,-1.103726983E0,-4.340687752E0,-1.095616627E1,1.183627318E1
1.305670885E1,-1.103726983E0,-4.340687752E0,-1.095616627E1,1.183627318E1
1.305870889E1,-1.103726983E0,-4.340687752E0,-1.095616627E1,1.183627318E1
1.306070892E1,-1.489193439E0,-7.321768284E0,-1.010861874E1,1.257020925E1
1.306270895E1,-1.489193439E0,-7.321768284E0,-1.010861874E1,1.257020925E1
1.306470899E1,-1.489193439E0,-7.321768284E0,-1.010861874E1,1.257020925E1
1.306670902E1,-1.489193439E0,-7.321768284E0,-1.010861874E1,1.257020925E1
1.306870902E1,-1.489193439E0,-7.321768284E0,-1.010861874E1,1.257020925E1
1.307070812E1,-1.489193439E0,-7.321768284E0,-1.010861874E1,1.257020925E1
1.307270825E1,-1.489193439E0,-7.321768284E0,-1.010861874E1,1.257020925E1
1.307470822E1,-1.489193439E0,-7.321768284E0,-1.010861874E1,1.257020925E1
1.307670818E1,-1.489193439E0,-7.321768284E0,-1.010861874E1,1.257020925E1
1.307870815E1,-1.489193439E0,-7.321768284E0,-1.010861874E1,1.257020925E1
1.308070812E1,-2.978386879E0,-1.082687950E1,-6.567594528E0,1.300866657E1
1.308270808E1,-2.978386879E0,-1.082687950E1,-6.567594528E0,1.300866657E1
1.308470808E1,-2.978386879E0,-1.082687950E1,-6.567594528E0,1.300866657E1
1.308670811E1,-2.978386879E0,-1.082687950E1,-6.567594528E0,1.300866657E1
1.308870815E1,-2.978386879E0,-1.082687950E1,-6.567594528E0,1.300866657E1
1.309070868E1,-2.978386879E0,-1.082687950E1,-6.567594528E0,1.300866657E1
1.309270765E1,-2.978386879E0,-1.082687950E1,-6.567594528E0,1.300866657E1
1.309470768E1,-2.978386879E0,-1.082687950E1,-6.567594528E0,1.300866657E1
1.309670895E1,-2.978386879E0,-1.082687950E1,-6.567594528E0,1.300866657E1
1.309870898E1,-2.978386879E0,-1.082687950E1,-6.567594528E0,1.300866657E1
1.310070901E1,-5.585971832E0,-1.284519100E1,-2.645592928E0,1.425486496E1
1.310270868E1,-5.585971832E0,-1.284519100E1,-2.645592928E0,1.425486496E1
1.310470868E1,-5.585971832E0,-1.284519100E1,-2.645592928E0,1.425486496E1
1.310670868E1,-5.585971832E0,-1.284519100E1,-2.645592928E0,1.425486496E1
1.310870888E1,-5.585971832E0,-1.284519100E1,-2.645592928E0,1.425486496E1
1.311070801E1,-5.585971832E0,-1.284519100E1,-2.645592928E0,1.425486496E1
1.311270784E1,-5.585971832E0,-1.284519100E1,-2.645592928E0,1.425486496E1
1.311470781E1,-5.585971832E0,-1.284519100E1,-2.645592928E0,1.425486496E1
1.311670778E1,-5.585971832E0,-1.284519100E1,-2.645592928E0,1.425486496E1
1.311870774E1,-5.585971832E0,-1.284519100E1,-2.645592928E0,1.425486496E1
1.312070771E1,-7.965808392E0,-1.442297077E1,-2.439691544E0,1.665617855E1
1.312270767E1,-7.965808392E0,-1.442297077E1,-2.439691544E0,1.665617855E1
1.312470764E1,-7.965808392E0,-1.442297077E1,-2.439691544E0,1.665617855E1
1.312670760E1,-7.965808392E0,-1.442297077E1,-2.439691544E0,1.665617855E1
1.312870757E1,-7.965808392E0,-1.442297077E1,-2.439691544E0,1.665617855E1
1.313070844E1,-7.965808392E0,-1.442297077E1,-2.439691544E0,1.665617855E1
1.313270847E1,-7.965808392E0,-1.442297077E1,-2.439691544E0,1.665617855E1
1.313470850E1,-7.965808392E0,-1.442297077E1,-2.439691544E0,1.665617855E1
1.313670854E1,-7.965808392E0,-1.442297077E1,-2.439691544E0,1.665617855E1
1.313870857E1,-7.965808392E0,-1.442297077E1,-2.439691544E0,1.665617855E1
1.314070860E1,-1.124586487E1,-1.840961456E1,-2.650381327E0,2.173494666E1
1.314270864E1,-1.124586487E1,-1.840961456E1,-2.650381327E0,2.173494666E1
1.314470867E1,-1.124586487E1,-1.840961456E1,-2.650381327E0,2.173494666E1
1.314670867E1,-1.124586487E1,-1.840961456E1,-2.650381327E0,2.173494666E1
1.314870863E1,-1.124586487E1,-1.840961456E1,-2.650381327E0,2.173494666E1
1.315070773E1,-1.124586487E1,-1.840961456E1,-2.650381327E0,2.173494666E1
1.315270680E1,-1.124586487E1,-1.840961456E1,-2.650381327E0,2.173494666E1
1.315470677E1,-1.124586487E1,-1.840961456E1,-2.650381327E0,2.173494666E1
1.315670550E1,-1.124586487E1,-1.840961456E1,-2.650381327E0,2.173494666E1
1.315870546E1,-1.124586487E1,-1.840961456E1,-2.650381327E0,2.173494666E1
1.316070543E1,-1.697788239E1,-2.521902466E1,2.992752194E-1,3.040291533E1
1.316270543E1,-1.697788239E1,-2.521902466E1,2.992752194E-1,3.040291533E1
1.316470546E1,-1.697788239E1,-2.521902466E1,2.992752194E-1,3.040291533E1
1.316670550E1,-1.697788239E1,-2.521902466E1,2.992752194E-1,3.040291533E1
1.316870553E1,-1.697788239E1,-2.521902466E1,2.992752194E-1,3.040291533E1
1.317070640E1,-1.697788239E1,-2.521902466E1,2.992752194E-1,3.040291533E1
1.317270660E1,-1.697788239E1,-2.521902466E1,2.992752194E-1,3.040291533E1
1.317470663E1,-1.697788239E1,-2.521902466E1,2.992752194E-1,3.040291533E1
1.317670666E1,-1.697788239E1,-2.521902466E1,2.992752194E-1,3.040291533E1
1.317870670E1,-1.697788239E1,-2.521902466E1,2.992752194E-1,3.040291533E1
1.318070670E1,-2.546562767E1,-3.324678421E1,4.498704910E0,4.211989077E1
1.318270670E1,-2.546562767E1,-3.324678421E1,4.498704910E0,4.211989077E1
1.318470670E1,-2.546562767E1,-3.324678421E1,4.498704910E0,4.211989077E1
1.318670670E1,-2.546562767E1,-3.324678421E1,4.498704910E0,4.211989077E1
1.318870670E1,-2.546562767E1,-3.324678421E1,4.498704910E0,4.211989077E1
1.319070670E1,-2.546562767E1,-3.324678421E1,4.498704910E0,4.211989077E1
1.319270616E1,-2.546562767E1,-3.324678421E1,4.498704910E0,4.211989077E1
1.319470613E1,-2.546562767E1,-3.324678421E1,4.498704910E0,4.211989077E1
1.319670609E1,-2.546562767E1,-3.324678421E1,4.498704910E0,4.211989077E1
1.319870569E1,-2.546562767E1,-3.324678421E1,4.498704910E0,4.211989077E1
1.320070566E1,-3.468120956E1,-3.934511185E1,1.296250725E1,5.402638908E1
1.320270562E1,-3.468120956E1,-3.934511185E1,1.296250725E1,5.402638908E1
1.320470559E1,-3.468120956E1,-3.934511185E1,1.296250725E1,5.402638908E1
1.320670556E1,-3.468120956E1,-3.934511185E1,1.296250725E1,5.402638908E1
1.320870556E1,-3.468120956E1,-3.934511185E1,1.296250725E1,5.402638908E1
1.321070646E1,-3.468120956E1,-3.934511185E1,1.296250725E1,5.402638908E1
1.321270739E1,-3.468120956E1,-3.934511185E1,1.296250725E1,5.402638908E1
1.321470742E1,-3.468120956E1,-3.934511185E1,1.296250725E1,5.402638908E1
1.321670746E1,-3.468120956E1,-3.934511185E1,1.296250725E1,5.402638908E1
1.321870749E1,-3.468120956E1,-3.934511185E1,1.296250725E1,5.402638908E1
1.322070752E1,-3.762368393E1,-3.906738663E1,2.165375900E1,5.840109219E1
1.322270756E1,-3.762368393E1,-3.906738663E1,2.165375900E1,5.840109219E1
1.322470729E1,-3.762368393E1,-3.906738663E1,2.165375900E1,5.840109219E1
1.322670752E1,-3.762368393E1,-3.906738663E1,2.165375900E1,5.840109219E1
1.322870749E1,-3.762368393E1,-3.906738663E1,2.165375900E1,5.840109219E1
1.323070695E1,-3.762368393E1,-3.906738663E1,2.165375900E1,5.840109219E1
1.323270692E1,-3.762368393E1,-3.906738663E1,2.165375900E1,5.840109219E1
1.323470689E1,-3.762368393E1,-3.906738663E1,2.165375900E1,5.840109219E1
1.323670685E1,-3.762368393E1,-3.906738663E1,2.165375900E1,5.840109219E1
1.323870682E1,-3.762368393E1,-3.906738663E1,2.165375900E1,5.840109219E1
1.324070682E1,-3.948397827E1,-3.031149101E1,2.764195633E1,5.693723542E1
1.324270685E1,-3.948397827E1,-3.031149101E1,2.764195633E1,5.693723542E1
1.324470688E1,-3.948397827E1,-3.031149101E1,2.764195633E1,5.693723542E1
1.324670692E1,-3.948397827E1,-3.031149101E1,2.764195633E1,5.693723542E1
1.324870695E1,-3.948397827E1,-3.031149101E1,2.764195633E1,5.693723542E1
1.325070698E1,-3.948397827E1,-3.031149101E1,2.764195633E1,5.693723542E1
1.325270752E1,-3.948397827E1,-3.031149101E1,2.764195633E1,5.693723542E1
1.325470755E1,-3.948397827E1,-3.031149101E1,2.764195633E1,5.693723542E1
1.325670758E1,-3.948397827E1,-3.031149101E1,2.764195633E1,5.693723542E1
1.325870795E1,-4.206492615E1,-1.449719048E1,2.948070335E1,5.337357411E1
1.326070795E1,-4.206492615E1,-1.449719048E1,2.948070335E1,5.337357411E1
1.326270795E1,-4.206492615E1,-1.449719048E1,2.948070335E1,5.337357411E1
1.326470795E1,-4.206492615E1,-1.449719048E1,2.948070335E1,5.337357411E1
1.326670795E1,-4.206492615E1,-1.449719048E1,2.948070335E1,5.337357411E1
1.326870795E1,-4.206492615E1,-1.449719048E1,2.948070335E1,5.337357411E1
1.327070705E1,-4.206492615E1,-1.449719048E1,2.948070335E1,5.337357411E1
1.327270721E1,-4.206492615E1,-1.449719048E1,2.948070335E1,5.337357411E1
1.327470718E1,-4.206492615E1,-1.449719048E1,2.948070335E1,5.337357411E1
1.327670715E1,-4.206492615E1,-1.449719048E1,2.948070335E1,5.337357411E1
1.327870711E1,-3.421643448E1,-3.974374831E-1,3.544495773E1,4.926730532E1
1.328070708E1,-3.421643448E1,-3.974374831E-1,3.544495773E1,4.926730532E1
1.328270704E1,-3.421643448E1,-3.974374831E-1,3.544495773E1,4.926730532E1
1.328470728E1,-3.421643448E1,-3.974374831E-1,3.544495773E1,4.926730532E1
1.328670701E1,-3.421643448E1,-3.974374831E-1,3.544495773E1,4.926730532E1
1.328870704E1,-3.421643448E1,-3.974374831E-1,3.544495773E1,4.926730532E1
1.329070761E1,-3.421643448E1,-3.974374831E-1,3.544495773E1,4.926730532E1
1.329270764E1,-3.421643448E1,-3.974374831E-1,3.544495773E1,4.926730532E1
1.329470767E1,-3.421643448E1,-3.974374831E-1,3.544495773E1,4.926730532E1
1.329670771E1,-3.421643448E1,-3.974374831E-1,3.544495773E1,4.926730532E1
1.329870774E1,-1.760995293E1,-6.565200329E0,3.971382141E1,4.393631651E1
1.330070777E1,-1.760995293E1,-6.565200329E0,3.971382141E1,4.393631651E1
1.330270777E1,-1.760995293E1,-6.565200329E0,3.971382141E1,4.393631651E1
1.330470774E1,-1.760995293E1,-6.565200329E0,3.971382141E1,4.393631651E1
1.330670770E1,-1.760995293E1,-6.565200329E0,3.971382141E1,4.393631651E1
1.330870767E1,-1.760995293E1,-6.565200329E0,3.971382141E1,4.393631651E1
1.331070677E1,-1.760995293E1,-6.565200329E0,3.971382141E1,4.393631651E1
1.331270727E1,-1.760995293E1,-6.565200329E0,3.971382141E1,4.393631651E1
1.331470724E1,-1.760995293E1,-6.565200329E0,3.971382141E1,4.393631651E1
1.331670720E1,-1.760995293E1,-6.565200329E0,3.971382141E1,4.393631651E1
1.331870720E1,-1.412848377E1,-8.854057312E0,2.733070946E1,3.201524737E1
1.332070724E1,-1.412848377E1,-8.854057312E0,2.733070946E1,3.201524737E1
1.332270727E1,-1.412848377E1,-8.854057312E0,2.733070946E1,3.201524737E1
1.332470730E1,-1.412848377E1,-8.854057312E0,2.733070946E1,3.201524737E1
1.332670734E1,-1.412848377E1,-8.854057312E0,2.733070946E1,3.201524737E1
1.332870737E1,-1.412848377E1,-8.854057312E0,2.733070946E1,3.201524737E1
1.333070827E1,-1.412848377E1,-8.854057312E0,2.733070946E1,3.201524737E1
1.333270810E1,-1.412848377E1,-8.854057312E0,2.733070946E1,3.201524737E1
1.333470813E1,-1.412848377E1,-8.854057312E0,2.733070946E1,3.201524737E1
1.333670813E1,-1.412848377E1,-8.854057312E0,2.733070946E1,3.201524737E1
1.333870813E1,-2.446455193E1,-5.186140060E0,1.990359688E1,3.196190730E1
1.334070813E1,-2.446455193E1,-5.186140060E0,1.990359688E1,3.196190730E1
1.334270810E1,-2.446455193E1,-5.186140060E0,1.990359688E1,3.196190730E1
1.334470810E1,-2.446455193E1,-5.186140060E0,1.990359688E1,3.196190730E1
1.334670810E1,-2.446455193E1,-5.186140060E0,1.990359688E1,3.196190730E1
1.334870807E1,-2.446455193E1,-5.186140060E0,1.990359688E1,3.196190730E1
1.335070717E1,-2.446455193E1,-5.186140060E0,1.990359688E1,3.196190730E1
1.335270627E1,-2.446455193E1,-5.186140060E0,1.990359688E1,3.196190730E1
1.335470623E1,-2.446455193E1,-5.186140060E0,1.990359688E1,3.196190730E1
1.335670620E1,-2.446455193E1,-5.186140060E0,1.990359688E1,3.196190730E1
1.335870616E1,-2.911917877E1,-2.477998734E0,2.311182785E1,3.725887326E1
1.336070613E1,-2.911917877E1,-2.477998734E0,2.311182785E1,3.725887326E1
1.336270610E1,-2.911917877E1,-2.477998734E0,2.311182785E1,3.725887326E1
1.336470610E1,-2.911917877E1,-2.477998734E0,2.311182785E1,3.725887326E1
1.336670610E1,-2.911917877E1,-2.477998734E0,2.311182785E1,3.725887326E1
1.336870613E1,-2.911917877E1,-2.477998734E0,2.311182785E1,3.725887326E1
1.337070703E1,-2.911917877E1,-2.477998734E0,2.311182785E1,3.725887326E1
1.337270653E1,-2.911917877E1,-2.477998734E0,2.311182785E1,3.725887326E1
1.337470656E1,-2.911917877E1,-2.477998734E0,2.311182785E1,3.725887326E1
1.337670660E1,-2.911917877E1,-2.477998734E0,2.311182785E1,3.725887326E1
1.337870663E1,-2.522620773E1,-8.724770546E0,2.566195107E1,3.702727252E1
1.338070663E1,-2.522620773E1,-8.724770546E0,2.566195107E1,3.702727252E1
1.338270659E1,-2.522620773E1,-8.724770546E0,2.566195107E1,3.702727252E1
1.338470656E1,-2.522620773E1,-8.724770546E0,2.566195107E1,3.702727252E1
1.338670653E1,-2.522620773E1,-8.724770546E0,2.566195107E1,3.702727252E1
1.338870649E1,-2.522620773E1,-8.724770546E0,2.566195107E1,3.702727252E1
1.339070679E1,-2.522620773E1,-8.724770546E0,2.566195107E1,3.702727252E1
1.339270676E1,-2.522620773E1,-8.724770546E0,2.566195107E1,3.702727252E1
1.339470672E1,-2.522620773E1,-8.724770546E0,2.566195107E1,3.702727252E1
1.339670672E1,-2.522620773E1,-8.724770546E0,2.566195107E1,3.702727252E1
1.339870676E1,-2.233131790E1,-1.506252098E1,2.422752571E1,3.622899805E1
1.340070679E1,-2.233131790E1,-1.506252098E1,2.422752571E1,3.622899805E1
1.340270686E1,-2.233131790E1,-1.506252098E1,2.422752571E1,3.622899805E1
1.340470769E1,-2.233131790E1,-1.506252098E1,2.422752571E1,3.622899805E1
1.340670772E1,-2.233131790E1,-1.506252098E1,2.422752571E1,3.622899805E1
1.340870776E1,-2.233131790E1,-1.506252098E1,2.422752571E1,3.622899805E1
1.341070866E1,-2.233131790E1,-1.506252098E1,2.422752571E1,3.622899805E1
1.341270956E1,-2.233131790E1,-1.506252098E1,2.422752571E1,3.622899805E1
1.341470956E1,-2.233131790E1,-1.506252098E1,2.422752571E1,3.622899805E1
1.341670956E1,-2.233131790E1,-1.506252098E1,2.422752571E1,3.622899805E1
1.341870956E1,-2.083015251E1,-1.759079933E1,2.208950424E1,3.508956643E1
1.342070956E1,-2.083015251E1,-1.759079933E1,2.208950424E1,3.508956643E1
1.342270956E1,-2.083015251E1,-1.759079933E1,2.208950424E1,3.508956643E1
1.342470956E1,-2.083015251E1,-1.759079933E1,2.208950424E1,3.508956643E1
1.342670956E1,-2.083015251E1,-1.759079933E1,2.208950424E1,3.508956643E1
1.342870952E1,-2.083015251E1,-1.759079933E1,2.208950424E1,3.508956643E1
1.343070859E1,-2.083015251E1,-1.759079933E1,2.208950424E1,3.508956643E1
1.343270855E1,-2.083015251E1,-1.759079933E1,2.208950424E1,3.508956643E1
1.343470852E1,-2.083015251E1,-1.759079933E1,2.208950424E1,3.508956643E1
1.343670848E1,-2.083015251E1,-1.759079933E1,2.208950424E1,3.508956643E1
1.343870845E1,-1.989402008E1,-1.882381248E1,2.118928337E1,3.462793210E1
1.344070842E1,-1.989402008E1,-1.882381248E1,2.118928337E1,3.462793210E1
1.344270842E1,-1.989402008E1,-1.882381248E1,2.118928337E1,3.462793210E1
1.344470842E1,-1.989402008E1,-1.882381248E1,2.118928337E1,3.462793210E1
1.344670845E1,-1.989402008E1,-1.882381248E1,2.118928337E1,3.462793210E1
1.344870848E1,-1.989402008E1,-1.882381248E1,2.118928337E1,3.462793210E1
1.345070818E1,-1.989402008E1,-1.882381248E1,2.118928337E1,3.462793210E1
1.345270822E1,-1.989402008E1,-1.882381248E1,2.118928337E1,3.462793210E1
1.345470825E1,-1.989402008E1,-1.882381248E1,2.118928337E1,3.462793210E1
1.345670828E1,-1.989402008E1,-1.882381248E1,2.118928337E1,3.462793210E1
1.345870828E1,-1.682225990E1,-1.962108231E1,1.873762131E1,3.192293457E1
1.346070825E1,-1.682225990E1,-1.962108231E1,1.873762131E1,3.192293457E1
1.346270821E1,-1.682225990E1,-1.962108231E1,1.873762131E1,3.192293457E1
1.346470738E1,-1.682225990E1,-1.962108231E1,1.873762131E1,3.192293457E1
1.346670735E1,-1.682225990E1,-1.962108231E1,1.873762131E1,3.192293457E1
1.346870731E1,-1.682225990E1,-1.962108231E1,1.873762131E1,3.192293457E1
1.347070641E1,-1.682225990E1,-1.962108231E1,1.873762131E1,3.192293457E1
1.347270604E1,-1.682225990E1,-1.962108231E1,1.873762131E1,3.192293457E1
1.347470605E1,-1.682225990E1,-1.962108231E1,1.873762131E1,3.192293457E1
1.347670608E1,-1.682225990E1,-1.962108231E1,1.873762131E1,3.192293457E1
1.347870611E1,-1.196173096E1,-2.004246140E1,1.575923443E1,2.816268340E1
1.348070614E1,-1.196173096E1,-2.004246140E1,1.575923443E1,2.816268340E1
1.348270618E1,-1.196173096E1,-2.004246140E1,1.575923443E1,2.816268340E1
1.348470621E1,-1.196173096E1,-2.004246140E1,1.575923443E1,2.816268340E1
1.348670624E1,-1.196173096E1,-2.004246140E1,1.575923443E1,2.816268340E1
1.348870628E1,-1.196173096E1,-2.004246140E1,1.575923443E1,2.816268340E1
1.349070721E1,-1.196173096E1,-2.004246140E1,1.575923443E1,2.816268340E1
1.349270721E1,-1.196173096E1,-2.004246140E1,1.575923443E1,2.816268340E1
1.349470721E1,-1.196173096E1,-2.004246140E1,1.575923443E1,2.816268340E1
1.349670704E1,-1.196173096E1,-2.004246140E1,1.575923443E1,2.816268340E1
1.349870704E1,-7.027281284E0,-1.987965584E1,9.823708534E0,2.326131226E1
1.350070704E1,-7.027281284E0,-1.987965584E1,9.823708534E0,2.326131226E1
1.350270704E1,-7.027281284E0,-1.987965584E1,9.823708534E0,2.326131226E1
1.350470704E1,-7.027281284E0,-1.987965584E1,9.823708534E0,2.326131226E1
1.350670701E1,-7.027281284E0,-1.987965584E1,9.823708534E0,2.326131226E1
1.350870697E1,-7.027281284E0,-1.987965584E1,9.823708534E0,2.326131226E1
1.351070607E1,-7.027281284E0,-1.987965584E1,9.823708534E0,2.326131226E1
1.351270604E1,-7.027281284E0,-1.987965584E1,9.823708534E0,2.326131226E1
1.351470601E1,-7.027281284E0,-1.987965584E1,9.823708534E0,2.326131226E1
1.351670597E1,-7.027281284E0,-1.987965584E1,9.823708534E0,2.326131226E1
1.351870594E1,-5.380070686E0,-1.773205566E1,5.248389244E0,1.925919386E1
1.352070594E1,-5.380070686E0,-1.773205566E1,5.248389244E0,1.925919386E1
1.352270594E1,-5.380070686E0,-1.773205566E1,5.248389244E0,1.925919386E1
1.352470597E1,-5.380070686E0,-1.773205566E1,5.248389244E0,1.925919386E1
1.352670600E1,-5.380070686E0,-1.773205566E1,5.248389244E0,1.925919386E1
1.352870604E1,-5.380070686E0,-1.773205566E1,5.248389244E0,1.925919386E1
1.353070694E1,-5.380070686E0,-1.773205566E1,5.248389244E0,1.925919386E1
1.353270730E1,-5.380070686E0,-1.773205566E1,5.248389244E0,1.925919386E1
1.353470734E1,-5.380070686E0,-1.773205566E1,5.248389244E0,1.925919386E1
1.353670734E1,-4.881777287E0,-1.449719048E1,1.805228114E0,1.540321816E1
1.353870730E1,-4.881777287E0,-1.449719048E1,1.805228114E0,1.540321816E1
1.354070727E1,-4.881777287E0,-1.449719048E1,1.805228114E0,1.540321816E1
1.354270723E1,-4.881777287E0,-1.449719048E1,1.805228114E0,1.540321816E1
1.354470720E1,-4.881777287E0,-1.449719048E1,1.805228114E0,1.540321816E1
1.354670717E1,-4.881777287E0,-1.449719048E1,1.805228114E0,1.540321816E1
1.354870713E1,-4.881777287E0,-1.449719048E1,1.805228114E0,1.540321816E1
1.355070623E1,-4.881777287E0,-1.449719048E1,1.805228114E0,1.540321816E1
1.355270537E1,-4.881777287E0,-1.449719048E1,1.805228114E0,1.540321816E1
1.355470536E1,-4.881777287E0,-1.449719048E1,1.805228114E0,1.540321816E1
1.355670553E1,-3.579331636E0,-1.101123333E1,-1.125274822E-1,1.157892641E1
1.355870553E1,-3.579331636E0,-1.101123333E1,-1.125274822E-1,1.157892641E1
1.356070553E1,-3.579331636E0,-1.101123333E1,-1.125274822E-1,1.157892641E1
1.356270553E1,-3.579331636E0,-1.101123333E1,-1.125274822E-1,1.157892641E1
1.356470553E1,-3.579331636E0,-1.101123333E1,-1.125274822E-1,1.157892641E1
1.356670553E1,-3.579331636E0,-1.101123333E1,-1.125274822E-1,1.157892641E1
1.356870553E1,-3.579331636E0,-1.101123333E1,-1.125274822E-1,1.157892641E1
1.357070643E1,-3.579331636E0,-1.101123333E1,-1.125274822E-1,1.157892641E1
1.357270646E1,-3.579331636E0,-1.101123333E1,-1.125274822E-1,1.157892641E1
1.357470650E1,-3.579331636E0,-1.101123333E1,-1.125274822E-1,1.157892641E1
1.357670653E1,-2.207453966E0,-8.154950142E0,-1.628057122E0,8.603873245E0
1.357870656E1,-2.207453966E0,-8.154950142E0,-1.628057122E0,8.603873245E0
1.358070660E1,-2.207453966E0,-8.154950142E0,-1.628057122E0,8.603873245E0
1.358270663E1,-2.207453966E0,-8.154950142E0,-1.628057122E0,8.603873245E0
1.358470663E1,-2.207453966E0,-8.154950142E0,-1.628057122E0,8.603873245E0
1.358670660E1,-2.207453966E0,-8.154950142E0,-1.628057122E0,8.603873245E0
1.358870656E1,-2.207453966E0,-8.154950142E0,-1.628057122E0,8.603873245E0
1.359070653E1,-2.207453966E0,-8.154950142E0,-1.628057122E0,8.603873245E0
1.359270649E1,-2.207453966E0,-8.154950142E0,-1.628057122E0,8.603873245E0
1.359470646E1,-2.207453966E0,-8.154950142E0,-1.628057122E0,8.603873245E0
1.359670642E1,-1.125274777E0,-5.873276234E0,-2.171540976E0,6.362170011E0
1.359870553E1,-1.125274777E0,-5.873276234E0,-2.171540976E0,6.362170011E0
1.360070552E1,-1.125274777E0,-5.873276234E0,-2.171540976E0,6.362170011E0
1.360270556E1,-1.125274777E0,-5.873276234E0,-2.171540976E0,6.362170011E0
1.360470559E1,-1.125274777E0,-5.873276234E0,-2.171540976E0,6.362170011E0
1.360670522E1,-1.125274777E0,-5.873276234E0,-2.171540976E0,6.362170011E0
1.360870526E1,-1.125274777E0,-5.873276234E0,-2.171540976E0,6.362170011E0
1.361070616E1,-1.125274777E0,-5.873276234E0,-2.171540976E0,6.362170011E0
1.361270706E1,-1.125274777E0,-5.873276234E0,-2.171540976E0,6.362170011E0
1.361470709E1,-1.125274777E0,-5.873276234E0,-2.171540976E0,6.362170011E0
1.361670712E1,1.316810995E-1,-4.493916512E0,-2.674323320E0,5.231121366E0
1.361870712E1,1.316810995E-1,-4.493916512E0,-2.674323320E0,5.231121366E0
1.362070712E1,1.316810995E-1,-4.493916512E0,-2.674323320E0,5.231121366E0
1.362270712E1,1.316810995E-1,-4.493916512E0,-2.674323320E0,5.231121366E0
1.362470712E1,1.316810995E-1,-4.493916512E0,-2.674323320E0,5.231121366E0
1.362670712E1,1.316810995E-1,-4.493916512E0,-2.674323320E0,5.231121366E0
1.362870712E1,1.316810995E-1,-4.493916512E0,-2.674323320E0,5.231121366E0
1.363070619E1,1.316810995E-1,-4.493916512E0,-2.674323320E0,5.231121366E0
1.363270616E1,1.316810995E-1,-4.493916512E0,-2.674323320E0,5.231121366E0
1.363470612E1,1.316810995E-1,-4.493916512E0,-2.674323320E0,5.231121366E0
1.363670609E1,1.103726983E0,-3.191470861E0,-2.317587137E0,4.095718454E0
1.363870605E1,1.103726983E0,-3.191470861E0,-2.317587137E0,4.095718454E0
1.364070602E1,1.103726983E0,-3.191470861E0,-2.317587137E0,4.095718454E0
1.364270599E1,1.103726983E0,-3.191470861E0,-2.317587137E0,4.095718454E0
1.364470595E1,1.103726983E0,-3.191470861E0,-2.317587137E0,4.095718454E0
1.364670595E1,1.103726983E0,-3.191470861E0,-2.317587137E0,4.095718454E0
1.364870598E1,1.103726983E0,-3.191470861E0,-2.317587137E0,4.095718454E0
1.365070602E1,1.103726983E0,-3.191470861E0,-2.317587137E0,4.095718454E0
1.365270605E1,1.103726983E0,-3.191470861E0,-2.317587137E0,4.095718454E0
1.365470608E1,1.103726983E0,-3.191470861E0,-2.317587137E0,4.095718454E0
1.365670612E1,1.786074519E0,-1.747767210E0,-2.319981337E0,3.409848356E0
1.365870705E1,1.786074519E0,-1.747767210E0,-2.319981337E0,3.409848356E0
1.366070708E1,1.786074519E0,-1.747767210E0,-2.319981337E0,3.409848356E0
1.366270708E1,1.786074519E0,-1.747767210E0,-2.319981337E0,3.409848356E0
1.366470705E1,1.786074519E0,-1.747767210E0,-2.319981337E0,3.409848356E0
1.366670741E1,1.786074519E0,-1.747767210E0,-2.319981337E0,3.409848356E0
1.366870738E1,1.786074519E0,-1.747767210E0,-2.319981337E0,3.409848356E0
1.367070648E1,1.786074519E0,-1.747767210E0,-2.319981337E0,3.409848356E0
1.367270645E1,1.786074519E0,-1.747767210E0,-2.319981337E0,3.409848356E0
1.367470641E1,1.786074519E0,-1.747767210E0,-2.319981337E0,3.409848356E0
1.367670638E1,2.458845139E0,-5.099649429E-1,-2.590526342E0,3.607881704E0
1.367870638E1,2.458845139E0,-5.099649429E-1,-2.590526342E0,3.607881704E0
1.368070641E1,2.458845139E0,-5.099649429E-1,-2.590526342E0,3.607881704E0
1.368270644E1,2.458845139E0,-5.099649429E-1,-2.590526342E0,3.607881704E0
1.368470648E1,2.458845139E0,-5.099649429E-1,-2.590526342E0,3.607881704E0
1.368670651E1,2.458845139E0,-5.099649429E-1,-2.590526342E0,3.607881704E0
1.368870654E1,2.458845139E0,-5.099649429E-1,-2.590526342E0,3.607881704E0
1.369070744E1,2.458845139E0,-5.099649429E-1,-2.590526342E0,3.607881704E0
1.369270831E1,2.458845139E0,-5.099649429E-1,-2.590526342E0,3.607881704E0
1.369470834E1,2.458845139E0,-5.099649429E-1,-2.590526342E0,3.607881704E0
1.369670834E1,3.239354849E0,2.226607651E-1,-2.013523579E0,3.820638017E0
1.369870834E1,3.239354849E0,2.226607651E-1,-2.013523579E0,3.820638017E0
1.370070834E1,3.239354849E0,2.226607651E-1,-2.013523579E0,3.820638017E0
1.370270834E1,3.239354849E0,2.226607651E-1,-2.013523579E0,3.820638017E0
1.370470834E1,3.239354849E0,2.226607651E-1,-2.013523579E0,3.820638017E0
1.370670834E1,3.239354849E0,2.226607651E-1,-2.013523579E0,3.820638017E0
1.370870831E1,3.239354849E0,2.226607651E-1,-2.013523579E0,3.820638017E0
1.371070741E1,3.239354849E0,2.226607651E-1,-2.013523579E0,3.820638017E0
1.371270757E1,3.239354849E0,2.226607651E-1,-2.013523579E0,3.820638017E0
1.371470754E1,3.239354849E0,2.226607651E-1,-2.013523579E0,3.820638017E0
1.371670751E1,4.285621166E0,4.405331016E-1,-2.801215947E-1,4.317300812E0
1.371870747E1,4.285621166E0,4.405331016E-1,-2.801215947E-1,4.317300812E0
1.372070744E1,4.285621166E0,4.405331016E-1,-2.801215947E-1,4.317300812E0
1.372270740E1,4.285621166E0,4.405331016E-1,-2.801215947E-1,4.317300812E0
1.372470740E1,4.285621166E0,4.405331016E-1,-2.801215947E-1,4.317300812E0
1.372670744E1,4.285621166E0,4.405331016E-1,-2.801215947E-1,4.317300812E0
1.372870747E1,4.285621166E0,4.405331016E-1,-2.801215947E-1,4.317300812E0
1.373070837E1,4.285621166E0,4.405331016E-1,-2.801215947E-1,4.317300812E0
1.373270840E1,4.285621166E0,4.405331016E-1,-2.801215947E-1,4.317300812E0
1.373470844E1,4.285621166E0,4.405331016E-1,-2.801215947E-1,4.317300812E0
1.373670847E1,4.455609322E0,7.613561153E-1,9.217676520E-1,4.613217225E0
1.373870850E1,4.455609322E0,7.613561153E-1,9.217676520E-1,4.613217225E0
1.374070850E1,4.455609322E0,7.613561153E-1,9.217676520E-1,4.613217225E0
1.374270847E1,4.455609322E0,7.613561153E-1,9.217676520E-1,4.613217225E0
1.374470843E1,4.455609322E0,7.613561153E-1,9.217676520E-1,4.613217225E0
1.374670840E1,4.455609322E0,7.613561153E-1,9.217676520E-1,4.613217225E0
1.374870837E1,4.455609322E0,7.613561153E-1,9.217676520E-1,4.613217225E0
1.375070750E1,4.455609322E0,7.613561153E-1,9.217676520E-1,4.613217225E0
1.375270576E1,4.455609322E0,7.613561153E-1,9.217676520E-1,4.613217225E0
1.375470573E1,4.455609322E0,7.613561153E-1,9.217676520E-1,4.613217225E0
1.375670573E1,4.266467571E0,1.810016513E0,1.288080573E0,4.810203413E0
1.375870576E1,4.266467571E0,1.810016513E0,1.288080573E0,4.810203413E0
1.376070576E1,4.266467571E0,1.810016513E0,1.288080573E0,4.810203413E0
1.376270580E1,4.266467571E0,1.810016513E0,1.288080573E0,4.810203413E0
1.376470583E1,4.266467571E0,1.810016513E0,1.288080573E0,4.810203413E0
1.376670586E1,4.266467571E0,1.810016513E0,1.288080573E0,4.810203413E0
1.376870590E1,4.266467571E0,1.810016513E0,1.288080573E0,4.810203413E0
1.377070680E1,4.266467571E0,1.810016513E0,1.288080573E0,4.810203413E0
1.377270663E1,4.266467571E0,1.810016513E0,1.288080573E0,4.810203413E0
1.377470663E1,4.266467571E0,1.810016513E0,1.288080573E0,4.810203413E0
1.377670663E1,2.834734917E0,2.973598480E0,1.221042871E0,4.285901966E0
1.377870663E1,2.834734917E0,2.973598480E0,1.221042871E0,4.285901966E0
1.378070663E1,2.834734917E0,2.973598480E0,1.221042871E0,4.285901966E0
1.378270663E1,2.834734917E0,2.973598480E0,1.221042871E0,4.285901966E0
1.378470663E1,2.834734917E0,2.973598480E0,1.221042871E0,4.285901966E0
1.378670660E1,2.834734917E0,2.973598480E0,1.221042871E0,4.285901966E0
1.378870656E1,2.834734917E0,2.973598480E0,1.221042871E0,4.285901966E0
1.379070653E1,2.834734917E0,2.973598480E0,1.221042871E0,4.285901966E0
1.379270649E1,2.834734917E0,2.973598480E0,1.221042871E0,4.285901966E0
1.379470616E1,1.644816518E0,3.548206806E0,4.417302132E0,5.899809407E0
1.379670612E1,1.644816518E0,3.548206806E0,4.417302132E0,5.899809407E0
1.379870609E1,1.644816518E0,3.548206806E0,4.417302132E0,5.899809407E0
1.380070606E1,1.644816518E0,3.548206806E0,4.417302132E0,5.899809407E0
1.380270606E1,1.644816518E0,3.548206806E0,4.417302132E0,5.899809407E0
1.380470609E1,1.644816518E0,3.548206806E0,4.417302132E0,5.899809407E0
1.380670612E1,1.644816518E0,3.548206806E0,4.417302132E0,5.899809407E0
1.380870616E1,1.644816518E0,3.548206806E0,4.417302132E0,5.899809407E0
1.381070706E1,1.644816518E0,3.548206806E0,4.417302132E0,5.899809407E0
1.381270796E1,1.644816518E0,3.548206806E0,4.417302132E0,5.899809407E0
1.381470799E1,-9.002198577E-1,3.998316765E0,7.939472198E0,8.934883969E0
1.381670802E1,-9.002198577E-1,3.998316765E0,7.939472198E0,8.934883969E0
1.381870802E1,-9.002198577E-1,3.998316765E0,7.939472198E0,8.934883969E0
1.382070802E1,-9.002198577E-1,3.998316765E0,7.939472198E0,8.934883969E0
1.382270799E1,-9.002198577E-1,3.998316765E0,7.939472198E0,8.934883969E0
1.382470795E1,-9.002198577E-1,3.998316765E0,7.939472198E0,8.934883969E0
1.382670792E1,-9.002198577E-1,3.998316765E0,7.939472198E0,8.934883969E0
1.382870789E1,-9.002198577E-1,3.998316765E0,7.939472198E0,8.934883969E0
1.383070695E1,-9.002198577E-1,3.998316765E0,7.939472198E0,8.934883969E0
1.383270692E1,-9.002198577E-1,3.998316765E0,7.939472198E0,8.934883969E0
1.383470692E1,1.297657371E0,5.609913826E0,9.069535255E0,1.074297526E1
1.383670695E1,1.297657371E0,5.609913826E0,9.069535255E0,1.074297526E1
1.383870698E1,1.297657371E0,5.609913826E0,9.069535255E0,1.074297526E1
1.384070702E1,1.297657371E0,5.609913826E0,9.069535255E0,1.074297526E1
1.384270705E1,1.297657371E0,5.609913826E0,9.069535255E0,1.074297526E1
1.384470642E1,1.297657371E0,5.609913826E0,9.069535255E0,1.074297526E1
1.384670645E1,1.297657371E0,5.609913826E0,9.069535255E0,1.074297526E1
1.384870648E1,1.297657371E0,5.609913826E0,9.069535255E0,1.074297526E1
1.385070652E1,1.297657371E0,5.609913826E0,9.069535255E0,1.074297526E1
1.385270652E1,1.297657371E0,5.609913826E0,9.069535255E0,1.074297526E1
1.385470682E1,6.464344859E-1,5.696105003E0,7.070376873E0,9.102401819E0
1.385670682E1,6.464344859E-1,5.696105003E0,7.070376873E0,9.102401819E0
1.385870682E1,6.464344859E-1,5.696105003E0,7.070376873E0,9.102401819E0
1.386070682E1,6.464344859E-1,5.696105003E0,7.070376873E0,9.102401819E0
1.386270682E1,6.464344859E-1,5.696105003E0,7.070376873E0,9.102401819E0
1.386470678E1,6.464344859E-1,5.696105003E0,7.070376873E0,9.102401819E0
1.386670675E1,6.464344859E-1,5.696105003E0,7.070376873E0,9.102401819E0
1.386870671E1,6.464344859E-1,5.696105003E0,7.070376873E0,9.102401819E0
1.387070581E1,6.464344859E-1,5.696105003E0,7.070376873E0,9.102401819E0
1.387270578E1,6.464344859E-1,5.696105003E0,7.070376873E0,9.102401819E0
1.387470574E1,-1.436521020E-2,6.203675747E0,5.617096424E0,8.368845283E0
1.387670571E1,-1.436521020E-2,6.203675747E0,5.617096424E0,8.368845283E0
1.387870568E1,-1.436521020E-2,6.203675747E0,5.617096424E0,8.368845283E0
1.388070568E1,-1.436521020E-2,6.203675747E0,5.617096424E0,8.368845283E0
1.388270571E1,-1.436521020E-2,6.203675747E0,5.617096424E0,8.368845283E0
1.388470574E1,-1.436521020E-2,6.203675747E0,5.617096424E0,8.368845283E0
1.388670578E1,-1.436521020E-2,6.203675747E0,5.617096424E0,8.368845283E0
1.388870581E1,-1.436521020E-2,6.203675747E0,5.617096424E0,8.368845283E0
1.389070674E1,-1.436521020E-2,6.203675747E0,5.617096424E0,8.368845283E0
1.389270678E1,-1.436521020E-2,6.203675747E0,5.617096424E0,8.368845283E0
1.389470681E1,-3.591302633E-1,6.969820499E0,5.267542839E0,8.743819526E0
1.389670681E1,-3.591302633E-1,6.969820499E0,5.267542839E0,8.743819526E0
1.389870677E1,-3.591302633E-1,6.969820499E0,5.267542839E0,8.743819526E0
1.390070674E1,-3.591302633E-1,6.969820499E0,5.267542839E0,8.743819526E0
1.390270671E1,-3.591302633E-1,6.969820499E0,5.267542839E0,8.743819526E0
1.390470734E1,-3.591302633E-1,6.969820499E0,5.267542839E0,8.743819526E0
1.390670731E1,-3.591302633E-1,6.969820499E0,5.267542839E0,8.743819526E0
1.390870727E1,-3.591302633E-1,6.969820499E0,5.267542839E0,8.743819526E0
1.391070637E1,-3.591302633E-1,6.969820499E0,5.267542839E0,8.743819526E0
1.391270547E1,-3.591302633E-1,6.969820499E0,5.267542839E0,8.743819526E0
1.391470550E1,-5.027823448E-1,7.254730225E0,6.371270180E0,9.668349622E0
1.391670554E1,-5.027823448E-1,7.254730225E0,6.371270180E0,9.668349622E0
1.391870557E1,-5.027823448E-1,7.254730225E0,6.371270180E0,9.668349622E0
1.392070560E1,-5.027823448E-1,7.254730225E0,6.371270180E0,9.668349622E0
1.392270564E1,-5.027823448E-1,7.254730225E0,6.371270180E0,9.668349622E0
1.392470567E1,-5.027823448E-1,7.254730225E0,6.371270180E0,9.668349622E0
1.392670570E1,-5.027823448E-1,7.254730225E0,6.371270180E0,9.668349622E0
1.392870574E1,-5.027823448E-1,7.254730225E0,6.371270180E0,9.668349622E0
1.393070660E1,-5.027823448E-1,7.254730225E0,6.371270180E0,9.668349622E0
1.393270660E1,-5.027823448E-1,7.254730225E0,6.371270180E0,9.668349622E0
1.393470660E1,-5.506663769E-2,6.984185696E0,7.664138794E0,1.036922879E1
1.393670620E1,-5.506663769E-2,6.984185696E0,7.664138794E0,1.036922879E1
1.393870600E1,-5.506663769E-2,6.984185696E0,7.664138794E0,1.036922879E1
1.394070600E1,-5.506663769E-2,6.984185696E0,7.664138794E0,1.036922879E1
1.394270597E1,-5.506663769E-2,6.984185696E0,7.664138794E0,1.036922879E1
1.394470593E1,-5.506663769E-2,6.984185696E0,7.664138794E0,1.036922879E1
1.394670590E1,-5.506663769E-2,6.984185696E0,7.664138794E0,1.036922879E1
1.394870586E1,-5.506663769E-2,6.984185696E0,7.664138794E0,1.036922879E1
1.395070497E1,-5.506663769E-2,6.984185696E0,7.664138794E0,1.036922879E1
1.395270406E1,-5.506663769E-2,6.984185696E0,7.664138794E0,1.036922879E1
1.395470403E1,-1.532289088E-1,6.704063892E0,7.872434616E0,1.034133350E1
1.395670400E1,-1.532289088E-1,6.704063892E0,7.872434616E0,1.034133350E1
1.395870400E1,-1.532289088E-1,6.704063892E0,7.872434616E0,1.034133350E1
1.396070403E1,-1.532289088E-1,6.704063892E0,7.872434616E0,1.034133350E1
1.396270406E1,-1.532289088E-1,6.704063892E0,7.872434616E0,1.034133350E1
1.396470410E1,-1.532289088E-1,6.704063892E0,7.872434616E0,1.034133350E1
1.396670413E1,-1.532289088E-1,6.704063892E0,7.872434616E0,1.034133350E1
1.396870416E1,-1.532289088E-1,6.704063892E0,7.872434616E0,1.034133350E1
1.397070423E1,-1.532289088E-1,6.704063892E0,7.872434616E0,1.034133350E1
1.397270516E1,-1.532289088E-1,6.704063892E0,7.872434616E0,1.034133350E1
1.397470516E1,-3.447650373E-1,6.299443722E0,6.917148113E0,9.362093364E0
1.397670513E1,-3.447650373E-1,6.299443722E0,6.917148113E0,9.362093364E0
1.397870509E1,-3.447650373E-1,6.299443722E0,6.917148113E0,9.362093364E0
1.398070506E1,-3.447650373E-1,6.299443722E0,6.917148113E0,9.362093364E0
1.398270503E1,-3.447650373E-1,6.299443722E0,6.917148113E0,9.362093364E0
1.398470499E1,-3.447650373E-1,6.299443722E0,6.917148113E0,9.362093364E0
1.398670496E1,-3.447650373E-1,6.299443722E0,6.917148113E0,9.362093364E0
1.398870492E1,-3.447650373E-1,6.299443722E0,6.917148113E0,9.362093364E0
1.399070492E1,-3.447650373E-1,6.299443722E0,6.917148113E0,9.362093364E0
1.399270496E1,-3.447650373E-1,6.299443722E0,6.917148113E0,9.362093364E0
1.399470499E1,-1.448492050E0,7.072771072E0,5.760748386E0,9.236256917E0
1.399670542E1,-1.448492050E0,7.072771072E0,5.760748386E0,9.236256917E0
1.399870566E1,-1.448492050E0,7.072771072E0,5.760748386E0,9.236256917E0
1.400070569E1,-1.448492050E0,7.072771072E0,5.760748386E0,9.236256917E0
1.400270572E1,-1.448492050E0,7.072771072E0,5.760748386E0,9.236256917E0
1.400470575E1,-1.448492050E0,7.072771072E0,5.760748386E0,9.236256917E0
1.400670579E1,-1.448492050E0,7.072771072E0,5.760748386E0,9.236256917E0
1.400870579E1,-1.448492050E0,7.072771072E0,5.760748386E0,9.236256917E0
1.401070665E1,-1.448492050E0,7.072771072E0,5.760748386E0,9.236256917E0
1.401270752E1,-1.448492050E0,7.072771072E0,5.760748386E0,9.236256917E0
1.401470752E1,-1.738190413E0,7.135020256E0,6.897994518E0,1.007532373E1
1.401670752E1,-1.738190413E0,7.135020256E0,6.897994518E0,1.007532373E1
1.401870752E1,-1.738190413E0,7.135020256E0,6.897994518E0,1.007532373E1
1.402070748E1,-1.738190413E0,7.135020256E0,6.897994518E0,1.007532373E1
1.402270745E1,-1.738190413E0,7.135020256E0,6.897994518E0,1.007532373E1
1.402470742E1,-1.738190413E0,7.135020256E0,6.897994518E0,1.007532373E1
1.402670662E1,-1.738190413E0,7.135020256E0,6.897994518E0,1.007532373E1
1.402870658E1,-1.738190413E0,7.135020256E0,6.897994518E0,1.007532373E1
1.403070648E1,-1.738190413E0,7.135020256E0,6.897994518E0,1.007532373E1
1.403270645E1,-1.738190413E0,7.135020256E0,6.897994518E0,1.007532373E1
1.403470642E1,-1.721431017E0,7.285854816E0,9.234735489E0,1.188811779E1
1.403670642E1,-1.721431017E0,7.285854816E0,9.234735489E0,1.188811779E1
1.403870645E1,-1.721431017E0,7.285854816E0,9.234735489E0,1.188811779E1
1.404070648E1,-1.721431017E0,7.285854816E0,9.234735489E0,1.188811779E1
1.404270651E1,-1.721431017E0,7.285854816E0,9.234735489E0,1.188811779E1
1.404470655E1,-1.721431017E0,7.285854816E0,9.234735489E0,1.188811779E1
1.404670658E1,-1.721431017E0,7.285854816E0,9.234735489E0,1.188811779E1
1.404870661E1,-1.721431017E0,7.285854816E0,9.234735489E0,1.188811779E1
1.405070665E1,-1.721431017E0,7.285854816E0,9.234735489E0,1.188811779E1
1.405270665E1,-1.721431017E0,7.285854816E0,9.234735489E0,1.188811779E1
1.405470661E1,-3.002328873E0,7.345710278E0,8.954613686E0,1.196488798E1
1.405670658E1,-3.002328873E0,7.345710278E0,8.954613686E0,1.196488798E1
1.405870654E1,-3.002328873E0,7.345710278E0,8.954613686E0,1.196488798E1
1.406070651E1,-3.002328873E0,7.345710278E0,8.954613686E0,1.196488798E1
1.406270648E1,-3.002328873E0,7.345710278E0,8.954613686E0,1.196488798E1
1.406470644E1,-3.002328873E0,7.345710278E0,8.954613686E0,1.196488798E1
1.406670641E1,-3.002328873E0,7.345710278E0,8.954613686E0,1.196488798E1
1.406870641E1,-3.002328873E0,7.345710278E0,8.954613686E0,1.196488798E1
1.407070557E1,-3.002328873E0,7.345710278E0,8.954613686E0,1.196488798E1
1.407270561E1,-1.187524080E0,5.921160221E0,8.147768021E0,1.014181816E1
1.407470564E1,-1.187524080E0,5.921160221E0,8.147768021E0,1.014181816E1
1.407670567E1,-1.187524080E0,5.921160221E0,8.147768021E0,1.014181816E1
1.407870571E1,-1.187524080E0,5.921160221E0,8.147768021E0,1.014181816E1
1.408070574E1,-1.187524080E0,5.921160221E0,8.147768021E0,1.014181816E1
1.408270577E1,-1.187524080E0,5.921160221E0,8.147768021E0,1.014181816E1
1.408470580E1,-1.187524080E0,5.921160221E0,8.147768021E0,1.014181816E1
1.408670657E1,-1.187524080E0,5.921160221E0,8.147768021E0,1.014181816E1
1.408870657E1,-1.187524080E0,5.921160221E0,8.147768021E0,1.014181816E1
1.409070747E1,-1.187524080E0,5.921160221E0,8.147768021E0,1.014181816E1
1.409270747E1,-3.351882473E-2,5.092766285E0,7.384017467E0,8.970011477E0
1.409470747E1,-3.351882473E-2,5.092766285E0,7.384017467E0,8.970011477E0
1.409670747E1,-3.351882473E-2,5.092766285E0,7.384017467E0,8.970011477E0
1.409870744E1,-3.351882473E-2,5.092766285E0,7.384017467E0,8.970011477E0
1.410070740E1,-3.351882473E-2,5.092766285E0,7.384017467E0,8.970011477E0
1.410270737E1,-3.351882473E-2,5.092766285E0,7.384017467E0,8.970011477E0
1.410470734E1,-3.351882473E-2,5.092766285E0,7.384017467E0,8.970011477E0
1.410670730E1,-3.351882473E-2,5.092766285E0,7.384017467E0,8.970011477E0
1.410870727E1,-3.351882473E-2,5.092766285E0,7.384017467E0,8.970011477E0
1.411070637E1,-3.351882473E-2,5.092766285E0,7.384017467E0,8.970011477E0
1.411270633E1,3.782838583E-1,4.841075897E0,6.953061104E0,8.480812062E0
1.411470633E1,3.782838583E-1,4.841075897E0,6.953061104E0,8.480812062E0
1.411670633E1,3.782838583E-1,4.841075897E0,6.953061104E0,8.480812062E0
1.411870637E1,3.782838583E-1,4.841075897E0,6.953061104E0,8.480812062E0
1.412070640E1,3.782838583E-1,4.841075897E0,6.953061104E0,8.480812062E0
1.412270643E1,3.782838583E-1,4.841075897E0,6.953061104E0,8.480812062E0
1.412470647E1,3.782838583E-1,4.841075897E0,6.953061104E0,8.480812062E0
1.412670760E1,3.782838583E-1,4.841075897E0,6.953061104E0,8.480812062E0
1.412870763E1,3.782838583E-1,4.841075897E0,6.953061104E0,8.480812062E0
1.413070850E1,3.782838583E-1,4.841075897E0,6.953061104E0,8.480812062E0
1.413270846E1,-4.285621047E-1,5.545270443E0,7.350498676E0,9.217565869E0
1.413470843E1,-4.285621047E-1,5.545270443E0,7.350498676E0,9.217565869E0
1.413670840E1,-4.285621047E-1,5.545270443E0,7.350498676E0,9.217565869E0
1.413870836E1,-4.285621047E-1,5.545270443E0,7.350498676E0,9.217565869E0
1.414070833E1,-4.285621047E-1,5.545270443E0,7.350498676E0,9.217565869E0
1.414270829E1,-4.285621047E-1,5.545270443E0,7.350498676E0,9.217565869E0
1.414470826E1,-4.285621047E-1,5.545270443E0,7.350498676E0,9.217565869E0
1.414670826E1,-4.285621047E-1,5.545270443E0,7.350498676E0,9.217565869E0
1.414870826E1,-1.422155857E0,6.569988728E0,7.855675220E0,1.033919302E1
1.415070739E1,-1.422155857E0,6.569988728E0,7.855675220E0,1.033919302E1
1.415270653E1,-1.422155857E0,6.569988728E0,7.855675220E0,1.033919302E1
1.415470653E1,-1.422155857E0,6.569988728E0,7.855675220E0,1.033919302E1
1.415670652E1,-1.422155857E0,6.569988728E0,7.855675220E0,1.033919302E1
1.415870653E1,-1.422155857E0,6.569988728E0,7.855675220E0,1.033919302E1
1.416070652E1,-1.422155857E0,6.569988728E0,7.855675220E0,1.033919302E1
1.416270652E1,-1.422155857E0,6.569988728E0,7.855675220E0,1.033919302E1
1.416470656E1,-1.422155857E0,6.569988728E0,7.855675220E0,1.033919302E1
1.416670659E1,-1.422155857E0,6.569988728E0,7.855675220E0,1.033919302E1
1.416870662E1,-1.422155857E0,6.569988728E0,7.855675220E0,1.033919302E1
1.417070752E1,-1.422155857E0,6.569988728E0,7.855675220E0,1.033919302E1
1.417270756E1,-1.467645645E0,6.577171326E0,8.104672432E0,1.054034542E1
1.417470759E1,-1.467645645E0,6.577171326E0,8.104672432E0,1.054034542E1
1.417670762E1,-1.467645645E0,6.577171326E0,8.104672432E0,1.054034542E1
1.417870762E1,-1.467645645E0,6.577171326E0,8.104672432E0,1.054034542E1
1.418070759E1,-1.467645645E0,6.577171326E0,8.104672432E0,1.054034542E1
1.418270756E1,-1.467645645E0,6.577171326E0,8.104672432E0,1.054034542E1
1.418470752E1,-1.467645645E0,6.577171326E0,8.104672432E0,1.054034542E1
1.418670639E1,-1.467645645E0,6.577171326E0,8.104672432E0,1.054034542E1
1.418870635E1,-1.467645645E0,6.577171326E0,8.104672432E0,1.054034542E1
1.419070632E1,-1.467645645E0,6.577171326E0,8.104672432E0,1.054034542E1
1.419270632E1,-6.248866320E-1,5.657797813E0,8.047211647E0,9.856915070E0
1.419470632E1,-6.248866320E-1,5.657797813E0,8.047211647E0,9.856915070E0
1.419670659E1,-6.248866320E-1,5.657797813E0,8.047211647E0,9.856915070E0
1.419870662E1,-6.248866320E-1,5.657797813E0,8.047211647E0,9.856915070E0
1.420070665E1,-6.248866320E-1,5.657797813E0,8.047211647E0,9.856915070E0
1.420270668E1,-6.248866320E-1,5.657797813E0,8.047211647E0,9.856915070E0
1.420470672E1,-6.248866320E-1,5.657797813E0,8.047211647E0,9.856915070E0
1.420670675E1,-6.248866320E-1,5.657797813E0,8.047211647E0,9.856915070E0
1.420870668E1,-6.248866320E-1,5.657797813E0,8.047211647E0,9.856915070E0
1.421070755E1,-6.248866320E-1,5.657797813E0,8.047211647E0,9.856915070E0
1.421270842E1,-3.782838583E-1,4.963479519E0,7.503727436E0,9.004729482E0
1.421470842E1,-3.782838583E-1,4.963479519E0,7.503727436E0,9.004729482E0
1.421670842E1,-3.782838583E-1,4.963479519E0,7.503727436E0,9.004729482E0
1.421870805E1,-3.782838583E-1,4.963479519E0,7.503727436E0,9.004729482E0
1.422070805E1,-3.782838583E-1,4.963479519E0,7.503727436E0,9.004729482E0
1.422270805E1,-3.782838583E-1,4.963479519E0,7.503727436E0,9.004729482E0
1.422470801E1,-3.782838583E-1,4.963479519E0,7.503727436E0,9.004729482E0
1.422670798E1,-3.782838583E-1,4.963479519E0,7.503727436E0,9.004729482E0
1.422870795E1,-3.782838583E-1,4.963479519E0,7.503727436E0,9.004729482E0
1.423070701E1,-3.782838583E-1,4.963479519E0,7.503727436E0,9.004729482E0
1.423270698E1,-5.817909837E-1,4.467580318E0,7.056011677E0,8.371681757E0
1.423470694E1,-5.817909837E-1,4.467580318E0,7.056011677E0,8.371681757E0
1.423670691E1,-5.817909837E-1,4.467580318E0,7.056011677E0,8.371681757E0
1.423870688E1,-5.817909837E-1,4.467580318E0,7.056011677E0,8.371681757E0
1.424070688E1,-5.817909837E-1,4.467580318E0,7.056011677E0,8.371681757E0
1.424270691E1,-5.817909837E-1,4.467580318E0,7.056011677E0,8.371681757E0
1.424470694E1,-5.817909837E-1,4.467580318E0,7.056011677E0,8.371681757E0
1.424670698E1,-5.817909837E-1,4.467580318E0,7.056011677E0,8.371681757E0
1.424870701E1,-5.817909837E-1,4.467580318E0,7.056011677E0,8.371681757E0
1.425070704E1,-5.817909837E-1,4.467580318E0,7.056011677E0,8.371681757E0
1.425270707E1,-1.197100878E0,5.111919880E0,7.518092632E0,9.169868712E0
1.425470711E1,-1.197100878E0,5.111919880E0,7.518092632E0,9.169868712E0
1.425670687E1,-1.197100878E0,5.111919880E0,7.518092632E0,9.169868712E0
1.425870684E1,-1.197100878E0,5.111919880E0,7.518092632E0,9.169868712E0
1.426070681E1,-1.197100878E0,5.111919880E0,7.518092632E0,9.169868712E0
1.426270677E1,-1.197100878E0,5.111919880E0,7.518092632E0,9.169868712E0
1.426470674E1,-1.197100878E0,5.111919880E0,7.518092632E0,9.169868712E0
1.426670670E1,-1.197100878E0,5.111919880E0,7.518092632E0,9.169868712E0
1.426870677E1,-2.042253971E0,6.407183170E0,8.162133217E0,1.057559531E1
1.427070590E1,-2.042253971E0,6.407183170E0,8.162133217E0,1.057559531E1
1.427270590E1,-2.042253971E0,6.407183170E0,8.162133217E0,1.057559531E1
1.427470594E1,-2.042253971E0,6.407183170E0,8.162133217E0,1.057559531E1
1.427670597E1,-2.042253971E0,6.407183170E0,8.162133217E0,1.057559531E1
1.427870637E1,-2.042253971E0,6.407183170E0,8.162133217E0,1.057559531E1
1.428070640E1,-2.042253971E0,6.407183170E0,8.162133217E0,1.057559531E1
1.428270643E1,-2.042253971E0,6.407183170E0,8.162133217E0,1.057559531E1
1.428470647E1,-2.042253971E0,6.407183170E0,8.162133217E0,1.057559531E1
1.428670650E1,-2.042253971E0,6.407183170E0,8.162133217E0,1.057559531E1
1.428870650E1,-2.042253971E0,6.407183170E0,8.162133217E0,1.057559531E1
1.429070740E1,-2.042253971E0,6.407183170E0,8.162133217E0,1.057559531E1
1.429270740E1,-2.142810583E0,6.778284073E0,8.126219749E0,1.079686156E1
1.429470740E1,-2.142810583E0,6.778284073E0,8.126219749E0,1.079686156E1
1.429670740E1,-2.142810583E0,6.778284073E0,8.126219749E0,1.079686156E1
1.429870740E1,-2.142810583E0,6.778284073E0,8.126219749E0,1.079686156E1
1.430070740E1,-2.142810583E0,6.778284073E0,8.126219749E0,1.079686156E1
1.430270737E1,-2.142810583E0,6.778284073E0,8.126219749E0,1.079686156E1
1.430470733E1,-2.142810583E0,6.778284073E0,8.126219749E0,1.079686156E1
1.430670730E1,-2.142810583E0,6.778284073E0,8.126219749E0,1.079686156E1
1.430870753E1,-1.594538331E0,6.464643955E0,7.807791233E0,1.026137310E1
1.431070663E1,-1.594538331E0,6.464643955E0,7.807791233E0,1.026137310E1
1.431270573E1,-1.594538331E0,6.464643955E0,7.807791233E0,1.026137310E1
1.431470570E1,-1.594538331E0,6.464643955E0,7.807791233E0,1.026137310E1
1.431670566E1,-1.594538331E0,6.464643955E0,7.807791233E0,1.026137310E1
1.431870566E1,-1.594538331E0,6.464643955E0,7.807791233E0,1.026137310E1
1.432070570E1,-1.594538331E0,6.464643955E0,7.807791233E0,1.026137310E1
1.432270573E1,-1.594538331E0,6.464643955E0,7.807791233E0,1.026137310E1
1.432470576E1,-1.594538331E0,6.464643955E0,7.807791233E0,1.026137310E1
1.432670580E1,-1.594538331E0,6.464643955E0,7.807791233E0,1.026137310E1
1.432870583E1,-1.594538331E0,6.464643955E0,7.807791233E0,1.026137310E1
1.433070673E1,-1.594538331E0,6.464643955E0,7.807791233E0,1.026137310E1
1.433270676E1,-8.259995580E-1,5.188534260E0,7.142202854E0,8.866466300E0
1.433470676E1,-8.259995580E-1,5.188534260E0,7.142202854E0,8.866466300E0
1.433670673E1,-8.259995580E-1,5.188534260E0,7.142202854E0,8.866466300E0
1.433870669E1,-8.259995580E-1,5.188534260E0,7.142202854E0,8.866466300E0
1.434070626E1,-8.259995580E-1,5.188534260E0,7.142202854E0,8.866466300E0
1.434270622E1,-8.259995580E-1,5.188534260E0,7.142202854E0,8.866466300E0
1.434470619E1,-8.259995580E-1,5.188534260E0,7.142202854E0,8.866466300E0
1.434670572E1,-8.259995580E-1,5.188534260E0,7.142202854E0,8.866466300E0
1.434870572E1,-8.499416113E-1,5.272331238E0,7.175721645E0,8.944878901E0
1.435070486E1,-8.499416113E-1,5.272331238E0,7.175721645E0,8.944878901E0
1.435270416E1,-8.499416113E-1,5.272331238E0,7.175721645E0,8.944878901E0
1.435470419E1,-8.499416113E-1,5.272331238E0,7.175721645E0,8.944878901E0
1.435670426E1,-8.499416113E-1,5.272331238E0,7.175721645E0,8.944878901E0
1.435870429E1,-8.499416113E-1,5.272331238E0,7.175721645E0,8.944878901E0
1.436070396E1,-8.499416113E-1,5.272331238E0,7.175721645E0,8.944878901E0
1.436270399E1,-8.499416113E-1,5.272331238E0,7.175721645E0,8.944878901E0
1.436470402E1,-8.499416113E-1,5.272331238E0,7.175721645E0,8.944878901E0
1.436670405E1,-8.499416113E-1,5.272331238E0,7.175721645E0,8.944878901E0
1.436870379E1,-8.499416113E-1,5.272331238E0,7.175721645E0,8.944878901E0
1.437070465E1,-1.036689281E0,6.663362503E0,7.355287075E0,9.978746037E0
1.437270552E1,-1.036689281E0,6.663362503E0,7.355287075E0,9.978746037E0
1.437470552E1,-1.036689281E0,6.663362503E0,7.355287075E0,9.978746037E0
1.437670552E1,-1.036689281E0,6.663362503E0,7.355287075E0,9.978746037E0
1.437870552E1,-1.036689281E0,6.663362503E0,7.355287075E0,9.978746037E0
1.438070548E1,-1.036689281E0,6.663362503E0,7.355287075E0,9.978746037E0
1.438270545E1,-1.036689281E0,6.663362503E0,7.355287075E0,9.978746037E0
1.438470542E1,-1.036689281E0,6.663362503E0,7.355287075E0,9.978746037E0
1.438670538E1,-1.036689281E0,6.663362503E0,7.355287075E0,9.978746037E0
1.438870535E1,-1.036689281E0,6.663362503E0,7.355287075E0,9.978746037E0
1.439070532E1,-2.059013397E-1,7.094318867E0,7.738358974E0,1.050018834E1
1.439270528E1,-2.059013397E-1,7.094318867E0,7.738358974E0,1.050018834E1
1.439470525E1,-2.059013397E-1,7.094318867E0,7.738358974E0,1.050018834E1
1.439670525E1,-2.059013397E-1,7.094318867E0,7.738358974E0,1.050018834E1
1.439870528E1,-2.059013397E-1,7.094318867E0,7.738358974E0,1.050018834E1
1.440070571E1,-2.059013397E-1,7.094318867E0,7.738358974E0,1.050018834E1
1.440270575E1,-2.059013397E-1,7.094318867E0,7.738358974E0,1.050018834E1
1.440470578E1,-2.059013397E-1,7.094318867E0,7.738358974E0,1.050018834E1
1.440670624E1,-2.059013397E-1,7.094318867E0,7.738358974E0,1.050018834E1
1.440870628E1,-2.059013397E-1,7.094318867E0,7.738358974E0,1.050018834E1
1.441070718E1,2.360682964E0,6.036081791E0,8.617031097E0,1.078240847E1
1.441270791E1,2.360682964E0,6.036081791E0,8.617031097E0,1.078240847E1
1.441470788E1,2.360682964E0,6.036081791E0,8.617031097E0,1.078240847E1
1.441670781E1,2.360682964E0,6.036081791E0,8.617031097E0,1.078240847E1
1.441870778E1,2.360682964E0,6.036081791E0,8.617031097E0,1.078240847E1
1.442070811E1,2.360682964E0,6.036081791E0,8.617031097E0,1.078240847E1
1.442270808E1,2.360682964E0,6.036081791E0,8.617031097E0,1.078240847E1
1.442470804E1,2.360682964E0,6.036081791E0,8.617031097E0,1.078240847E1
1.442670801E1,2.360682964E0,6.036081791E0,8.617031097E0,1.078240847E1
1.442870801E1,2.973598480E0,5.466261864E0,1.029536629E1,1.202983265E1
1.443070717E1,2.973598480E0,5.466261864E0,1.029536629E1,1.202983265E1
1.443270721E1,2.973598480E0,5.466261864E0,1.029536629E1,1.202983265E1
1.443470724E1,2.973598480E0,5.466261864E0,1.029536629E1,1.202983265E1
1.443670727E1,2.973598480E0,5.466261864E0,1.029536629E1,1.202983265E1
1.443870731E1,2.973598480E0,5.466261864E0,1.029536629E1,1.202983265E1
1.444070734E1,2.973598480E0,5.466261864E0,1.029536629E1,1.202983265E1
1.444270737E1,2.973598480E0,5.466261864E0,1.029536629E1,1.202983265E1
1.444470740E1,2.973598480E0,5.466261864E0,1.029536629E1,1.202983265E1
1.444670740E1,2.973598480E0,5.466261864E0,1.029536629E1,1.202983265E1
1.444870740E1,2.973598480E0,5.466261864E0,1.029536629E1,1.202983265E1
1.445070740E1,5.741594791E0,7.096713066E0,1.075505352E1,1.410675098E1
1.445270740E1,5.741594791E0,7.096713066E0,1.075505352E1,1.410675098E1
1.445470740E1,5.741594791E0,7.096713066E0,1.075505352E1,1.410675098E1
1.445670740E1,5.741594791E0,7.096713066E0,1.075505352E1,1.410675098E1
1.445870737E1,5.741594791E0,7.096713066E0,1.075505352E1,1.410675098E1
1.446070734E1,5.741594791E0,7.096713066E0,1.075505352E1,1.410675098E1
1.446270730E1,5.741594791E0,7.096713066E0,1.075505352E1,1.410675098E1
1.446470727E1,5.741594791E0,7.096713066E0,1.075505352E1,1.410675098E1
1.446670723E1,5.741594791E0,7.096713066E0,1.075505352E1,1.410675098E1
1.446870720E1,5.040093899E0,6.388029575E0,9.464578629E0,1.248149498E1
1.447070630E1,5.040093899E0,6.388029575E0,9.464578629E0,1.248149498E1
1.447270627E1,5.040093899E0,6.388029575E0,9.464578629E0,1.248149498E1
1.447470627E1,5.040093899E0,6.388029575E0,9.464578629E0,1.248149498E1
1.447670630E1,5.040093899E0,6.388029575E0,9.464578629E0,1.248149498E1
1.447870633E1,5.040093899E0,6.388029575E0,9.464578629E0,1.248149498E1
1.448070637E1,5.040093899E0,6.388029575E0,9.464578629E0,1.248149498E1
1.448270640E1,5.040093899E0,6.388029575E0,9.464578629E0,1.248149498E1
1.448470643E1,5.040093899E0,6.388029575E0,9.464578629E0,1.248149498E1
1.448670646E1,5.040093899E0,6.388029575E0,9.464578629E0,1.248149498E1
1.448870650E1,5.040093899E0,6.388029575E0,9.464578629E0,1.248149498E1
1.449070736E1,4.206612587E0,9.498097420E0,9.122207642E0,1.382476460E1
1.449270733E1,4.206612587E0,9.498097420E0,9.122207642E0,1.382476460E1
1.449470730E1,4.206612587E0,9.498097420E0,9.122207642E0,1.382476460E1
1.449670726E1,4.206612587E0,9.498097420E0,9.122207642E0,1.382476460E1
1.449870723E1,4.206612587E0,9.498097420E0,9.122207642E0,1.382476460E1
1.450070719E1,4.206612587E0,9.498097420E0,9.122207642E0,1.382476460E1
1.450270716E1,4.206612587E0,9.498097420E0,9.122207642E0,1.382476460E1
1.450470713E1,4.206612587E0,9.498097420E0,9.122207642E0,1.382476460E1
1.450670712E1,4.206612587E0,9.498097420E0,9.122207642E0,1.382476460E1
1.450870716E1,2.628833532E0,8.210017204E0,5.679345608E0,1.032328023E1
1.451070632E1,2.628833532E0,8.210017204E0,5.679345608E0,1.032328023E1
1.451270736E1,2.628833532E0,8.210017204E0,5.679345608E0,1.032328023E1
1.451470739E1,2.628833532E0,8.210017204E0,5.679345608E0,1.032328023E1
1.451670742E1,2.628833532E0,8.210017204E0,5.679345608E0,1.032328023E1
1.451870746E1,2.628833532E0,8.210017204E0,5.679345608E0,1.032328023E1
1.452070749E1,2.628833532E0,8.210017204E0,5.679345608E0,1.032328023E1
1.452270752E1,2.628833532E0,8.210017204E0,5.679345608E0,1.032328023E1
1.452470752E1,2.628833532E0,8.210017204E0,5.679345608E0,1.032328023E1
1.452670752E1,2.628833532E0,8.210017204E0,5.679345608E0,1.032328023E1
1.452870752E1,2.628833532E0,8.210017204E0,5.679345608E0,1.032328023E1
1.453070839E1,2.123656988E0,5.909189224E0,6.572382927E0,9.089810429E0
1.453270839E1,2.123656988E0,5.909189224E0,6.572382927E0,9.089810429E0
1.453470839E1,2.123656988E0,5.909189224E0,6.572382927E0,9.089810429E0
1.453670835E1,2.123656988E0,5.909189224E0,6.572382927E0,9.089810429E0
1.453870832E1,2.123656988E0,5.909189224E0,6.572382927E0,9.089810429E0
1.454070829E1,2.123656988E0,5.909189224E0,6.572382927E0,9.089810429E0
1.454270825E1,2.123656988E0,5.909189224E0,6.572382927E0,9.089810429E0
1.454470822E1,2.123656988E0,5.909189224E0,6.572382927E0,9.089810429E0
1.454670818E1,2.123656988E0,5.909189224E0,6.572382927E0,9.089810429E0
1.454870752E1,1.362300754E0,5.473444462E0,7.628225803E0,9.487058898E0
1.455070662E1,1.362300754E0,5.473444462E0,7.628225803E0,9.487058898E0
1.455270572E1,1.362300754E0,5.473444462E0,7.628225803E0,9.487058898E0
1.455470575E1,1.362300754E0,5.473444462E0,7.628225803E0,9.487058898E0
1.455670578E1,1.362300754E0,5.473444462E0,7.628225803E0,9.487058898E0
1.455870595E1,1.362300754E0,5.473444462E0,7.628225803E0,9.487058898E0
1.456070558E1,1.362300754E0,5.473444462E0,7.628225803E0,9.487058898E0
1.456270562E1,1.362300754E0,5.473444462E0,7.628225803E0,9.487058898E0
1.456470565E1,1.362300754E0,5.473444462E0,7.628225803E0,9.487058898E0
1.456670568E1,1.362300754E0,5.473444462E0,7.628225803E0,9.487058898E0
1.456870568E1,1.362300754E0,5.473444462E0,7.628225803E0,9.487058898E0
1.457070651E1,4.572925270E-1,5.794267178E0,7.216423035E0,9.266035290E0
1.457270548E1,4.572925270E-1,5.794267178E0,7.216423035E0,9.266035290E0
1.457470545E1,4.572925270E-1,5.794267178E0,7.216423035E0,9.266035290E0
1.457670541E1,4.572925270E-1,5.794267178E0,7.216423035E0,9.266035290E0
1.457870538E1,4.572925270E-1,5.794267178E0,7.216423035E0,9.266035290E0
1.458070534E1,4.572925270E-1,5.794267178E0,7.216423035E0,9.266035290E0
1.458270531E1,4.572925270E-1,5.794267178E0,7.216423035E0,9.266035290E0
1.458470531E1,4.572925270E-1,5.794267178E0,7.216423035E0,9.266035290E0
1.458670534E1,4.572925270E-1,5.794267178E0,7.216423035E0,9.266035290E0
1.458870538E1,-1.048660398E0,5.152621269E0,6.021716595E0,7.994389615E0
1.459070541E1,-1.048660398E0,5.152621269E0,6.021716595E0,7.994389615E0
1.459270544E1,-1.048660398E0,5.152621269E0,6.021716595E0,7.994389615E0
1.459470548E1,-1.048660398E0,5.152621269E0,6.021716595E0,7.994389615E0
1.459670551E1,-1.048660398E0,5.152621269E0,6.021716595E0,7.994389615E0
1.459870554E1,-1.048660398E0,5.152621269E0,6.021716595E0,7.994389615E0
1.460070557E1,-1.048660398E0,5.152621269E0,6.021716595E0,7.994389615E0
1.460270557E1,-1.048660398E0,5.152621269E0,6.021716595E0,7.994389615E0
1.460470557E1,-1.048660398E0,5.152621269E0,6.021716595E0,7.994389615E0
1.460670557E1,-1.048660398E0,5.152621269E0,6.021716595E0,7.994389615E0
1.460870621E1,-2.777273893E0,3.586514235E0,5.552453041E0,7.169802606E0
1.461070707E1,-2.777273893E0,3.586514235E0,5.552453041E0,7.169802606E0
1.461270797E1,-2.777273893E0,3.586514235E0,5.552453041E0,7.169802606E0
1.461470794E1,-2.777273893E0,3.586514235E0,5.552453041E0,7.169802606E0
1.461670790E1,-2.777273893E0,3.586514235E0,5.552453041E0,7.169802606E0
1.461870774E1,-2.777273893E0,3.586514235E0,5.552453041E0,7.169802606E0
1.462070810E1,-2.777273893E0,3.586514235E0,5.552453041E0,7.169802606E0
1.462270807E1,-2.777273893E0,3.586514235E0,5.552453041E0,7.169802606E0
1.462470804E1,-2.777273893E0,3.586514235E0,5.552453041E0,7.169802606E0
1.462670800E1,-2.777273893E0,3.586514235E0,5.552453041E0,7.169802606E0
1.462870797E1,-9.002198577E-1,5.942708015E0,7.254730225E0,9.421108479E0
1.463070707E1,-9.002198577E-1,5.942708015E0,7.254730225E0,9.421108479E0
1.463270710E1,-9.002198577E-1,5.942708015E0,7.254730225E0,9.421108479E0
1.463470713E1,-9.002198577E-1,5.942708015E0,7.254730225E0,9.421108479E0
1.463670717E1,-9.002198577E-1,5.942708015E0,7.254730225E0,9.421108479E0
1.463870720E1,-9.002198577E-1,5.942708015E0,7.254730225E0,9.421108479E0
1.464070723E1,-9.002198577E-1,5.942708015E0,7.254730225E0,9.421108479E0
1.464270727E1,-9.002198577E-1,5.942708015E0,7.254730225E0,9.421108479E0
1.464470730E1,-9.002198577E-1,5.942708015E0,7.254730225E0,9.421108479E0
1.464670730E1,-9.002198577E-1,5.942708015E0,7.254730225E0,9.421108479E0
1.464870726E1,7.709329724E-1,5.624279022E0,7.515698433E0,9.418735324E0
1.465070723E1,7.709329724E-1,5.624279022E0,7.515698433E0,9.418735324E0
1.465270720E1,7.709329724E-1,5.624279022E0,7.515698433E0,9.418735324E0
1.465470716E1,7.709329724E-1,5.624279022E0,7.515698433E0,9.418735324E0
1.465670713E1,7.709329724E-1,5.624279022E0,7.515698433E0,9.418735324E0
1.465870710E1,7.709329724E-1,5.624279022E0,7.515698433E0,9.418735324E0
1.466070706E1,7.709329724E-1,5.624279022E0,7.515698433E0,9.418735324E0
1.466270649E1,7.709329724E-1,5.624279022E0,7.515698433E0,9.418735324E0
1.466470653E1,7.709329724E-1,5.624279022E0,7.515698433E0,9.418735324E0
1.466670656E1,7.709329724E-1,5.624279022E0,7.515698433E0,9.418735324E0
1.466870659E1,2.370259613E-1,4.630385876E0,7.305008888E0,8.652156351E0
1.467070576E1,2.370259613E-1,4.630385876E0,7.305008888E0,8.652156351E0
1.467270579E1,2.370259613E-1,4.630385876E0,7.305008888E0,8.652156351E0
1.467470582E1,2.370259613E-1,4.630385876E0,7.305008888E0,8.652156351E0
1.467670586E1,2.370259613E-1,4.630385876E0,7.305008888E0,8.652156351E0
1.467870589E1,2.370259613E-1,4.630385876E0,7.305008888E0,8.652156351E0
1.468070589E1,2.370259613E-1,4.630385876E0,7.305008888E0,8.652156351E0
1.468270589E1,2.370259613E-1,4.630385876E0,7.305008888E0,8.652156351E0
1.468470589E1,2.370259613E-1,4.630385876E0,7.305008888E0,8.652156351E0
1.468670589E1,2.370259613E-1,4.630385876E0,7.305008888E0,8.652156351E0
1.468870589E1,-5.985504389E-1,4.283226967E0,7.882011414E0,8.990572829E0
1.469070679E1,-5.985504389E-1,4.283226967E0,7.882011414E0,8.990572829E0
1.469270676E1,-5.985504389E-1,4.283226967E0,7.882011414E0,8.990572829E0
1.469470632E1,-5.985504389E-1,4.283226967E0,7.882011414E0,8.990572829E0
1.469670629E1,-5.985504389E-1,4.283226967E0,7.882011414E0,8.990572829E0
1.469870626E1,-5.985504389E-1,4.283226967E0,7.882011414E0,8.990572829E0
1.470070622E1,-5.985504389E-1,4.283226967E0,7.882011414E0,8.990572829E0
1.470270619E1,-5.985504389E-1,4.283226967E0,7.882011414E0,8.990572829E0
1.470470595E1,-5.985504389E-1,4.283226967E0,7.882011414E0,8.990572829E0
1.470670592E1,-5.985504389E-1,4.283226967E0,7.882011414E0,8.990572829E0
1.470870592E1,-1.776497602E0,3.165134668E0,1.298644924E1,1.348413457E1
1.471070508E1,-1.776497602E0,3.165134668E0,1.298644924E1,1.348413457E1
1.471270425E1,-1.776497602E0,3.165134668E0,1.298644924E1,1.348413457E1
1.471470428E1,-1.776497602E0,3.165134668E0,1.298644924E1,1.348413457E1
1.471670432E1,-1.776497602E0,3.165134668E0,1.298644924E1,1.348413457E1
1.471870435E1,-1.776497602E0,3.165134668E0,1.298644924E1,1.348413457E1
1.472070438E1,-1.776497602E0,3.165134668E0,1.298644924E1,1.348413457E1
1.472270498E1,-1.776497602E0,3.165134668E0,1.298644924E1,1.348413457E1
1.472470498E1,-1.776497602E0,3.165134668E0,1.298644924E1,1.348413457E1
1.472670495E1,-1.776497602E0,3.165134668E0,1.298644924E1,1.348413457E1
1.472870492E1,-5.027823448E-1,1.510741234E0,1.506491566E1,1.514882216E1
1.473070575E1,-5.027823448E-1,1.510741234E0,1.506491566E1,1.514882216E1
1.473270571E1,-5.027823448E-1,1.510741234E0,1.506491566E1,1.514882216E1
1.473470568E1,-5.027823448E-1,1.510741234E0,1.506491566E1,1.514882216E1
1.473670545E1,-5.027823448E-1,1.510741234E0,1.506491566E1,1.514882216E1
1.473870541E1,-5.027823448E-1,1.510741234E0,1.506491566E1,1.514882216E1
1.474070541E1,-5.027823448E-1,1.510741234E0,1.506491566E1,1.514882216E1
1.474270544E1,-5.027823448E-1,1.510741234E0,1.506491566E1,1.514882216E1
1.474470548E1,-5.027823448E-1,1.510741234E0,1.506491566E1,1.514882216E1
1.474670551E1,-5.027823448E-1,1.510741234E0,1.506491566E1,1.514882216E1
1.474870554E1,-4.213795066E-1,1.192312479E0,1.714308357E1,1.718966213E1
1.475070471E1,-4.213795066E-1,1.192312479E0,1.714308357E1,1.718966213E1
1.475270388E1,-4.213795066E-1,1.192312479E0,1.714308357E1,1.718966213E1
1.475470431E1,-4.213795066E-1,1.192312479E0,1.714308357E1,1.718966213E1
1.475670434E1,-4.213795066E-1,1.192312479E0,1.714308357E1,1.718966213E1
1.475870434E1,-4.213795066E-1,1.192312479E0,1.714308357E1,1.718966213E1
1.476070434E1,-4.213795066E-1,1.192312479E0,1.714308357E1,1.718966213E1
1.476270434E1,-4.213795066E-1,1.192312479E0,1.714308357E1,1.718966213E1
1.476470454E1,-4.213795066E-1,1.192312479E0,1.714308357E1,1.718966213E1
1.476670454E1,-4.213795066E-1,1.192312479E0,1.714308357E1,1.718966213E1
1.476870454E1,-1.168370485E0,2.880224705E0,1.713350677E1,1.741315130E1
1.477070538E1,-1.168370485E0,2.880224705E0,1.713350677E1,1.741315130E1
1.477270621E1,-1.168370485E0,2.880224705E0,1.713350677E1,1.741315130E1
1.477470617E1,-1.168370485E0,2.880224705E0,1.713350677E1,1.741315130E1
1.477670614E1,-1.168370485E0,2.880224705E0,1.713350677E1,1.741315130E1
1.477870611E1,-1.168370485E0,2.880224705E0,1.713350677E1,1.741315130E1
1.478070607E1,-1.168370485E0,2.880224705E0,1.713350677E1,1.741315130E1
1.478270604E1,-1.168370485E0,2.880224705E0,1.713350677E1,1.741315130E1
1.478470600E1,-1.168370485E0,2.880224705E0,1.713350677E1,1.741315130E1
1.478670560E1,-1.168370485E0,2.880224705E0,1.713350677E1,1.741315130E1
1.478870564E1,-9.002198577E-1,3.232172251E0,1.392976475E1,1.432814291E1
1.479070567E1,-9.002198577E-1,3.232172251E0,1.392976475E1,1.432814291E1
1.479270570E1,-9.002198577E-1,3.232172251E0,1.392976475E1,1.432814291E1
1.479470574E1,-9.002198577E-1,3.232172251E0,1.392976475E1,1.432814291E1
1.479670597E1,-9.002198577E-1,3.232172251E0,1.392976475E1,1.432814291E1
1.479870600E1,-9.002198577E-1,3.232172251E0,1.392976475E1,1.432814291E1
1.480070604E1,-9.002198577E-1,3.232172251E0,1.392976475E1,1.432814291E1
1.480270604E1,-9.002198577E-1,3.232172251E0,1.392976475E1,1.432814291E1
1.480470560E1,-9.002198577E-1,3.232172251E0,1.392976475E1,1.432814291E1
1.480670557E1,-9.002198577E-1,3.232172251E0,1.392976475E1,1.432814291E1
1.480870553E1,-3.239354849E0,2.619256735E0,1.180131912E1,1.251499336E1
1.481070637E1,-3.239354849E0,2.619256735E0,1.180131912E1,1.251499336E1
1.481270720E1,-3.239354849E0,2.619256735E0,1.180131912E1,1.251499336E1
1.481470717E1,-3.239354849E0,2.619256735E0,1.180131912E1,1.251499336E1
1.481670713E1,-3.239354849E0,2.619256735E0,1.180131912E1,1.251499336E1
1.481870713E1,-3.239354849E0,2.619256735E0,1.180131912E1,1.251499336E1
1.482070716E1,-3.239354849E0,2.619256735E0,1.180131912E1,1.251499336E1
1.482270720E1,-3.239354849E0,2.619256735E0,1.180131912E1,1.251499336E1
1.482470723E1,-3.239354849E0,2.619256735E0,1.180131912E1,1.251499336E1
1.482670726E1,-3.239354849E0,2.619256735E0,1.180131912E1,1.251499336E1
1.482870640E1,-3.057395458E0,2.743755102E0,1.081251431E1,1.156660385E1
1.483070553E1,-3.057395458E0,2.743755102E0,1.081251431E1,1.156660385E1
1.483270556E1,-3.057395458E0,2.743755102E0,1.081251431E1,1.156660385E1
1.483470560E1,-3.057395458E0,2.743755102E0,1.081251431E1,1.156660385E1
1.483670560E1,-3.057395458E0,2.743755102E0,1.081251431E1,1.156660385E1
1.483870560E1,-3.057395458E0,2.743755102E0,1.081251431E1,1.156660385E1
1.484070560E1,-3.057395458E0,2.743755102E0,1.081251431E1,1.156660385E1
1.484270560E1,-3.057395458E0,2.743755102E0,1.081251431E1,1.156660385E1
1.484470560E1,-3.057395458E0,2.743755102E0,1.081251431E1,1.156660385E1
1.484670600E1,-3.057395458E0,2.743755102E0,1.081251431E1,1.156660385E1
1.484870596E1,-1.098938584E0,2.736572504E0,1.046056652E1,1.086830010E1
1.485070593E1,-1.098938584E0,2.736572504E0,1.046056652E1,1.086830010E1
1.485270589E1,-1.098938584E0,2.736572504E0,1.046056652E1,1.086830010E1
1.485470586E1,-1.098938584E0,2.736572504E0,1.046056652E1,1.086830010E1
1.485670582E1,-1.098938584E0,2.736572504E0,1.046056652E1,1.086830010E1
1.485870579E1,-1.098938584E0,2.736572504E0,1.046056652E1,1.086830010E1
1.486070576E1,-1.098938584E0,2.736572504E0,1.046056652E1,1.086830010E1
1.486270572E1,-1.098938584E0,2.736572504E0,1.046056652E1,1.086830010E1
1.486470612E1,-1.098938584E0,2.736572504E0,1.046056652E1,1.086830010E1
1.486670612E1,-1.098938584E0,2.736572504E0,1.046056652E1,1.086830010E1
1.486870616E1,9.552865028E-1,3.313575268E0,9.905111313E0,1.048825932E1
1.487070532E1,9.552865028E-1,3.313575268E0,9.905111313E0,1.048825932E1
1.487270536E1,9.552865028E-1,3.313575268E0,9.905111313E0,1.048825932E1
1.487470539E1,9.552865028E-1,3.313575268E0,9.905111313E0,1.048825932E1
1.487670542E1,9.552865028E-1,3.313575268E0,9.905111313E0,1.048825932E1
1.487870505E1,9.552865028E-1,3.313575268E0,9.905111313E0,1.048825932E1
1.488070505E1,9.552865028E-1,3.313575268E0,9.905111313E0,1.048825932E1
1.488270432E1,9.552865028E-1,3.313575268E0,9.905111313E0,1.048825932E1
1.488470429E1,9.552865028E-1,3.313575268E0,9.905111313E0,1.048825932E1
1.488670425E1,1.999158382E0,3.859453201E0,8.363245964E0,9.425279641E0
1.488870512E1,1.999158382E0,3.859453201E0,8.363245964E0,9.425279641E0
1.489070598E1,1.999158382E0,3.859453201E0,8.363245964E0,9.425279641E0
1.489270668E1,1.999158382E0,3.859453201E0,8.363245964E0,9.425279641E0
1.489470665E1,1.999158382E0,3.859453201E0,8.363245964E0,9.425279641E0
1.489670665E1,1.999158382E0,3.859453201E0,8.363245964E0,9.425279641E0
1.489870665E1,1.999158382E0,3.859453201E0,8.363245964E0,9.425279641E0
1.490070665E1,1.999158382E0,3.859453201E0,8.363245964E0,9.425279641E0
1.490270665E1,1.999158382E0,3.859453201E0,8.363245964E0,9.425279641E0
1.490470655E1,1.999158382E0,3.859453201E0,8.363245964E0,9.425279641E0
1.490670655E1,2.980781078E0,4.182670593E0,7.170933247E0,8.820548325E0
1.490870655E1,2.980781078E0,4.182670593E0,7.170933247E0,8.820548325E0
1.491070568E1,2.980781078E0,4.182670593E0,7.170933247E0,8.820548325E0
1.491270602E1,2.980781078E0,4.182670593E0,7.170933247E0,8.820548325E0
1.491470605E1,2.980781078E0,4.182670593E0,7.170933247E0,8.820548325E0
1.491670608E1,2.980781078E0,4.182670593E0,7.170933247E0,8.820548325E0
1.491870612E1,2.980781078E0,4.182670593E0,7.170933247E0,8.820548325E0
1.492070615E1,2.980781078E0,4.182670593E0,7.170933247E0,8.820548325E0
1.492270618E1,2.980781078E0,4.182670593E0,7.170933247E0,8.820548325E0
1.492470621E1,2.980781078E0,4.182670593E0,7.170933247E0,8.820548325E0
1.492670625E1,4.335899353E0,4.369418144E0,6.469432354E0,8.930027609E0
1.492870625E1,4.335899353E0,4.369418144E0,6.469432354E0,8.930027609E0
1.493070708E1,4.335899353E0,4.369418144E0,6.469432354E0,8.930027609E0
1.493270705E1,4.335899353E0,4.369418144E0,6.469432354E0,8.930027609E0
1.493470701E1,4.335899353E0,4.369418144E0,6.469432354E0,8.930027609E0
1.493670698E1,4.335899353E0,4.369418144E0,6.469432354E0,8.930027609E0
1.493870734E1,4.335899353E0,4.369418144E0,6.469432354E0,8.930027609E0
1.494070731E1,4.335899353E0,4.369418144E0,6.469432354E0,8.930027609E0
1.494270801E1,4.335899353E0,4.369418144E0,6.469432354E0,8.930027609E0
1.494470801E1,4.335899353E0,4.369418144E0,6.469432354E0,8.930027609E0
1.494670804E1,5.329792023E0,4.173093796E0,5.540482044E0,8.747475985E0
1.494870808E1,5.329792023E0,4.173093796E0,5.540482044E0,8.747475985E0
1.495070724E1,5.329792023E0,4.173093796E0,5.540482044E0,8.747475985E0
1.495270568E1,5.329792023E0,4.173093796E0,5.540482044E0,8.747475985E0
1.495470554E1,5.329792023E0,4.173093796E0,5.540482044E0,8.747475985E0
1.495670557E1,5.329792023E0,4.173093796E0,5.540482044E0,8.747475985E0
1.495870561E1,5.329792023E0,4.173093796E0,5.540482044E0,8.747475985E0
1.496070561E1,5.329792023E0,4.173093796E0,5.540482044E0,8.747475985E0
1.496270561E1,5.329792023E0,4.173093796E0,5.540482044E0,8.747475985E0
1.496470571E1,5.329792023E0,4.173093796E0,5.540482044E0,8.747475985E0
1.496670571E1,6.213252544E0,4.867412090E0,3.892971992E0,8.800649895E0
1.496870571E1,6.213252544E0,4.867412090E0,3.892971992E0,8.800649895E0
1.497070657E1,6.213252544E0,4.867412090E0,3.892971992E0,8.800649895E0
1.497270624E1,6.213252544E0,4.867412090E0,3.892971992E0,8.800649895E0
1.497470620E1,6.213252544E0,4.867412090E0,3.892971992E0,8.800649895E0
1.497670644E1,6.213252544E0,4.867412090E0,3.892971992E0,8.800649895E0
1.497870640E1,6.213252544E0,4.867412090E0,3.892971992E0,8.800649895E0
1.498070637E1,6.213252544E0,4.867412090E0,3.892971992E0,8.800649895E0
1.498270634E1,6.213252544E0,4.867412090E0,3.892971992E0,8.800649895E0
1.498470630E1,6.213252544E0,4.867412090E0,3.892971992E0,8.800649895E0
1.498670627E1,7.824550629E0,5.981015205E0,5.506663918E-1,9.864044247E0
1.498870623E1,7.824550629E0,5.981015205E0,5.506663918E-1,9.864044247E0
1.499070590E1,7.824550629E0,5.981015205E0,5.506663918E-1,9.864044247E0
1.499270593E1,7.824550629E0,5.981015205E0,5.506663918E-1,9.864044247E0
1.499470597E1,7.824550629E0,5.981015205E0,5.506663918E-1,9.864044247E0
1.499670600E1,7.824550629E0,5.981015205E0,5.506663918E-1,9.864044247E0
1.499870603E1,7.824550629E0,5.981015205E0,5.506663918E-1,9.864044247E0
1.500070607E1,7.824550629E0,5.981015205E0,5.506663918E-1,9.864044247E0
1.500270610E1,7.824550629E0,5.981015205E0,5.506663918E-1,9.864044247E0
1.500470613E1,7.824550629E0,5.981015205E0,5.506663918E-1,9.864044247E0
1.500670613E1,8.667309761E0,7.151779652E0,-2.674323320E0,1.155085347E1
1.500870610E1,8.667309761E0,7.151779652E0,-2.674323320E0,1.155085347E1
1.501070693E1,8.667309761E0,7.151779652E0,-2.674323320E0,1.155085347E1
1.501270776E1,8.667309761E0,7.151779652E0,-2.674323320E0,1.155085347E1
1.501470790E1,8.667309761E0,7.151779652E0,-2.674323320E0,1.155085347E1
1.501670786E1,8.667309761E0,7.151779652E0,-2.674323320E0,1.155085347E1
1.501870783E1,8.667309761E0,7.151779652E0,-2.674323320E0,1.155085347E1
1.502070783E1,8.667309761E0,7.151779652E0,-2.674323320E0,1.155085347E1
1.502270783E1,8.667309761E0,7.151779652E0,-2.674323320E0,1.155085347E1
1.502470786E1,8.667309761E0,7.151779652E0,-2.674323320E0,1.155085347E1
1.502670789E1,8.207622528E0,7.910741806E0,-3.586514235E0,1.195022961E1
1.502870793E1,8.207622528E0,7.910741806E0,-3.586514235E0,1.195022961E1
1.503070806E1,8.207622528E0,7.910741806E0,-3.586514235E0,1.195022961E1
1.503270809E1,8.207622528E0,7.910741806E0,-3.586514235E0,1.195022961E1
1.503470813E1,8.207622528E0,7.910741806E0,-3.586514235E0,1.195022961E1
1.503670789E1,8.207622528E0,7.910741806E0,-3.586514235E0,1.195022961E1
1.503870789E1,8.207622528E0,7.910741806E0,-3.586514235E0,1.195022961E1
1.504070789E1,8.207622528E0,7.910741806E0,-3.586514235E0,1.195022961E1
1.504270789E1,8.207622528E0,7.910741806E0,-3.586514235E0,1.195022961E1
1.504470789E1,8.207622528E0,7.910741806E0,-3.586514235E0,1.195022961E1
1.504670789E1,8.121431351E0,7.932289600E0,-3.215412855E0,1.179905697E1
1.504870789E1,8.121431351E0,7.932289600E0,-3.215412855E0,1.179905697E1
1.505070823E1,8.121431351E0,7.932289600E0,-3.215412855E0,1.179905697E1
1.505270866E1,8.121431351E0,7.932289600E0,-3.215412855E0,1.179905697E1
1.505470862E1,8.121431351E0,7.932289600E0,-3.215412855E0,1.179905697E1
1.505670859E1,8.121431351E0,7.932289600E0,-3.215412855E0,1.179905697E1
1.505870856E1,8.121431351E0,7.932289600E0,-3.215412855E0,1.179905697E1
1.506070852E1,8.121431351E0,7.932289600E0,-3.215412855E0,1.179905697E1
1.506270849E1,8.121431351E0,7.932289600E0,-3.215412855E0,1.179905697E1
1.506470845E1,8.121431351E0,7.932289600E0,-3.215412855E0,1.179905697E1
1.506670842E1,7.915530205E0,7.668927193E0,-2.676717520E0,1.134164359E1
1.506870842E1,7.915530205E0,7.668927193E0,-2.676717520E0,1.134164359E1
1.507070759E1,7.915530205E0,7.668927193E0,-2.676717520E0,1.134164359E1
1.507270822E1,7.915530205E0,7.668927193E0,-2.676717520E0,1.134164359E1
1.507470825E1,7.915530205E0,7.668927193E0,-2.676717520E0,1.134164359E1
1.507670828E1,7.915530205E0,7.668927193E0,-2.676717520E0,1.134164359E1
1.507870832E1,7.915530205E0,7.668927193E0,-2.676717520E0,1.134164359E1
1.508070835E1,7.915530205E0,7.668927193E0,-2.676717520E0,1.134164359E1
1.508270838E1,7.915530205E0,7.668927193E0,-2.676717520E0,1.134164359E1
1.508470838E1,7.915530205E0,7.668927193E0,-2.676717520E0,1.134164359E1
1.508670795E1,7.518092632E0,7.522881031E0,-1.920149803E0,1.080751734E1
1.508870792E1,7.518092632E0,7.522881031E0,-1.920149803E0,1.080751734E1
1.509070778E1,7.518092632E0,7.522881031E0,-1.920149803E0,1.080751734E1
1.509270775E1,7.518092632E0,7.522881031E0,-1.920149803E0,1.080751734E1
1.509470771E1,7.518092632E0,7.522881031E0,-1.920149803E0,1.080751734E1
1.509670768E1,7.518092632E0,7.522881031E0,-1.920149803E0,1.080751734E1
1.509870768E1,7.518092632E0,7.522881031E0,-1.920149803E0,1.080751734E1
1.510070768E1,7.518092632E0,7.522881031E0,-1.920149803E0,1.080751734E1
1.510270771E1,7.518092632E0,7.522881031E0,-1.920149803E0,1.080751734E1
1.510470775E1,7.518092632E0,7.522881031E0,-1.920149803E0,1.080751734E1
1.510670778E1,7.362469673E0,7.637802601E0,-8.355764151E-1,1.064143675E1
1.510870781E1,7.362469673E0,7.637802601E0,-8.355764151E-1,1.064143675E1
1.511070698E1,7.362469673E0,7.637802601E0,-8.355764151E-1,1.064143675E1
1.511270654E1,7.362469673E0,7.637802601E0,-8.355764151E-1,1.064143675E1
1.511470658E1,7.362469673E0,7.637802601E0,-8.355764151E-1,1.064143675E1
1.511670661E1,7.362469673E0,7.637802601E0,-8.355764151E-1,1.064143675E1
1.511870694E1,7.362469673E0,7.637802601E0,-8.355764151E-1,1.064143675E1
1.512070694E1,7.362469673E0,7.637802601E0,-8.355764151E-1,1.064143675E1
1.512270694E1,7.362469673E0,7.637802601E0,-8.355764151E-1,1.064143675E1
1.512470694E1,7.362469673E0,7.637802601E0,-8.355764151E-1,1.064143675E1
1.512670694E1,7.300220490E0,7.819762230E0,-5.698199868E-1,1.071291722E1
1.512870694E1,7.300220490E0,7.819762230E0,-5.698199868E-1,1.071291722E1
1.513070738E1,7.300220490E0,7.819762230E0,-5.698199868E-1,1.071291722E1
1.513270674E1,7.300220490E0,7.819762230E0,-5.698199868E-1,1.071291722E1
1.513470671E1,7.300220490E0,7.819762230E0,-5.698199868E-1,1.071291722E1
1.513670667E1,7.300220490E0,7.819762230E0,-5.698199868E-1,1.071291722E1
1.513870664E1,7.300220490E0,7.819762230E0,-5.698199868E-1,1.071291722E1
1.514070661E1,7.300220490E0,7.819762230E0,-5.698199868E-1,1.071291722E1
1.514270657E1,7.300220490E0,7.819762230E0,-5.698199868E-1,1.071291722E1
1.514470654E1,7.300220490E0,7.819762230E0,-5.698199868E-1,1.071291722E1
1.514670694E1,6.548440933E0,8.174103737E0,8.403648138E-1,1.050734332E1
1.514870697E1,6.548440933E0,8.174103737E0,8.403648138E-1,1.050734332E1
1.515070614E1,6.548440933E0,8.174103737E0,8.403648138E-1,1.050734332E1
1.515270530E1,6.548440933E0,8.174103737E0,8.403648138E-1,1.050734332E1
1.515470507E1,6.548440933E0,8.174103737E0,8.403648138E-1,1.050734332E1
1.515670510E1,6.548440933E0,8.174103737E0,8.403648138E-1,1.050734332E1
1.515870514E1,6.548440933E0,8.174103737E0,8.403648138E-1,1.050734332E1
1.516070517E1,6.548440933E0,8.174103737E0,8.403648138E-1,1.050734332E1
1.516270517E1,6.548440933E0,8.174103737E0,8.403648138E-1,1.050734332E1
1.516470513E1,6.162974358E0,9.203610420E0,2.786850691E0,1.142170016E1
1.516670510E1,6.162974358E0,9.203610420E0,2.786850691E0,1.142170016E1
1.516870507E1,6.162974358E0,9.203610420E0,2.786850691E0,1.142170016E1
1.517070577E1,6.162974358E0,9.203610420E0,2.786850691E0,1.142170016E1
1.517270573E1,6.162974358E0,9.203610420E0,2.786850691E0,1.142170016E1
1.517470570E1,6.162974358E0,9.203610420E0,2.786850691E0,1.142170016E1
1.517670566E1,6.162974358E0,9.203610420E0,2.786850691E0,1.142170016E1
1.517870533E1,6.162974358E0,9.203610420E0,2.786850691E0,1.142170016E1
1.518070536E1,6.162974358E0,9.203610420E0,2.786850691E0,1.142170016E1
1.518270540E1,6.162974358E0,9.203610420E0,2.786850691E0,1.142170016E1
1.518470543E1,7.673715591E0,9.519645691E0,5.289090633E0,1.332231379E1
1.518670546E1,7.673715591E0,9.519645691E0,5.289090633E0,1.332231379E1
1.518870550E1,7.673715591E0,9.519645691E0,5.289090633E0,1.332231379E1
1.519070593E1,7.673715591E0,9.519645691E0,5.289090633E0,1.332231379E1
1.519270596E1,7.673715591E0,9.519645691E0,5.289090633E0,1.332231379E1
1.519470599E1,7.673715591E0,9.519645691E0,5.289090633E0,1.332231379E1
1.519670599E1,7.673715591E0,9.519645691E0,5.289090633E0,1.332231379E1
1.519870599E1,7.673715591E0,9.519645691E0,5.289090633E0,1.332231379E1
1.520070599E1,7.673715591E0,9.519645691E0,5.289090633E0,1.332231379E1
1.520270599E1,7.673715591E0,9.519645691E0,5.289090633E0,1.332231379E1
1.520470599E1,8.303390503E0,7.185298443E0,9.136572838E0,1.428466908E1
1.520670599E1,8.303390503E0,7.185298443E0,9.136572838E0,1.428466908E1
1.520870596E1,8.303390503E0,7.185298443E0,9.136572838E0,1.428466908E1
1.521070679E1,8.303390503E0,7.185298443E0,9.136572838E0,1.428466908E1
1.521270726E1,8.303390503E0,7.185298443E0,9.136572838E0,1.428466908E1
1.521470749E1,8.303390503E0,7.185298443E0,9.136572838E0,1.428466908E1
1.521670746E1,8.303390503E0,7.185298443E0,9.136572838E0,1.428466908E1
1.521870742E1,8.303390503E0,7.185298443E0,9.136572838E0,1.428466908E1
1.522070739E1,8.303390503E0,7.185298443E0,9.136572838E0,1.428466908E1
1.522270736E1,8.303390503E0,7.185298443E0,9.136572838E0,1.428466908E1
1.522470779E1,3.294421434E0,1.898601890E0,1.544080544E1,1.590208710E1
1.522670782E1,3.294421434E0,1.898601890E0,1.544080544E1,1.590208710E1
1.522870786E1,3.294421434E0,1.898601890E0,1.544080544E1,1.590208710E1
1.523070759E1,3.294421434E0,1.898601890E0,1.544080544E1,1.590208710E1
1.523270762E1,3.294421434E0,1.898601890E0,1.544080544E1,1.590208710E1
1.523470765E1,3.294421434E0,1.898601890E0,1.544080544E1,1.590208710E1
1.523670769E1,3.294421434E0,1.898601890E0,1.544080544E1,1.590208710E1
1.523870772E1,3.294421434E0,1.898601890E0,1.544080544E1,1.590208710E1
1.524070772E1,3.294421434E0,1.898601890E0,1.544080544E1,1.590208710E1
1.524270769E1,3.294421434E0,1.898601890E0,1.544080544E1,1.590208710E1
1.524470765E1,-2.171540976E0,-1.479616642E0,3.309834290E1,3.320248723E1
1.524670762E1,-2.171540976E0,-1.479616642E0,3.309834290E1,3.320248723E1
1.524870758E1,-2.171540976E0,-1.479616642E0,3.309834290E1,3.320248723E1
1.525070755E1,-2.171540976E0,-1.479616642E0,3.309834290E1,3.320248723E1
1.525270752E1,-2.171540976E0,-1.479616642E0,3.309834290E1,3.320248723E1
1.525470748E1,-2.171540976E0,-1.479616642E0,3.309834290E1,3.320248723E1
1.525670748E1,-2.171540976E0,-1.479616642E0,3.309834290E1,3.320248723E1
1.525870752E1,-2.171540976E0,-1.479616642E0,3.309834290E1,3.320248723E1
1.526070755E1,-2.171540976E0,-1.479616642E0,3.309834290E1,3.320248723E1
1.526270758E1,-2.171540976E0,-1.479616642E0,3.309834290E1,3.320248723E1
1.526470761E1,-6.775590777E-1,-1.541865945E0,4.426789093E1,4.429991653E1
1.526670765E1,-6.775590777E-1,-1.541865945E0,4.426789093E1,4.429991653E1
1.526870768E1,-6.775590777E-1,-1.541865945E0,4.426789093E1,4.429991653E1
1.527070685E1,-6.775590777E-1,-1.541865945E0,4.426789093E1,4.429991653E1
1.527270725E1,-6.775590777E-1,-1.541865945E0,4.426789093E1,4.429991653E1
1.527470725E1,-6.775590777E-1,-1.541865945E0,4.426789093E1,4.429991653E1
1.527670725E1,-6.775590777E-1,-1.541865945E0,4.426789093E1,4.429991653E1
1.527870725E1,-6.775590777E-1,-1.541865945E0,4.426789093E1,4.429991653E1
1.528070725E1,-6.775590777E-1,-1.541865945E0,4.426789093E1,4.429991653E1
1.528270725E1,-6.775590777E-1,-1.541865945E0,4.426789093E1,4.429991653E1
1.528470681E1,-7.637503147E-1,-4.915595531E0,4.152144241E1,4.181837603E1
1.528670678E1,-7.637503147E-1,-4.915595531E0,4.152144241E1,4.181837603E1
1.528870674E1,-7.637503147E-1,-4.915595531E0,4.152144241E1,4.181837603E1
1.529070714E1,-7.637503147E-1,-4.915595531E0,4.152144241E1,4.181837603E1
1.529270711E1,-7.637503147E-1,-4.915595531E0,4.152144241E1,4.181837603E1
1.529470678E1,-7.637503147E-1,-4.915595531E0,4.152144241E1,4.181837603E1
1.529670674E1,-7.637503147E-1,-4.915595531E0,4.152144241E1,4.181837603E1
1.529870671E1,-7.637503147E-1,-4.915595531E0,4.152144241E1,4.181837603E1
1.530070667E1,-7.637503147E-1,-4.915595531E0,4.152144241E1,4.181837603E1
1.530270667E1,-7.637503147E-1,-4.915595531E0,4.152144241E1,4.181837603E1
1.530470671E1,-3.131615877E0,-9.591471672E0,3.212150955E1,3.366889845E1
1.530670674E1,-3.131615877E0,-9.591471672E0,3.212150955E1,3.366889845E1
1.530870677E1,-3.131615877E0,-9.591471672E0,3.212150955E1,3.366889845E1
1.531070594E1,-3.131615877E0,-9.591471672E0,3.212150955E1,3.366889845E1
1.531270597E1,-3.131615877E0,-9.591471672E0,3.212150955E1,3.366889845E1
1.531470601E1,-3.131615877E0,-9.591471672E0,3.212150955E1,3.366889845E1
1.531670604E1,-3.131615877E0,-9.591471672E0,3.212150955E1,3.366889845E1
1.531870604E1,-3.131615877E0,-9.591471672E0,3.212150955E1,3.366889845E1
1.532070600E1,-3.131615877E0,-9.591471672E0,3.212150955E1,3.366889845E1
1.532270597E1,-3.131615877E0,-9.591471672E0,3.212150955E1,3.366889845E1
1.532470594E1,-2.760514498E0,-9.452607155E0,2.475454903E1,2.664131978E1
1.532670590E1,-2.760514498E0,-9.452607155E0,2.475454903E1,2.664131978E1
1.532870587E1,-2.760514498E0,-9.452607155E0,2.475454903E1,2.664131978E1
1.533070670E1,-2.760514498E0,-9.452607155E0,2.475454903E1,2.664131978E1
1.533270667E1,-2.760514498E0,-9.452607155E0,2.475454903E1,2.664131978E1
1.533470693E1,-2.760514498E0,-9.452607155E0,2.475454903E1,2.664131978E1
1.533670697E1,-2.760514498E0,-9.452607155E0,2.475454903E1,2.664131978E1
1.533870700E1,-2.760514498E0,-9.452607155E0,2.475454903E1,2.664131978E1
1.534070703E1,-2.760514498E0,-9.452607155E0,2.475454903E1,2.664131978E1
1.534270706E1,-2.760514498E0,-9.452607155E0,2.475454903E1,2.664131978E1
1.534470710E1,-2.679111719E0,-9.220370293E0,2.363855171E1,2.551419203E1
1.534670713E1,-2.679111719E0,-9.220370293E0,2.363855171E1,2.551419203E1
1.534870716E1,-2.679111719E0,-9.220370293E0,2.363855171E1,2.551419203E1
1.535070633E1,-2.679111719E0,-9.220370293E0,2.363855171E1,2.551419203E1
1.535270543E1,-2.679111719E0,-9.220370293E0,2.363855171E1,2.551419203E1
1.535470550E1,-2.679111719E0,-9.220370293E0,2.363855171E1,2.551419203E1
1.535670550E1,-2.679111719E0,-9.220370293E0,2.363855171E1,2.551419203E1
1.535870550E1,-2.679111719E0,-9.220370293E0,2.363855171E1,2.551419203E1
1.536070550E1,-2.679111719E0,-9.220370293E0,2.363855171E1,2.551419203E1
1.536270550E1,-2.679111719E0,-9.220370293E0,2.363855171E1,2.551419203E1
1.536470546E1,-1.352723956E0,-1.045338345E1,2.121801376E1,2.369192258E1
1.536670543E1,-1.352723956E0,-1.045338345E1,2.121801376E1,2.369192258E1
1.536870539E1,-1.352723956E0,-1.045338345E1,2.121801376E1,2.369192258E1
1.537070623E1,-1.352723956E0,-1.045338345E1,2.121801376E1,2.369192258E1
1.537270619E1,-1.352723956E0,-1.045338345E1,2.121801376E1,2.369192258E1
1.537470616E1,-1.352723956E0,-1.045338345E1,2.121801376E1,2.369192258E1
1.537670612E1,-1.352723956E0,-1.045338345E1,2.121801376E1,2.369192258E1
1.537870609E1,-1.352723956E0,-1.045338345E1,2.121801376E1,2.369192258E1
1.538070609E1,-1.352723956E0,-1.045338345E1,2.121801376E1,2.369192258E1
1.538270612E1,-1.352723956E0,-1.045338345E1,2.121801376E1,2.369192258E1
1.538470632E1,1.364694983E-1,-1.200003815E1,1.502421379E1,1.922879454E1
1.538670746E1,1.364694983E-1,-1.200003815E1,1.502421379E1,1.922879454E1
1.538870749E1,1.364694983E-1,-1.200003815E1,1.502421379E1,1.922879454E1
1.539070752E1,1.364694983E-1,-1.200003815E1,1.502421379E1,1.922879454E1
1.539270756E1,1.364694983E-1,-1.200003815E1,1.502421379E1,1.922879454E1
1.539470732E1,1.364694983E-1,-1.200003815E1,1.502421379E1,1.922879454E1
1.539670732E1,1.364694983E-1,-1.200003815E1,1.502421379E1,1.922879454E1
1.539870729E1,1.364694983E-1,-1.200003815E1,1.502421379E1,1.922879454E1
1.540070725E1,1.364694983E-1,-1.200003815E1,1.502421379E1,1.922879454E1
1.540270722E1,1.364694983E-1,-1.200003815E1,1.502421379E1,1.922879454E1
1.540470719E1,3.280056417E-1,-1.192821217E1,5.116708279E0,1.298347168E1
1.540670715E1,3.280056417E-1,-1.192821217E1,5.116708279E0,1.298347168E1
1.540870712E1,3.280056417E-1,-1.192821217E1,5.116708279E0,1.298347168E1
1.541070795E1,3.280056417E-1,-1.192821217E1,5.116708279E0,1.298347168E1
1.541270885E1,3.280056417E-1,-1.192821217E1,5.116708279E0,1.298347168E1
1.541470912E1,3.280056417E-1,-1.192821217E1,5.116708279E0,1.298347168E1
1.541670915E1,3.280056417E-1,-1.192821217E1,5.116708279E0,1.298347168E1
1.541870918E1,3.280056417E-1,-1.192821217E1,5.116708279E0,1.298347168E1
1.542070922E1,3.280056417E-1,-1.192821217E1,5.116708279E0,1.298347168E1
1.542270925E1,3.280056417E-1,-1.192821217E1,5.116708279E0,1.298347168E1
1.542470928E1,-2.492363930E0,-1.073829365E1,-3.088520288E0,1.144822196E1
1.542670932E1,-2.492363930E0,-1.073829365E1,-3.088520288E0,1.144822196E1
1.542870935E1,-2.492363930E0,-1.073829365E1,-3.088520288E0,1.144822196E1
1.543070885E1,-2.492363930E0,-1.073829365E1,-3.088520288E0,1.144822196E1
1.543270885E1,-2.492363930E0,-1.073829365E1,-3.088520288E0,1.144822196E1
1.543470885E1,-2.492363930E0,-1.073829365E1,-3.088520288E0,1.144822196E1
1.543670885E1,-2.492363930E0,-1.073829365E1,-3.088520288E0,1.144822196E1
1.543870885E1,-2.492363930E0,-1.073829365E1,-3.088520288E0,1.144822196E1
1.544070885E1,-2.492363930E0,-1.073829365E1,-3.088520288E0,1.144822196E1
1.544270881E1,-3.572149038E0,-9.150938034E0,-7.644985199E0,1.244771924E1
1.544470861E1,-3.572149038E0,-9.150938034E0,-7.644985199E0,1.244771924E1
1.544670748E1,-3.572149038E0,-9.150938034E0,-7.644985199E0,1.244771924E1
1.544870745E1,-3.572149038E0,-9.150938034E0,-7.644985199E0,1.244771924E1
1.545070741E1,-3.572149038E0,-9.150938034E0,-7.644985199E0,1.244771924E1
1.545270738E1,-3.572149038E0,-9.150938034E0,-7.644985199E0,1.244771924E1
1.545470711E1,-3.572149038E0,-9.150938034E0,-7.644985199E0,1.244771924E1
1.545670708E1,-3.572149038E0,-9.150938034E0,-7.644985199E0,1.244771924E1
1.545870708E1,-3.572149038E0,-9.150938034E0,-7.644985199E0,1.244771924E1
1.546070711E1,-3.572149038E0,-9.150938034E0,-7.644985199E0,1.244771924E1
1.546270714E1,-2.619256735E0,-7.187692642E0,-9.907505989E0,1.251727232E1
1.546470718E1,-2.619256735E0,-7.187692642E0,-9.907505989E0,1.251727232E1
1.546670721E1,-2.619256735E0,-7.187692642E0,-9.907505989E0,1.251727232E1
1.546870724E1,-2.619256735E0,-7.187692642E0,-9.907505989E0,1.251727232E1
1.547070641E1,-2.619256735E0,-7.187692642E0,-9.907505989E0,1.251727232E1
1.547270644E1,-2.619256735E0,-7.187692642E0,-9.907505989E0,1.251727232E1
1.547470644E1,-2.619256735E0,-7.187692642E0,-9.907505989E0,1.251727232E1
1.547670641E1,-2.619256735E0,-7.187692642E0,-9.907505989E0,1.251727232E1
1.547870637E1,-2.619256735E0,-7.187692642E0,-9.907505989E0,1.251727232E1
1.548070634E1,-2.619256735E0,-7.187692642E0,-9.907505989E0,1.251727232E1
1.548270630E1,-2.449268341E0,-5.313032627E0,-1.456422806E1,1.569534867E1
1.548470627E1,-2.449268341E0,-5.313032627E0,-1.456422806E1,1.569534867E1
1.548670624E1,-2.449268341E0,-5.313032627E0,-1.456422806E1,1.569534867E1
1.548870620E1,-2.449268341E0,-5.313032627E0,-1.456422806E1,1.569534867E1
1.549070670E1,-2.449268341E0,-5.313032627E0,-1.456422806E1,1.569534867E1
1.549270674E1,-2.449268341E0,-5.313032627E0,-1.456422806E1,1.569534867E1
1.549470677E1,-2.449268341E0,-5.313032627E0,-1.456422806E1,1.569534867E1
1.549670680E1,-2.449268341E0,-5.313032627E0,-1.456422806E1,1.569534867E1
1.549870684E1,-2.449268341E0,-5.313032627E0,-1.456422806E1,1.569534867E1
1.550070687E1,-2.449268341E0,-5.313032627E0,-1.456422806E1,1.569534867E1
1.550270690E1,-3.260902643E0,-4.168305397E0,-1.555572701E1,1.643133892E1
1.550470693E1,-3.260902643E0,-4.168305397E0,-1.555572701E1,1.643133892E1
1.550670697E1,-3.260902643E0,-4.168305397E0,-1.555572701E1,1.643133892E1
1.550870697E1,-3.260902643E0,-4.168305397E0,-1.555572701E1,1.643133892E1
1.551070610E1,-3.260902643E0,-4.168305397E0,-1.555572701E1,1.643133892E1
1.551270623E1,-3.260902643E0,-4.168305397E0,-1.555572701E1,1.643133892E1
1.551470647E1,-3.260902643E0,-4.168305397E0,-1.555572701E1,1.643133892E1
1.551670647E1,-3.260902643E0,-4.168305397E0,-1.555572701E1,1.643133892E1
1.551870647E1,-3.260902643E0,-4.168305397E0,-1.555572701E1,1.643133892E1
1.552070643E1,-3.260902643E0,-4.168305397E0,-1.555572701E1,1.643133892E1
1.552270640E1,-3.904942989E0,-4.206612587E0,-1.118122101E1,1.256836793E1
1.552470636E1,-3.904942989E0,-4.206612587E0,-1.118122101E1,1.256836793E1
1.552670633E1,-3.904942989E0,-4.206612587E0,-1.118122101E1,1.256836793E1
1.552870630E1,-3.904942989E0,-4.206612587E0,-1.118122101E1,1.256836793E1
1.553070713E1,-3.904942989E0,-4.206612587E0,-1.118122101E1,1.256836793E1
1.553270710E1,-3.904942989E0,-4.206612587E0,-1.118122101E1,1.256836793E1
1.553470706E1,-3.904942989E0,-4.206612587E0,-1.118122101E1,1.256836793E1
1.553670706E1,-3.904942989E0,-4.206612587E0,-1.118122101E1,1.256836793E1
1.553870709E1,-3.904942989E0,-4.206612587E0,-1.118122101E1,1.256836793E1
1.554070713E1,-3.904942989E0,-4.206612587E0,-1.118122101E1,1.256836793E1
1.554270716E1,-3.617638826E0,-4.213795185E0,-7.091924667E0,9.007706480E0
1.554470719E1,-3.617638826E0,-4.213795185E0,-7.091924667E0,9.007706480E0
1.554670723E1,-3.617638826E0,-4.213795185E0,-7.091924667E0,9.007706480E0
1.554870696E1,-3.617638826E0,-4.213795185E0,-7.091924667E0,9.007706480E0
1.555070613E1,-3.617638826E0,-4.213795185E0,-7.091924667E0,9.007706480E0
1.555270536E1,-3.617638826E0,-4.213795185E0,-7.091924667E0,9.007706480E0
1.555470532E1,-3.617638826E0,-4.213795185E0,-7.091924667E0,9.007706480E0
1.555670529E1,-3.617638826E0,-4.213795185E0,-7.091924667E0,9.007706480E0
1.555870526E1,-3.617638826E0,-4.213795185E0,-7.091924667E0,9.007706480E0
1.556070522E1,-3.617638826E0,-4.213795185E0,-7.091924667E0,9.007706480E0
1.556270519E1,-1.991975784E0,-3.643975019E0,-6.232406139E0,7.489286198E0
1.556470515E1,-1.991975784E0,-3.643975019E0,-6.232406139E0,7.489286198E0
1.556670512E1,-1.991975784E0,-3.643975019E0,-6.232406139E0,7.489286198E0
1.556870512E1,-1.991975784E0,-3.643975019E0,-6.232406139E0,7.489286198E0
1.557070565E1,-1.991975784E0,-3.643975019E0,-6.232406139E0,7.489286198E0
1.557270555E1,-1.991975784E0,-3.643975019E0,-6.232406139E0,7.489286198E0
1.557470559E1,-1.991975784E0,-3.643975019E0,-6.232406139E0,7.489286198E0
1.557670562E1,-1.991975784E0,-3.643975019E0,-6.232406139E0,7.489286198E0
1.557870565E1,-1.991975784E0,-3.643975019E0,-6.232406139E0,7.489286198E0
1.558070569E1,-1.991975784E0,-3.643975019E0,-6.232406139E0,7.489286198E0
1.558270572E1,-8.667010069E-1,-2.973598480E0,-6.467038155E0,7.170497964E0
1.558470575E1,-8.667010069E-1,-2.973598480E0,-6.467038155E0,7.170497964E0
1.558670575E1,-8.667010069E-1,-2.973598480E0,-6.467038155E0,7.170497964E0
1.558870575E1,-8.667010069E-1,-2.973598480E0,-6.467038155E0,7.170497964E0
1.559070575E1,-8.667010069E-1,-2.973598480E0,-6.467038155E0,7.170497964E0
1.559270575E1,-8.667010069E-1,-2.973598480E0,-6.467038155E0,7.170497964E0
1.559470575E1,-8.667010069E-1,-2.973598480E0,-6.467038155E0,7.170497964E0
1.559670575E1,-8.667010069E-1,-2.973598480E0,-6.467038155E0,7.170497964E0
1.559870572E1,-8.667010069E-1,-2.973598480E0,-6.467038155E0,7.170497964E0
1.560070568E1,-8.667010069E-1,-2.973598480E0,-6.467038155E0,7.170497964E0
1.560270565E1,-1.060631394E0,-2.473210335E0,-6.811803341E0,7.324095376E0
1.560470562E1,-1.060631394E0,-2.473210335E0,-6.811803341E0,7.324095376E0
1.560670558E1,-1.060631394E0,-2.473210335E0,-6.811803341E0,7.324095376E0
1.560870585E1,-1.060631394E0,-2.473210335E0,-6.811803341E0,7.324095376E0
1.561070668E1,-1.060631394E0,-2.473210335E0,-6.811803341E0,7.324095376E0
1.561270741E1,-1.060631394E0,-2.473210335E0,-6.811803341E0,7.324095376E0
1.561470741E1,-1.060631394E0,-2.473210335E0,-6.811803341E0,7.324095376E0
1.561670741E1,-1.060631394E0,-2.473210335E0,-6.811803341E0,7.324095376E0
1.561870745E1,-1.060631394E0,-2.473210335E0,-6.811803341E0,7.324095376E0
1.562070748E1,-1.060631394E0,-2.473210335E0,-6.811803341E0,7.324095376E0
1.562270791E1,-1.201889277E0,-2.600103140E0,-7.149385452E0,7.701869027E0
1.562470794E1,-1.201889277E0,-2.600103140E0,-7.149385452E0,7.701869027E0
1.562670798E1,-1.201889277E0,-2.600103140E0,-7.149385452E0,7.701869027E0
1.562870801E1,-1.201889277E0,-2.600103140E0,-7.149385452E0,7.701869027E0
1.563070748E1,-1.201889277E0,-2.600103140E0,-7.149385452E0,7.701869027E0
1.563270744E1,-1.201889277E0,-2.600103140E0,-7.149385452E0,7.701869027E0
1.563470741E1,-1.201889277E0,-2.600103140E0,-7.149385452E0,7.701869027E0
1.563670738E1,-1.201889277E0,-2.600103140E0,-7.149385452E0,7.701869027E0
1.563870734E1,-1.201889277E0,-2.600103140E0,-7.149385452E0,7.701869027E0
1.564070731E1,-1.201889277E0,-2.600103140E0,-7.149385452E0,7.701869027E0
1.564270727E1,-9.002198577E-1,-3.253720045E0,-5.641038418E0,6.574070608E0
1.564470724E1,-9.002198577E-1,-3.253720045E0,-5.641038418E0,6.574070608E0
1.564680676E1,-9.002198577E-1,-3.253720045E0,-5.641038418E0,6.574070608E0
1.564880679E1,-9.002198577E-1,-3.253720045E0,-5.641038418E0,6.574070608E0
1.565080656E1,-9.002198577E-1,-3.253720045E0,-5.641038418E0,6.574070608E0
1.565280659E1,-9.002198577E-1,-3.253720045E0,-5.641038418E0,6.574070608E0
1.565480662E1,-9.002198577E-1,-3.253720045E0,-5.641038418E0,6.574070608E0
1.565680666E1,-9.002198577E-1,-3.253720045E0,-5.641038418E0,6.574070608E0
1.565880669E1,-9.002198577E-1,-3.253720045E0,-5.641038418E0,6.574070608E0
1.566080672E1,-9.002198577E-1,-3.253720045E0,-5.641038418E0,6.574070608E0
1.566280676E1,-8.403648138E-1,-3.672705412E0,-4.776432514E0,6.083525756E0
1.566480676E1,-8.403648138E-1,-3.672705412E0,-4.776432514E0,6.083525756E0
1.566680676E1,-8.403648138E-1,-3.672705412E0,-4.776432514E0,6.083525756E0
1.566880719E1,-8.403648138E-1,-3.672705412E0,-4.776432514E0,6.083525756E0
1.567080632E1,-8.403648138E-1,-3.672705412E0,-4.776432514E0,6.083525756E0
1.567280642E1,-8.403648138E-1,-3.672705412E0,-4.776432514E0,6.083525756E0
1.567480642E1,-8.403648138E-1,-3.672705412E0,-4.776432514E0,6.083525756E0
1.567680642E1,-8.403648138E-1,-3.672705412E0,-4.776432514E0,6.083525756E0
1.567880639E1,-8.403648138E-1,-3.672705412E0,-4.776432514E0,6.083525756E0
1.568080635E1,-8.403648138E-1,-3.672705412E0,-4.776432514E0,6.083525756E0
1.568280592E1,2.705447972E-1,-5.104737282E0,-5.540482044E0,7.538466587E0
1.568480589E1,2.705447972E-1,-5.104737282E0,-5.540482044E0,7.538466587E0
1.568680585E1,2.705447972E-1,-5.104737282E0,-5.540482044E0,7.538466587E0
1.568880582E1,2.705447972E-1,-5.104737282E0,-5.540482044E0,7.538466587E0
1.569080668E1,2.705447972E-1,-5.104737282E0,-5.540482044E0,7.538466587E0
1.569280668E1,2.705447972E-1,-5.104737282E0,-5.540482044E0,7.538466587E0
1.569480668E1,2.705447972E-1,-5.104737282E0,-5.540482044E0,7.538466587E0
1.569680672E1,2.705447972E-1,-5.104737282E0,-5.540482044E0,7.538466587E0
1.569880675E1,2.705447972E-1,-5.104737282E0,-5.540482044E0,7.538466587E0
1.570080678E1,2.705447972E-1,-5.104737282E0,-5.540482044E0,7.538466587E0
1.570280682E1,1.321599364E0,-8.147768021E0,-4.647145271E0,9.472523833E0
1.570480685E1,1.321599364E0,-8.147768021E0,-4.647145271E0,9.472523833E0
1.570680688E1,1.321599364E0,-8.147768021E0,-4.647145271E0,9.472523833E0
1.570880688E1,1.321599364E0,-8.147768021E0,-4.647145271E0,9.472523833E0
1.571080625E1,1.321599364E0,-8.147768021E0,-4.647145271E0,9.472523833E0
1.571280531E1,1.321599364E0,-8.147768021E0,-4.647145271E0,9.472523833E0
1.571480528E1,1.321599364E0,-8.147768021E0,-4.647145271E0,9.472523833E0
1.571680525E1,1.321599364E0,-8.147768021E0,-4.647145271E0,9.472523833E0
1.571880521E1,1.321599364E0,-8.147768021E0,-4.647145271E0,9.472523833E0
1.572080518E1,3.282450438E0,-1.241423512E1,-2.363077164E0,1.305648682E1
1.572280514E1,3.282450438E0,-1.241423512E1,-2.363077164E0,1.305648682E1
1.572480514E1,3.282450438E0,-1.241423512E1,-2.363077164E0,1.305648682E1
1.572680518E1,3.282450438E0,-1.241423512E1,-2.363077164E0,1.305648682E1
1.572880478E1,3.282450438E0,-1.241423512E1,-2.363077164E0,1.305648682E1
1.573080568E1,3.282450438E0,-1.241423512E1,-2.363077164E0,1.305648682E1
1.573280561E1,3.282450438E0,-1.241423512E1,-2.363077164E0,1.305648682E1
1.573480564E1,3.282450438E0,-1.241423512E1,-2.363077164E0,1.305648682E1
1.573680568E1,3.282450438E0,-1.241423512E1,-2.363077164E0,1.305648682E1
1.573880571E1,3.282450438E0,-1.241423512E1,-2.363077164E0,1.305648682E1
1.574080574E1,2.439691544E0,-1.720293808E1,1.079096603E1,2.045331566E1
1.574280588E1,2.439691544E0,-1.720293808E1,1.079096603E1,2.045331566E1
1.574480588E1,2.439691544E0,-1.720293808E1,1.079096603E1,2.045331566E1
1.574680588E1,2.439691544E0,-1.720293808E1,1.079096603E1,2.045331566E1
1.574880588E1,2.439691544E0,-1.720293808E1,1.079096603E1,2.045331566E1
1.575080501E1,2.439691544E0,-1.720293808E1,1.079096603E1,2.045331566E1
1.575280411E1,2.439691544E0,-1.720293808E1,1.079096603E1,2.045331566E1
1.575480411E1,2.439691544E0,-1.720293808E1,1.079096603E1,2.045331566E1
1.575680407E1,2.439691544E0,-1.720293808E1,1.079096603E1,2.045331566E1
1.575880327E1,2.439691544E0,-1.720293808E1,1.079096603E1,2.045331566E1
1.576080324E1,-4.266467571E0,-1.484943771E1,3.735553360E1,4.042455240E1
1.576280321E1,-4.266467571E0,-1.484943771E1,3.735553360E1,4.042455240E1
1.576480317E1,-4.266467571E0,-1.484943771E1,3.735553360E1,4.042455240E1
1.576680314E1,-4.266467571E0,-1.484943771E1,3.735553360E1,4.042455240E1
1.576880310E1,-4.266467571E0,-1.484943771E1,3.735553360E1,4.042455240E1
1.577080397E1,-4.266467571E0,-1.484943771E1,3.735553360E1,4.042455240E1
1.577280507E1,-4.266467571E0,-1.484943771E1,3.735553360E1,4.042455240E1
1.577480510E1,-4.266467571E0,-1.484943771E1,3.735553360E1,4.042455240E1
1.577680514E1,-4.266467571E0,-1.484943771E1,3.735553360E1,4.042455240E1
1.577880517E1,-4.266467571E0,-1.484943771E1,3.735553360E1,4.042455240E1
1.578080520E1,-1.819593310E0,-8.075942039E0,4.403295898E1,4.480438859E1
1.578280614E1,-1.819593310E0,-8.075942039E0,4.403295898E1,4.480438859E1
1.578480617E1,-1.819593310E0,-8.075942039E0,4.403295898E1,4.480438859E1
1.578680617E1,-1.819593310E0,-8.075942039E0,4.403295898E1,4.480438859E1
1.578880613E1,-1.819593310E0,-8.075942039E0,4.403295898E1,4.480438859E1
1.579080610E1,-1.819593310E0,-8.075942039E0,4.403295898E1,4.480438859E1
1.579280607E1,-1.819593310E0,-8.075942039E0,4.403295898E1,4.480438859E1
1.579480603E1,-1.819593310E0,-8.075942039E0,4.403295898E1,4.480438859E1
1.579680600E1,-1.819593310E0,-8.075942039E0,4.403295898E1,4.480438859E1
1.579880596E1,-1.819593310E0,-8.075942039E0,4.403295898E1,4.480438859E1
1.580080560E1,2.418143749E0,-4.333505154E0,3.468120956E1,3.503445423E1
1.580280546E1,2.418143749E0,-4.333505154E0,3.468120956E1,3.503445423E1
1.580480546E1,2.418143749E0,-4.333505154E0,3.468120956E1,3.503445423E1
1.580680546E1,2.418143749E0,-4.333505154E0,3.468120956E1,3.503445423E1
1.580880546E1,2.418143749E0,-4.333505154E0,3.468120956E1,3.503445423E1
1.581080633E1,2.418143749E0,-4.333505154E0,3.468120956E1,3.503445423E1
1.581280803E1,2.418143749E0,-4.333505154E0,3.468120956E1,3.503445423E1
1.581480803E1,2.418143749E0,-4.333505154E0,3.468120956E1,3.503445423E1
1.581680803E1,2.418143749E0,-4.333505154E0,3.468120956E1,3.503445423E1
1.581880880E1,2.418143749E0,-4.333505154E0,3.468120956E1,3.503445423E1
1.582080883E1,-8.571242094E-1,-1.972822189E0,2.839134216E1,2.847270621E1
1.582280886E1,-8.571242094E-1,-1.972822189E0,2.839134216E1,2.847270621E1
1.582480889E1,-8.571242094E-1,-1.972822189E0,2.839134216E1,2.847270621E1
1.582680893E1,-8.571242094E-1,-1.972822189E0,2.839134216E1,2.847270621E1
1.582880896E1,-8.571242094E-1,-1.972822189E0,2.839134216E1,2.847270621E1
1.583080843E1,-8.571242094E-1,-1.972822189E0,2.839134216E1,2.847270621E1
1.583280826E1,-8.571242094E-1,-1.972822189E0,2.839134216E1,2.847270621E1
1.583480826E1,-8.571242094E-1,-1.972822189E0,2.839134216E1,2.847270621E1
1.583680822E1,-8.571242094E-1,-1.972822189E0,2.839134216E1,2.847270621E1
1.583880899E1,-8.571242094E-1,-1.972822189E0,2.839134216E1,2.847270621E1
1.584080896E1,-5.226841450E0,1.587355733E0,2.575293159E1,2.632590085E1
1.584280802E1,-5.226841450E0,1.587355733E0,2.575293159E1,2.632590085E1
1.584480799E1,-5.226841450E0,1.587355733E0,2.575293159E1,2.632590085E1
1.584680796E1,-5.226841450E0,1.587355733E0,2.575293159E1,2.632590085E1
1.584880796E1,-5.226841450E0,1.587355733E0,2.575293159E1,2.632590085E1
1.585080796E1,-5.226841450E0,1.587355733E0,2.575293159E1,2.632590085E1
1.585280799E1,-5.226841450E0,1.587355733E0,2.575293159E1,2.632590085E1
1.585480802E1,-5.226841450E0,1.587355733E0,2.575293159E1,2.632590085E1
1.585680805E1,-5.226841450E0,1.587355733E0,2.575293159E1,2.632590085E1
1.585880809E1,-5.226841450E0,1.587355733E0,2.575293159E1,2.632590085E1
1.586080845E1,-2.454056740E0,3.730166197E0,2.483595276E1,2.523412538E1
1.586280849E1,-2.454056740E0,3.730166197E0,2.483595276E1,2.523412538E1
1.586480852E1,-2.454056740E0,3.730166197E0,2.483595276E1,2.523412538E1
1.586680855E1,-2.454056740E0,3.730166197E0,2.483595276E1,2.523412538E1
1.586880855E1,-2.454056740E0,3.730166197E0,2.483595276E1,2.523412538E1
1.587080768E1,-2.454056740E0,3.730166197E0,2.483595276E1,2.523412538E1
1.587280645E1,-2.454056740E0,3.730166197E0,2.483595276E1,2.523412538E1
1.587480645E1,-2.454056740E0,3.730166197E0,2.483595276E1,2.523412538E1
1.587680645E1,-2.454056740E0,3.730166197E0,2.483595276E1,2.523412538E1
1.587880645E1,-2.454056740E0,3.730166197E0,2.483595276E1,2.523412538E1
1.588080642E1,2.619256735E0,3.526659012E0,2.417964172E1,2.457545327E1
1.588280638E1,2.619256735E0,3.526659012E0,2.417964172E1,2.457545327E1
1.588480608E1,2.619256735E0,3.526659012E0,2.417964172E1,2.457545327E1
1.588680605E1,2.619256735E0,3.526659012E0,2.417964172E1,2.457545327E1
1.588880602E1,2.619256735E0,3.526659012E0,2.417964172E1,2.457545327E1
1.589080655E1,2.619256735E0,3.526659012E0,2.417964172E1,2.457545327E1
1.589280651E1,2.619256735E0,3.526659012E0,2.417964172E1,2.457545327E1
1.589480648E1,2.619256735E0,3.526659012E0,2.417964172E1,2.457545327E1
1.589680648E1,2.619256735E0,3.526659012E0,2.417964172E1,2.457545327E1
1.589880571E1,2.619256735E0,3.526659012E0,2.417964172E1,2.457545327E1
1.590080655E1,3.122039080E0,2.226607561E0,2.288198471E1,2.320108044E1
1.590280658E1,3.122039080E0,2.226607561E0,2.288198471E1,2.320108044E1
1.590480661E1,3.122039080E0,2.226607561E0,2.288198471E1,2.320108044E1
1.590680665E1,3.122039080E0,2.226607561E0,2.288198471E1,2.320108044E1
1.590880668E1,3.122039080E0,2.226607561E0,2.288198471E1,2.320108044E1
1.591080584E1,3.122039080E0,2.226607561E0,2.288198471E1,2.320108044E1
1.591280584E1,3.122039080E0,2.226607561E0,2.288198471E1,2.320108044E1
1.591480581E1,3.122039080E0,2.226607561E0,2.288198471E1,2.320108044E1
1.591680578E1,3.122039080E0,2.226607561E0,2.288198471E1,2.320108044E1
1.591880714E1,3.122039080E0,2.226607561E0,2.288198471E1,2.320108044E1
1.592080711E1,1.391031146E0,5.410895944E-1,1.828990555E1,1.835070545E1
1.592280707E1,1.391031146E0,5.410895944E-1,1.828990555E1,1.835070545E1
1.592480704E1,1.391031146E0,5.410895944E-1,1.828990555E1,1.835070545E1
1.592680701E1,1.391031146E0,5.410895944E-1,1.828990555E1,1.835070545E1
1.592880701E1,1.391031146E0,5.410895944E-1,1.828990555E1,1.835070545E1
1.593080791E1,1.391031146E0,5.410895944E-1,1.828990555E1,1.835070545E1
1.593280837E1,1.391031146E0,5.410895944E-1,1.828990555E1,1.835070545E1
1.593480841E1,1.391031146E0,5.410895944E-1,1.828990555E1,1.835070545E1
1.593680844E1,1.391031146E0,5.410895944E-1,1.828990555E1,1.835070545E1
1.593880847E1,1.391031146E0,5.410895944E-1,1.828990555E1,1.835070545E1
1.594080850E1,-9.768342972E-1,-6.727706790E-1,1.197370243E1,1.203230550E1
1.594280830E1,-9.768342972E-1,-6.727706790E-1,1.197370243E1,1.203230550E1
1.594480860E1,-9.768342972E-1,-6.727706790E-1,1.197370243E1,1.203230550E1
1.594680860E1,-9.768342972E-1,-6.727706790E-1,1.197370243E1,1.203230550E1
1.594880860E1,-9.768342972E-1,-6.727706790E-1,1.197370243E1,1.203230550E1
1.595080774E1,-9.768342972E-1,-6.727706790E-1,1.197370243E1,1.203230550E1
1.595280684E1,-9.768342972E-1,-6.727706790E-1,1.197370243E1,1.203230550E1
1.595480724E1,-9.768342972E-1,-6.727706790E-1,1.197370243E1,1.203230550E1
1.595680724E1,-9.768342972E-1,-6.727706790E-1,1.197370243E1,1.203230550E1
1.595880720E1,-9.768342972E-1,-6.727706790E-1,1.197370243E1,1.203230550E1
1.596080637E1,-3.289633036E0,-7.015010715E-1,7.257124424E0,7.998727659E0
1.596280634E1,-3.289633036E0,-7.015010715E-1,7.257124424E0,7.998727659E0
1.596480630E1,-3.289633036E0,-7.015010715E-1,7.257124424E0,7.998727659E0
1.596680627E1,-3.289633036E0,-7.015010715E-1,7.257124424E0,7.998727659E0
1.596880623E1,-3.289633036E0,-7.015010715E-1,7.257124424E0,7.998727659E0
1.597080707E1,-3.289633036E0,-7.015010715E-1,7.257124424E0,7.998727659E0
1.597280703E1,-3.289633036E0,-7.015010715E-1,7.257124424E0,7.998727659E0
1.597480703E1,-3.289633036E0,-7.015010715E-1,7.257124424E0,7.998727659E0
1.597680707E1,-3.289633036E0,-7.015010715E-1,7.257124424E0,7.998727659E0
1.597880570E1,-3.090914488E0,5.530605912E-1,6.220435143E0,6.968029976E0
1.598080573E1,-3.090914488E0,5.530605912E-1,6.220435143E0,6.968029976E0
1.598280576E1,-3.090914488E0,5.530605912E-1,6.220435143E0,6.968029976E0
1.598480580E1,-3.090914488E0,5.530605912E-1,6.220435143E0,6.968029976E0
1.598680583E1,-3.090914488E0,5.530605912E-1,6.220435143E0,6.968029976E0
1.598880586E1,-3.090914488E0,5.530605912E-1,6.220435143E0,6.968029976E0
1.599080586E1,-3.090914488E0,5.530605912E-1,6.220435143E0,6.968029976E0
1.599280583E1,-3.090914488E0,5.530605912E-1,6.220435143E0,6.968029976E0
1.599480580E1,-3.090914488E0,5.530605912E-1,6.220435143E0,6.968029976E0
1.599680576E1,-3.090914488E0,5.530605912E-1,6.220435143E0,6.968029976E0
1.599880573E1,-9.409212470E-1,1.034295082E0,5.346551895E0,5.526365558E0
1.600080569E1,-9.409212470E-1,1.034295082E0,5.346551895E0,5.526365558E0
1.600280589E1,-9.409212470E-1,1.034295082E0,5.346551895E0,5.526365558E0
1.600480586E1,-9.409212470E-1,1.034295082E0,5.346551895E0,5.526365558E0
1.600680586E1,-9.409212470E-1,1.034295082E0,5.346551895E0,5.526365558E0
1.600880589E1,-9.409212470E-1,1.034295082E0,5.346551895E0,5.526365558E0
1.601080679E1,-9.409212470E-1,1.034295082E0,5.346551895E0,5.526365558E0
1.601280773E1,-9.409212470E-1,1.034295082E0,5.346551895E0,5.526365558E0
1.601480736E1,-9.409212470E-1,1.034295082E0,5.346551895E0,5.526365558E0
1.601680739E1,-9.409212470E-1,1.034295082E0,5.346551895E0,5.526365558E0
1.601880742E1,-3.303998411E-1,8.188169599E-1,4.347870350E0,4.436620544E0
1.602080746E1,-3.303998411E-1,8.188169599E-1,4.347870350E0,4.436620544E0
1.602280749E1,-3.303998411E-1,8.188169599E-1,4.347870350E0,4.436620544E0
1.602480749E1,-3.303998411E-1,8.188169599E-1,4.347870350E0,4.436620544E0
1.602680749E1,-3.303998411E-1,8.188169599E-1,4.347870350E0,4.436620544E0
1.602880749E1,-3.303998411E-1,8.188169599E-1,4.347870350E0,4.436620544E0
1.603080659E1,-3.303998411E-1,8.188169599E-1,4.347870350E0,4.436620544E0
1.603280659E1,-3.303998411E-1,8.188169599E-1,4.347870350E0,4.436620544E0
1.603480659E1,-3.303998411E-1,8.188169599E-1,4.347870350E0,4.436620544E0
1.603680656E1,-3.303998411E-1,8.188169599E-1,4.347870350E0,4.436620544E0
1.603880652E1,-2.147598982E0,-6.224924326E-2,6.299443722E0,6.655752967E0
1.604080649E1,-2.147598982E0,-6.224924326E-2,6.299443722E0,6.655752967E0
1.604280645E1,-2.147598982E0,-6.224924326E-2,6.299443722E0,6.655752967E0
1.604480642E1,-2.147598982E0,-6.224924326E-2,6.299443722E0,6.655752967E0
1.604680639E1,-2.147598982E0,-6.224924326E-2,6.299443722E0,6.655752967E0
1.604880635E1,-2.147598982E0,-6.224924326E-2,6.299443722E0,6.655752967E0
1.605080632E1,-2.147598982E0,-6.224924326E-2,6.299443722E0,6.655752967E0
1.605280632E1,-2.147598982E0,-6.224924326E-2,6.299443722E0,6.655752967E0
1.605480635E1,-2.147598982E0,-6.224924326E-2,6.299443722E0,6.655752967E0
1.605680638E1,-2.147598982E0,-6.224924326E-2,6.299443722E0,6.655752967E0
1.605880642E1,-4.417302132E0,-1.142034173E0,8.499714851E0,9.646862326E0
1.606080645E1,-4.417302132E0,-1.142034173E0,8.499714851E0,9.646862326E0
1.606280732E1,-4.417302132E0,-1.142034173E0,8.499714851E0,9.646862326E0
1.606480735E1,-4.417302132E0,-1.142034173E0,8.499714851E0,9.646862326E0
1.606680738E1,-4.417302132E0,-1.142034173E0,8.499714851E0,9.646862326E0
1.606880738E1,-4.417302132E0,-1.142034173E0,8.499714851E0,9.646862326E0
1.607080648E1,-4.417302132E0,-1.142034173E0,8.499714851E0,9.646862326E0
1.607280645E1,-4.417302132E0,-1.142034173E0,8.499714851E0,9.646862326E0
1.607480641E1,-4.417302132E0,-1.142034173E0,8.499714851E0,9.646862326E0
1.607680638E1,-4.417302132E0,-1.142034173E0,8.499714851E0,9.646862326E0
1.607880635E1,-5.353734493E0,-2.078166962E0,9.725546837E0,1.129457889E1
1.608080631E1,-5.353734493E0,-2.078166962E0,9.725546837E0,1.129457889E1
1.608280628E1,-5.353734493E0,-2.078166962E0,9.725546837E0,1.129457889E1
1.608480628E1,-5.353734493E0,-2.078166962E0,9.725546837E0,1.129457889E1
1.608680631E1,-5.353734493E0,-2.078166962E0,9.725546837E0,1.129457889E1
1.608880634E1,-5.353734493E0,-2.078166962E0,9.725546837E0,1.129457889E1
1.609080728E1,-5.353734493E0,-2.078166962E0,9.725546837E0,1.129457889E1
1.609280731E1,-5.353734493E0,-2.078166962E0,9.725546837E0,1.129457889E1
1.609480734E1,-5.353734493E0,-2.078166962E0,9.725546837E0,1.129457889E1
1.609680738E1,-5.353734493E0,-2.078166962E0,9.725546837E0,1.129457889E1
1.609880741E1,-5.471050262E0,-2.473210335E0,1.033367348E1,1.195131657E1
1.610080744E1,-5.471050262E0,-2.473210335E0,1.033367348E1,1.195131657E1
1.610280744E1,-5.471050262E0,-2.473210335E0,1.033367348E1,1.195131657E1
1.610480704E1,-5.471050262E0,-2.473210335E0,1.033367348E1,1.195131657E1
1.610680704E1,-5.471050262E0,-2.473210335E0,1.033367348E1,1.195131657E1
1.610880704E1,-5.471050262E0,-2.473210335E0,1.033367348E1,1.195131657E1
1.611080618E1,-5.471050262E0,-2.473210335E0,1.033367348E1,1.195131657E1
1.611280598E1,-5.471050262E0,-2.473210335E0,1.033367348E1,1.195131657E1
1.611480594E1,-5.471050262E0,-2.473210335E0,1.033367348E1,1.195131657E1
1.611680591E1,-5.471050262E0,-2.473210335E0,1.033367348E1,1.195131657E1
1.611880587E1,-4.493916512E0,-2.229001760E0,1.037916374E1,1.152782609E1
1.612080584E1,-4.493916512E0,-2.229001760E0,1.037916374E1,1.152782609E1
1.612280497E1,-4.493916512E0,-2.229001760E0,1.037916374E1,1.152782609E1
1.612480494E1,-4.493916512E0,-2.229001760E0,1.037916374E1,1.152782609E1
1.612680490E1,-4.493916512E0,-2.229001760E0,1.037916374E1,1.152782609E1
1.612880487E1,-4.493916512E0,-2.229001760E0,1.037916374E1,1.152782609E1
1.613080574E1,-4.493916512E0,-2.229001760E0,1.037916374E1,1.152782609E1
1.613280577E1,-4.493916512E0,-2.229001760E0,1.037916374E1,1.152782609E1
1.613480580E1,-4.493916512E0,-2.229001760E0,1.037916374E1,1.152782609E1
1.613680534E1,-4.493916512E0,-2.229001760E0,1.037916374E1,1.152782609E1
1.613880537E1,-2.817975283E0,-7.182605267E-1,1.038395214E1,1.078347555E1
1.614080540E1,-2.817975283E0,-7.182605267E-1,1.038395214E1,1.078347555E1
1.614280543E1,-2.817975283E0,-7.182605267E-1,1.038395214E1,1.078347555E1
1.614480547E1,-2.817975283E0,-7.182605267E-1,1.038395214E1,1.078347555E1
1.614680547E1,-2.817975283E0,-7.182605267E-1,1.038395214E1,1.078347555E1
1.614880543E1,-2.817975283E0,-7.182605267E-1,1.038395214E1,1.078347555E1
1.615080453E1,-2.817975283E0,-7.182605267E-1,1.038395214E1,1.078347555E1
1.615280360E1,-2.817975283E0,-7.182605267E-1,1.038395214E1,1.078347555E1
1.615480356E1,-2.817975283E0,-7.182605267E-1,1.038395214E1,1.078347555E1
1.615680353E1,-2.817975283E0,-7.182605267E-1,1.038395214E1,1.078347555E1
1.615880350E1,-9.433154464E-1,1.024718285E0,8.705616951E0,8.816329060E0
1.616080346E1,-9.433154464E-1,1.024718285E0,8.705616951E0,8.816329060E0
1.616280346E1,-9.433154464E-1,1.024718285E0,8.705616951E0,8.816329060E0
1.616480390E1,-9.433154464E-1,1.024718285E0,8.705616951E0,8.816329060E0
1.616680393E1,-9.433154464E-1,1.024718285E0,8.705616951E0,8.816329060E0
1.616880396E1,-9.433154464E-1,1.024718285E0,8.705616951E0,8.816329060E0
1.617080486E1,-9.433154464E-1,1.024718285E0,8.705616951E0,8.816329060E0
1.617280510E1,-9.433154464E-1,1.024718285E0,8.705616951E0,8.816329060E0
1.617480513E1,-9.433154464E-1,1.024718285E0,8.705616951E0,8.816329060E0
1.617680516E1,-9.433154464E-1,1.024718285E0,8.705616951E0,8.816329060E0
1.617880519E1,1.039083481E0,2.705447912E0,6.953061104E0,7.532874723E0
1.618080519E1,1.039083481E0,2.705447912E0,6.953061104E0,7.532874723E0
1.618280519E1,1.039083481E0,2.705447912E0,6.953061104E0,7.532874723E0
1.618480519E1,1.039083481E0,2.705447912E0,6.953061104E0,7.532874723E0
1.618680519E1,1.039083481E0,2.705447912E0,6.953061104E0,7.532874723E0
1.618880519E1,1.039083481E0,2.705447912E0,6.953061104E0,7.532874723E0
1.619080519E1,1.039083481E0,2.705447912E0,6.953061104E0,7.532874723E0
1.619280516E1,1.039083481E0,2.705447912E0,6.953061104E0,7.532874723E0
1.619480513E1,1.039083481E0,2.705447912E0,6.953061104E0,7.532874723E0
1.619680559E1,1.039083481E0,2.705447912E0,6.953061104E0,7.532874723E0
1.619880556E1,2.789244890E0,4.292803764E0,6.663362503E0,8.402883497E0
1.620080552E1,2.789244890E0,4.292803764E0,6.663362503E0,8.402883497E0
1.620280549E1,2.789244890E0,4.292803764E0,6.663362503E0,8.402883497E0
1.620480546E1,2.789244890E0,4.292803764E0,6.663362503E0,8.402883497E0
1.620680542E1,2.789244890E0,4.292803764E0,6.663362503E0,8.402883497E0
1.620880542E1,2.789244890E0,4.292803764E0,6.663362503E0,8.402883497E0
1.621080632E1,2.789244890E0,4.292803764E0,6.663362503E0,8.402883497E0
1.621280726E1,2.789244890E0,4.292803764E0,6.663362503E0,8.402883497E0
1.621480729E1,2.789244890E0,4.292803764E0,6.663362503E0,8.402883497E0
1.621680732E1,2.789244890E0,4.292803764E0,6.663362503E0,8.402883497E0
1.621880772E1,3.641580820E0,4.968267918E0,8.573935509E0,1.055732765E1
1.622080775E1,3.641580820E0,4.968267918E0,8.573935509E0,1.055732765E1
1.622280779E1,3.641580820E0,4.968267918E0,8.573935509E0,1.055732765E1
1.622480779E1,3.641580820E0,4.968267918E0,8.573935509E0,1.055732765E1
1.622680775E1,3.641580820E0,4.968267918E0,8.573935509E0,1.055732765E1
1.622880772E1,3.641580820E0,4.968267918E0,8.573935509E0,1.055732765E1
1.623080715E1,3.641580820E0,4.968267918E0,8.573935509E0,1.055732765E1
1.623280712E1,3.641580820E0,4.968267918E0,8.573935509E0,1.055732765E1
1.623480708E1,3.641580820E0,4.968267918E0,8.573935509E0,1.055732765E1
1.623680705E1,3.641580820E0,4.968267918E0,8.573935509E0,1.055732765E1
1.623880702E1,3.749319792E0,4.776432514E0,8.468590736E0,1.042059190E1
1.624080702E1,3.749319792E0,4.776432514E0,8.468590736E0,1.042059190E1
1.624280705E1,3.749319792E0,4.776432514E0,8.468590736E0,1.042059190E1
1.624480708E1,3.749319792E0,4.776432514E0,8.468590736E0,1.042059190E1
1.624680712E1,3.749319792E0,4.776432514E0,8.468590736E0,1.042059190E1
1.624880715E1,3.749319792E0,4.776432514E0,8.468590736E0,1.042059190E1
1.625080718E1,3.749319792E0,4.776432514E0,8.468590736E0,1.042059190E1
1.625280721E1,3.749319792E0,4.776432514E0,8.468590736E0,1.042059190E1
1.625480725E1,3.749319792E0,4.776432514E0,8.468590736E0,1.042059190E1
1.625680728E1,2.655169725E0,3.809175014E0,7.664138794E0,8.960957762E0
1.625880728E1,2.655169725E0,3.809175014E0,7.664138794E0,8.960957762E0
1.626080728E1,2.655169725E0,3.809175014E0,7.664138794E0,8.960957762E0
1.626280728E1,2.655169725E0,3.809175014E0,7.664138794E0,8.960957762E0
1.626480728E1,2.655169725E0,3.809175014E0,7.664138794E0,8.960957762E0
1.626680728E1,2.655169725E0,3.809175014E0,7.664138794E0,8.960957762E0
1.626880728E1,2.655169725E0,3.809175014E0,7.664138794E0,8.960957762E0
1.627080638E1,2.655169725E0,3.809175014E0,7.664138794E0,8.960957762E0
1.627280635E1,2.655169725E0,3.809175014E0,7.664138794E0,8.960957762E0
1.627480631E1,2.655169725E0,3.809175014E0,7.664138794E0,8.960957762E0
1.627680628E1,5.746084079E-2,2.190694571E0,1.044620132E1,1.067359202E1
1.627880588E1,5.746084079E-2,2.190694571E0,1.044620132E1,1.067359202E1
1.628080584E1,5.746084079E-2,2.190694571E0,1.044620132E1,1.067359202E1
1.628280581E1,5.746084079E-2,2.190694571E0,1.044620132E1,1.067359202E1
1.628480578E1,5.746084079E-2,2.190694571E0,1.044620132E1,1.067359202E1
1.628680578E1,5.746084079E-2,2.190694571E0,1.044620132E1,1.067359202E1
1.628880581E1,5.746084079E-2,2.190694571E0,1.044620132E1,1.067359202E1
1.629080638E1,5.746084079E-2,2.190694571E0,1.044620132E1,1.067359202E1
1.629280641E1,5.746084079E-2,2.190694571E0,1.044620132E1,1.067359202E1
1.629480644E1,5.746084079E-2,2.190694571E0,1.044620132E1,1.067359202E1
1.629680647E1,-1.771709204E0,7.158663273E-1,1.279012489E1,1.293208076E1
1.629880651E1,-1.771709204E0,7.158663273E-1,1.279012489E1,1.293208076E1
1.630080654E1,-1.771709204E0,7.158663273E-1,1.279012489E1,1.293208076E1
1.630280654E1,-1.771709204E0,7.158663273E-1,1.279012489E1,1.293208076E1
1.630480574E1,-1.771709204E0,7.158663273E-1,1.279012489E1,1.293208076E1
1.630680571E1,-1.771709204E0,7.158663273E-1,1.279012489E1,1.293208076E1
1.630880567E1,-1.771709204E0,7.158663273E-1,1.279012489E1,1.293208076E1
1.631080477E1,-1.771709204E0,7.158663273E-1,1.279012489E1,1.293208076E1
1.631280474E1,-1.771709204E0,7.158663273E-1,1.279012489E1,1.293208076E1
1.631480470E1,-1.771709204E0,7.158663273E-1,1.279012489E1,1.293208076E1
1.631680467E1,-2.542642117E0,2.226607651E-1,1.128177738E1,1.156689706E1
1.631880467E1,-2.542642117E0,2.226607651E-1,1.128177738E1,1.156689706E1
1.632080470E1,-2.542642117E0,2.226607651E-1,1.128177738E1,1.156689706E1
1.632280474E1,-2.542642117E0,2.226607651E-1,1.128177738E1,1.156689706E1
1.632480437E1,-2.542642117E0,2.226607651E-1,1.128177738E1,1.156689706E1
1.632680440E1,-2.542642117E0,2.226607651E-1,1.128177738E1,1.156689706E1
1.632880444E1,-2.542642117E0,2.226607651E-1,1.128177738E1,1.156689706E1
1.633080484E1,-2.542642117E0,2.226607651E-1,1.128177738E1,1.156689706E1
1.633280487E1,-2.542642117E0,2.226607651E-1,1.128177738E1,1.156689706E1
1.633480490E1,-2.542642117E0,2.226607651E-1,1.128177738E1,1.156689706E1
1.633680490E1,-3.739742994E0,6.464344263E-2,1.017326260E1,1.083905569E1
1.633880490E1,-3.739742994E0,6.464344263E-2,1.017326260E1,1.083905569E1
1.634080490E1,-3.739742994E0,6.464344263E-2,1.017326260E1,1.083905569E1
1.634280490E1,-3.739742994E0,6.464344263E-2,1.017326260E1,1.083905569E1
1.634480577E1,-3.739742994E0,6.464344263E-2,1.017326260E1,1.083905569E1
1.634680577E1,-3.739742994E0,6.464344263E-2,1.017326260E1,1.083905569E1
1.634880623E1,-3.739742994E0,6.464344263E-2,1.017326260E1,1.083905569E1
1.635080533E1,-3.739742994E0,6.464344263E-2,1.017326260E1,1.083905569E1
1.635280443E1,-3.739742994E0,6.464344263E-2,1.017326260E1,1.083905569E1
1.635480440E1,-3.739742994E0,6.464344263E-2,1.017326260E1,1.083905569E1
1.635680437E1,-4.881777287E0,1.915361285E-1,1.036479855E1,1.145851144E1
1.635880346E1,-4.881777287E0,1.915361285E-1,1.036479855E1,1.145851144E1
1.636080343E1,-4.881777287E0,1.915361285E-1,1.036479855E1,1.145851144E1
1.636280340E1,-4.881777287E0,1.915361285E-1,1.036479855E1,1.145851144E1
1.636480416E1,-4.881777287E0,1.915361285E-1,1.036479855E1,1.145851144E1
1.636680416E1,-4.881777287E0,1.915361285E-1,1.036479855E1,1.145851144E1
1.636880420E1,-4.881777287E0,1.915361285E-1,1.036479855E1,1.145851144E1
1.637080510E1,-4.881777287E0,1.915361285E-1,1.036479855E1,1.145851144E1
1.637280513E1,-4.881777287E0,1.915361285E-1,1.036479855E1,1.145851144E1
1.637480516E1,-4.881777287E0,1.915361285E-1,1.036479855E1,1.145851144E1
1.637680520E1,-3.591302633E0,9.361328483E-1,1.067843914E1,1.130499278E1
1.637880523E1,-3.591302633E0,9.361328483E-1,1.067843914E1,1.130499278E1
1.638080523E1,-3.591302633E0,9.361328483E-1,1.067843914E1,1.130499278E1
1.638280519E1,-3.591302633E0,9.361328483E-1,1.067843914E1,1.130499278E1
1.638480556E1,-3.591302633E0,9.361328483E-1,1.067843914E1,1.130499278E1
1.638680553E1,-3.591302633E0,9.361328483E-1,1.067843914E1,1.130499278E1
1.638880549E1,-3.591302633E0,9.361328483E-1,1.067843914E1,1.130499278E1
1.639080582E1,-3.591302633E0,9.361328483E-1,1.067843914E1,1.130499278E1
1.639280579E1,-3.591302633E0,9.361328483E-1,1.067843914E1,1.130499278E1
1.639480576E1,-3.591302633E0,9.361328483E-1,1.067843914E1,1.130499278E1
1.639680576E1,-3.232172430E-1,2.473210335E0,9.191639900E0,9.524047606E0
1.639880579E1,-3.232172430E-1,2.473210335E0,9.191639900E0,9.524047606E0
1.640080562E1,-3.232172430E-1,2.473210335E0,9.191639900E0,9.524047606E0
1.640280566E1,-3.232172430E-1,2.473210335E0,9.191639900E0,9.524047606E0
1.640480482E1,-3.232172430E-1,2.473210335E0,9.191639900E0,9.524047606E0
1.640680486E1,-3.232172430E-1,2.473210335E0,9.191639900E0,9.524047606E0
1.640880439E1,-3.232172430E-1,2.473210335E0,9.191639900E0,9.524047606E0
1.641080529E1,-3.232172430E-1,2.473210335E0,9.191639900E0,9.524047606E0
1.641280619E1,-3.232172430E-1,2.473210335E0,9.191639900E0,9.524047606E0
1.641480619E1,-3.232172430E-1,2.473210335E0,9.191639900E0,9.524047606E0
1.641680619E1,1.063025594E0,3.746925592E0,7.738358974E0,8.663236948E0
1.641880705E1,1.063025594E0,3.746925592E0,7.738358974E0,8.663236948E0
1.642080705E1,1.063025594E0,3.746925592E0,7.738358974E0,8.663236948E0
1.642280705E1,1.063025594E0,3.746925592E0,7.738358974E0,8.663236948E0
1.642480705E1,1.063025594E0,3.746925592E0,7.738358974E0,8.663236948E0
1.642680705E1,1.063025594E0,3.746925592E0,7.738358974E0,8.663236948E0
1.642880702E1,1.063025594E0,3.746925592E0,7.738358974E0,8.663236948E0
1.643080612E1,1.063025594E0,3.746925592E0,7.738358974E0,8.663236948E0
1.643280609E1,1.063025594E0,3.746925592E0,7.738358974E0,8.663236948E0
1.643480605E1,1.063025594E0,3.746925592E0,7.738358974E0,8.663236948E0
1.643680602E1,5.698199868E-1,4.594472885E0,8.107066154E0,9.335866191E0
1.643880672E1,5.698199868E-1,4.594472885E0,8.107066154E0,9.335866191E0
1.644080668E1,5.698199868E-1,4.594472885E0,8.107066154E0,9.335866191E0
1.644280668E1,5.698199868E-1,4.594472885E0,8.107066154E0,9.335866191E0
1.644480668E1,5.698199868E-1,4.594472885E0,8.107066154E0,9.335866191E0
1.644680672E1,5.698199868E-1,4.594472885E0,8.107066154E0,9.335866191E0
1.644880675E1,5.698199868E-1,4.594472885E0,8.107066154E0,9.335866191E0
1.645080692E1,5.698199868E-1,4.594472885E0,8.107066154E0,9.335866191E0
1.645280695E1,5.698199868E-1,4.594472885E0,8.107066154E0,9.335866191E0
1.645480698E1,5.698199868E-1,4.594472885E0,8.107066154E0,9.335866191E0
1.645680702E1,9.481038451E-1,4.961085320E0,8.150161743E0,9.588347349E0
1.645880702E1,9.481038451E-1,4.961085320E0,8.150161743E0,9.588347349E0
1.646080718E1,9.481038451E-1,4.961085320E0,8.150161743E0,9.588347349E0
1.646280715E1,9.481038451E-1,4.961085320E0,8.150161743E0,9.588347349E0
1.646480711E1,9.481038451E-1,4.961085320E0,8.150161743E0,9.588347349E0
1.646680708E1,9.481038451E-1,4.961085320E0,8.150161743E0,9.588347349E0
1.646880705E1,9.481038451E-1,4.961085320E0,8.150161743E0,9.588347349E0
1.647080614E1,9.481038451E-1,4.961085320E0,8.150161743E0,9.588347349E0
1.647280571E1,9.481038451E-1,4.961085320E0,8.150161743E0,9.588347349E0
1.647480571E1,9.481038451E-1,4.961085320E0,8.150161743E0,9.588347349E0
1.647680574E1,1.845929503E0,5.138256073E0,7.549217224E0,9.316641664E0
1.647880578E1,1.845929503E0,5.138256073E0,7.549217224E0,9.316641664E0
1.648080581E1,1.845929503E0,5.138256073E0,7.549217224E0,9.316641664E0
1.648280584E1,1.845929503E0,5.138256073E0,7.549217224E0,9.316641664E0
1.648480588E1,1.845929503E0,5.138256073E0,7.549217224E0,9.316641664E0
1.648680591E1,1.845929503E0,5.138256073E0,7.549217224E0,9.316641664E0
1.648880594E1,1.845929503E0,5.138256073E0,7.549217224E0,9.316641664E0
1.649080684E1,1.845929503E0,5.138256073E0,7.549217224E0,9.316641664E0
1.649280684E1,1.845929503E0,5.138256073E0,7.549217224E0,9.316641664E0
1.649480668E1,1.845929503E0,5.138256073E0,7.549217224E0,9.316641664E0
1.649680668E1,1.453280449E0,4.836287498E0,6.907571316E0,8.556649012E0
1.649880601E1,1.453280449E0,4.836287498E0,6.907571316E0,8.556649012E0
1.650080601E1,1.453280449E0,4.836287498E0,6.907571316E0,8.556649012E0
1.650280601E1,1.453280449E0,4.836287498E0,6.907571316E0,8.556649012E0
1.650480601E1,1.453280449E0,4.836287498E0,6.907571316E0,8.556649012E0
1.650680597E1,1.453280449E0,4.836287498E0,6.907571316E0,8.556649012E0
1.650880594E1,1.453280449E0,4.836287498E0,6.907571316E0,8.556649012E0
1.651080504E1,1.453280449E0,4.836287498E0,6.907571316E0,8.556649012E0
1.651280461E1,1.453280449E0,4.836287498E0,6.907571316E0,8.556649012E0
1.651480457E1,1.453280449E0,4.836287498E0,6.907571316E0,8.556649012E0
1.651680454E1,3.758896589E-1,4.477157116E0,6.383241177E0,7.805895003E0
1.651880450E1,3.758896589E-1,4.477157116E0,6.383241177E0,7.805895003E0
1.652080450E1,3.758896589E-1,4.477157116E0,6.383241177E0,7.805895003E0
1.652280450E1,3.758896589E-1,4.477157116E0,6.383241177E0,7.805895003E0
1.652480454E1,3.758896589E-1,4.477157116E0,6.383241177E0,7.805895003E0
1.652680457E1,3.758896589E-1,4.477157116E0,6.383241177E0,7.805895003E0
1.652880460E1,3.758896589E-1,4.477157116E0,6.383241177E0,7.805895003E0
1.653080550E1,3.758896589E-1,4.477157116E0,6.383241177E0,7.805895003E0
1.653280594E1,3.758896589E-1,4.477157116E0,6.383241177E0,7.805895003E0
1.653480597E1,-1.110909581E0,3.495534420E0,6.483797550E0,7.449329611E0
1.653680597E1,-1.110909581E0,3.495534420E0,6.483797550E0,7.449329611E0
1.653880594E1,-1.110909581E0,3.495534420E0,6.483797550E0,7.449329611E0
1.654080590E1,-1.110909581E0,3.495534420E0,6.483797550E0,7.449329611E0
1.654280503E1,-1.110909581E0,3.495534420E0,6.483797550E0,7.449329611E0
1.654480500E1,-1.110909581E0,3.495534420E0,6.483797550E0,7.449329611E0
1.654680497E1,-1.110909581E0,3.495534420E0,6.483797550E0,7.449329611E0
1.654880493E1,-1.110909581E0,3.495534420E0,6.483797550E0,7.449329611E0
1.655080403E1,-1.110909581E0,3.495534420E0,6.483797550E0,7.449329611E0
1.655280313E1,-1.110909581E0,3.495534420E0,6.483797550E0,7.449329611E0
1.655480333E1,-2.794033289E0,2.066195965E0,8.540416718E0,9.220331095E0
1.655680336E1,-2.794033289E0,2.066195965E0,8.540416718E0,9.220331095E0
1.655880333E1,-2.794033289E0,2.066195965E0,8.540416718E0,9.220331095E0
1.656080336E1,-2.794033289E0,2.066195965E0,8.540416718E0,9.220331095E0
1.656280340E1,-2.794033289E0,2.066195965E0,8.540416718E0,9.220331095E0
1.656480343E1,-2.794033289E0,2.066195965E0,8.540416718E0,9.220331095E0
1.656680346E1,-2.794033289E0,2.066195965E0,8.540416718E0,9.220331095E0
1.656880350E1,-2.794033289E0,2.066195965E0,8.540416718E0,9.220331095E0
1.657080436E1,-2.794033289E0,2.066195965E0,8.540416718E0,9.220331095E0
1.657280476E1,-2.794033289E0,2.066195965E0,8.540416718E0,9.220331095E0
1.657480476E1,-3.744531393E0,8.475474119E-1,1.107827091E1,1.172467221E1
1.657680476E1,-3.744531393E0,8.475474119E-1,1.107827091E1,1.172467221E1
1.657880476E1,-3.744531393E0,8.475474119E-1,1.107827091E1,1.172467221E1
1.658080476E1,-3.744531393E0,8.475474119E-1,1.107827091E1,1.172467221E1
1.658280476E1,-3.744531393E0,8.475474119E-1,1.107827091E1,1.172467221E1
1.658480473E1,-3.744531393E0,8.475474119E-1,1.107827091E1,1.172467221E1
1.658680469E1,-3.744531393E0,8.475474119E-1,1.107827091E1,1.172467221E1
1.658880466E1,-3.744531393E0,8.475474119E-1,1.107827091E1,1.172467221E1
1.659080463E1,-3.744531393E0,8.475474119E-1,1.107827091E1,1.172467221E1
1.659280459E1,-3.744531393E0,8.475474119E-1,1.107827091E1,1.172467221E1
1.659480456E1,-4.833893299E0,-2.154781483E-2,1.274463463E1,1.363057961E1
1.659680452E1,-4.833893299E0,-2.154781483E-2,1.274463463E1,1.363057961E1
1.659880452E1,-4.833893299E0,-2.154781483E-2,1.274463463E1,1.363057961E1
1.660080452E1,-4.833893299E0,-2.154781483E-2,1.274463463E1,1.363057961E1
1.660280539E1,-4.833893299E0,-2.154781483E-2,1.274463463E1,1.363057961E1
1.660480542E1,-4.833893299E0,-2.154781483E-2,1.274463463E1,1.363057961E1
1.660680546E1,-4.833893299E0,-2.154781483E-2,1.274463463E1,1.363057961E1
1.660880549E1,-4.833893299E0,-2.154781483E-2,1.274463463E1,1.363057961E1
1.661080639E1,-4.833893299E0,-2.154781483E-2,1.274463463E1,1.363057961E1
1.661280732E1,-4.833893299E0,-2.154781483E-2,1.274463463E1,1.363057961E1
1.661480732E1,-6.048052788E0,-4.620809257E-1,1.398243713E1,1.524142413E1
1.661680732E1,-6.048052788E0,-4.620809257E-1,1.398243713E1,1.524142413E1
1.661880729E1,-6.048052788E0,-4.620809257E-1,1.398243713E1,1.524142413E1
1.662080725E1,-6.048052788E0,-4.620809257E-1,1.398243713E1,1.524142413E1
1.662280722E1,-6.048052788E0,-4.620809257E-1,1.398243713E1,1.524142413E1
1.662480719E1,-6.048052788E0,-4.620809257E-1,1.398243713E1,1.524142413E1
1.662680715E1,-6.048052788E0,-4.620809257E-1,1.398243713E1,1.524142413E1
1.662880712E1,-6.048052788E0,-4.620809257E-1,1.398243713E1,1.524142413E1
1.663080622E1,-6.048052788E0,-4.620809257E-1,1.398243713E1,1.524142413E1
1.663280625E1,-6.048052788E0,-4.620809257E-1,1.398243713E1,1.524142413E1
1.663480628E1,-5.602731228E0,-3.830722719E-2,1.388666916E1,1.497436626E1
1.663680632E1,-5.602731228E0,-3.830722719E-2,1.388666916E1,1.497436626E1
1.663880635E1,-5.602731228E0,-3.830722719E-2,1.388666916E1,1.497436626E1
1.664080638E1,-5.602731228E0,-3.830722719E-2,1.388666916E1,1.497436626E1
1.664280642E1,-5.602731228E0,-3.830722719E-2,1.388666916E1,1.497436626E1
1.664480645E1,-5.602731228E0,-3.830722719E-2,1.388666916E1,1.497436626E1
1.664680648E1,-5.602731228E0,-3.830722719E-2,1.388666916E1,1.497436626E1
1.664880648E1,-5.602731228E0,-3.830722719E-2,1.388666916E1,1.497436626E1
1.665080648E1,-5.602731228E0,-3.830722719E-2,1.388666916E1,1.497436626E1
1.665280648E1,-5.602731228E0,-3.830722719E-2,1.388666916E1,1.497436626E1
1.665480648E1,-3.160346270E0,1.520318031E0,1.208144093E1,1.258015780E1
1.665680648E1,-3.160346270E0,1.520318031E0,1.208144093E1,1.258015780E1
1.665880648E1,-3.160346270E0,1.520318031E0,1.208144093E1,1.258015780E1
1.666080648E1,-3.160346270E0,1.520318031E0,1.208144093E1,1.258015780E1
1.666280645E1,-3.160346270E0,1.520318031E0,1.208144093E1,1.258015780E1
1.666480641E1,-3.160346270E0,1.520318031E0,1.208144093E1,1.258015780E1
1.666680638E1,-3.160346270E0,1.520318031E0,1.208144093E1,1.258015780E1
1.666880635E1,-3.160346270E0,1.520318031E0,1.208144093E1,1.258015780E1
1.667080545E1,-3.160346270E0,1.520318031E0,1.208144093E1,1.258015780E1
1.667280501E1,-3.160346270E0,1.520318031E0,1.208144093E1,1.258015780E1
1.667480498E1,-8.499416113E-1,3.586514235E0,9.751882553E0,1.042519537E1
1.667680494E1,-8.499416113E-1,3.586514235E0,9.751882553E0,1.042519537E1
1.667880494E1,-8.499416113E-1,3.586514235E0,9.751882553E0,1.042519537E1
1.668080498E1,-8.499416113E-1,3.586514235E0,9.751882553E0,1.042519537E1
1.668280501E1,-8.499416113E-1,3.586514235E0,9.751882553E0,1.042519537E1
1.668480504E1,-8.499416113E-1,3.586514235E0,9.751882553E0,1.042519537E1
1.668680508E1,-8.499416113E-1,3.586514235E0,9.751882553E0,1.042519537E1
1.668880511E1,-8.499416113E-1,3.586514235E0,9.751882553E0,1.042519537E1
1.669080604E1,-8.499416113E-1,3.586514235E0,9.751882553E0,1.042519537E1
1.669280604E1,-8.499416113E-1,3.586514235E0,9.751882553E0,1.042519537E1
1.669480604E1,3.258508444E0,6.342539787E0,7.836521626E0,1.059512904E1
1.669680601E1,3.258508444E0,6.342539787E0,7.836521626E0,1.059512904E1
1.669880597E1,3.258508444E0,6.342539787E0,7.836521626E0,1.059512904E1
1.670080594E1,3.258508444E0,6.342539787E0,7.836521626E0,1.059512904E1
1.670280591E1,3.258508444E0,6.342539787E0,7.836521626E0,1.059512904E1
1.670480587E1,3.258508444E0,6.342539787E0,7.836521626E0,1.059512904E1
1.670680584E1,3.258508444E0,6.342539787E0,7.836521626E0,1.059512904E1
1.670880584E1,3.258508444E0,6.342539787E0,7.836521626E0,1.059512904E1
1.671080500E1,3.258508444E0,6.342539787E0,7.836521626E0,1.059512904E1
1.671280464E1,3.258508444E0,6.342539787E0,7.836521626E0,1.059512904E1
1.671480467E1,7.891588211E0,9.466972351E0,6.261136532E0,1.382398498E1
1.671680470E1,7.891588211E0,9.466972351E0,6.261136532E0,1.382398498E1
1.671880474E1,7.891588211E0,9.466972351E0,6.261136532E0,1.382398498E1
1.672080477E1,7.891588211E0,9.466972351E0,6.261136532E0,1.382398498E1
1.672280480E1,7.891588211E0,9.466972351E0,6.261136532E0,1.382398498E1
1.672480484E1,7.891588211E0,9.466972351E0,6.261136532E0,1.382398498E1
1.672680484E1,7.891588211E0,9.466972351E0,6.261136532E0,1.382398498E1
1.672880484E1,7.891588211E0,9.466972351E0,6.261136532E0,1.382398498E1
1.673080570E1,7.891588211E0,9.466972351E0,6.261136532E0,1.382398498E1
1.673280610E1,7.891588211E0,9.466972351E0,6.261136532E0,1.382398498E1
1.673480520E1,1.026184750E1,1.199046135E1,1.771709204E0,1.588129815E1
1.673680520E1,1.026184750E1,1.199046135E1,1.771709204E0,1.588129815E1
1.673880520E1,1.026184750E1,1.199046135E1,1.771709204E0,1.588129815E1
1.674080517E1,1.026184750E1,1.199046135E1,1.771709204E0,1.588129815E1
1.674280513E1,1.026184750E1,1.199046135E1,1.771709204E0,1.588129815E1
1.674480510E1,1.026184750E1,1.199046135E1,1.771709204E0,1.588129815E1
1.674680506E1,1.026184750E1,1.199046135E1,1.771709204E0,1.588129815E1
1.674880503E1,1.026184750E1,1.199046135E1,1.771709204E0,1.588129815E1
1.675080413E1,1.026184750E1,1.199046135E1,1.771709204E0,1.588129815E1
1.675280320E1,8.449437141E0,1.140627575E1,-2.832340717E0,1.447474588E1
1.675480316E1,8.449437141E0,1.140627575E1,-2.832340717E0,1.447474588E1
1.675680316E1,8.449437141E0,1.140627575E1,-2.832340717E0,1.447474588E1
1.675880320E1,8.449437141E0,1.140627575E1,-2.832340717E0,1.447474588E1
1.676080323E1,8.449437141E0,1.140627575E1,-2.832340717E0,1.447474588E1
1.676280326E1,8.449437141E0,1.140627575E1,-2.832340717E0,1.447474588E1
1.676480330E1,8.449437141E0,1.140627575E1,-2.832340717E0,1.447474588E1
1.676680333E1,8.449437141E0,1.140627575E1,-2.832340717E0,1.447474588E1
1.676880336E1,8.449437141E0,1.140627575E1,-2.832340717E0,1.447474588E1
1.677080423E1,8.449437141E0,1.140627575E1,-2.832340717E0,1.447474588E1
1.677280463E1,8.449437141E0,1.140627575E1,-2.832340717E0,1.447474588E1
1.677480496E1,4.079719543E0,8.866027832E0,-4.980238914E0,1.095688554E1
1.677680493E1,4.079719543E0,8.866027832E0,-4.980238914E0,1.095688554E1
1.677880489E1,4.079719543E0,8.866027832E0,-4.980238914E0,1.095688554E1
1.678080486E1,4.079719543E0,8.866027832E0,-4.980238914E0,1.095688554E1
1.678280482E1,4.079719543E0,8.866027832E0,-4.980238914E0,1.095688554E1
1.678480479E1,4.079719543E0,8.866027832E0,-4.980238914E0,1.095688554E1
1.678680479E1,4.079719543E0,8.866027832E0,-4.980238914E0,1.095688554E1
1.678880482E1,4.079719543E0,8.866027832E0,-4.980238914E0,1.095688554E1
1.679080462E1,4.079719543E0,8.866027832E0,-4.980238914E0,1.095688554E1
1.679280466E1,-1.568202138E0,4.230554581E0,2.355894566E0,5.089900707E0
1.679480559E1,-1.568202138E0,4.230554581E0,2.355894566E0,5.089900707E0
1.679680562E1,-1.568202138E0,4.230554581E0,2.355894566E0,5.089900707E0
1.679880566E1,-1.568202138E0,4.230554581E0,2.355894566E0,5.089900707E0
1.680080569E1,-1.568202138E0,4.230554581E0,2.355894566E0,5.089900707E0
1.680280572E1,-1.568202138E0,4.230554581E0,2.355894566E0,5.089900707E0
1.680480572E1,-1.568202138E0,4.230554581E0,2.355894566E0,5.089900707E0
1.680680572E1,-1.568202138E0,4.230554581E0,2.355894566E0,5.089900707E0
1.680880572E1,-1.568202138E0,4.230554581E0,2.355894566E0,5.089900707E0
1.681080659E1,-1.568202138E0,4.230554581E0,2.355894566E0,5.089900707E0
1.681280749E1,-6.759130478E0,1.197100803E-2,1.976473427E1,2.088853056E1
1.681480799E1,-6.759130478E0,1.197100803E-2,1.976473427E1,2.088853056E1
1.681680799E1,-6.759130478E0,1.197100803E-2,1.976473427E1,2.088853056E1
1.681880795E1,-6.759130478E0,1.197100803E-2,1.976473427E1,2.088853056E1
1.682080792E1,-6.759130478E0,1.197100803E-2,1.976473427E1,2.088853056E1
1.682280788E1,-6.759130478E0,1.197100803E-2,1.976473427E1,2.088853056E1
1.682480785E1,-6.759130478E0,1.197100803E-2,1.976473427E1,2.088853056E1
1.682680782E1,-6.759130478E0,1.197100803E-2,1.976473427E1,2.088853056E1
1.682880778E1,-6.759130478E0,1.197100803E-2,1.976473427E1,2.088853056E1
1.683080718E1,-6.759130478E0,1.197100803E-2,1.976473427E1,2.088853056E1
1.683280715E1,-8.389581680E0,-2.372653961E0,3.565564728E1,3.670612688E1
1.683480678E1,-8.389581680E0,-2.372653961E0,3.565564728E1,3.670612688E1
1.683680682E1,-8.389581680E0,-2.372653961E0,3.565564728E1,3.670612688E1
1.683880685E1,-8.389581680E0,-2.372653961E0,3.565564728E1,3.670612688E1
1.684080688E1,-8.389581680E0,-2.372653961E0,3.565564728E1,3.670612688E1
1.684280691E1,-8.389581680E0,-2.372653961E0,3.565564728E1,3.670612688E1
1.684480695E1,-8.389581680E0,-2.372653961E0,3.565564728E1,3.670612688E1
1.684680698E1,-8.389581680E0,-2.372653961E0,3.565564728E1,3.670612688E1
1.684880681E1,-8.389581680E0,-2.372653961E0,3.565564728E1,3.670612688E1
1.685080705E1,-8.389581680E0,-2.372653961E0,3.565564728E1,3.670612688E1
1.685280701E1,-7.606678009E0,-4.651933670E0,3.134578705E1,3.258926822E1
1.685480698E1,-7.606678009E0,-4.651933670E0,3.134578705E1,3.258926822E1
1.685680694E1,-7.606678009E0,-4.651933670E0,3.134578705E1,3.258926822E1
1.685880691E1,-7.606678009E0,-4.651933670E0,3.134578705E1,3.258926822E1
1.686080688E1,-7.606678009E0,-4.651933670E0,3.134578705E1,3.258926822E1
1.686280684E1,-7.606678009E0,-4.651933670E0,3.134578705E1,3.258926822E1
1.686480684E1,-7.606678009E0,-4.651933670E0,3.134578705E1,3.258926822E1
1.686680684E1,-7.606678009E0,-4.651933670E0,3.134578705E1,3.258926822E1
1.686880684E1,-7.606678009E0,-4.651933670E0,3.134578705E1,3.258926822E1
1.687080598E1,-7.606678009E0,-4.651933670E0,3.134578705E1,3.258926822E1
1.687280588E1,-2.329558372E0,-4.125209332E0,1.361133575E1,1.441223977E1
1.687480538E1,-2.329558372E0,-4.125209332E0,1.361133575E1,1.441223977E1
1.687680538E1,-2.329558372E0,-4.125209332E0,1.361133575E1,1.441223977E1
1.687880538E1,-2.329558372E0,-4.125209332E0,1.361133575E1,1.441223977E1
1.688080538E1,-2.329558372E0,-4.125209332E0,1.361133575E1,1.441223977E1
1.688280541E1,-2.329558372E0,-4.125209332E0,1.361133575E1,1.441223977E1
1.688480544E1,-2.329558372E0,-4.125209332E0,1.361133575E1,1.441223977E1
1.688680547E1,-2.329558372E0,-4.125209332E0,1.361133575E1,1.441223977E1
1.688880551E1,-2.329558372E0,-4.125209332E0,1.361133575E1,1.441223977E1
1.689080611E1,-2.329558372E0,-4.125209332E0,1.361133575E1,1.441223977E1
1.689280614E1,3.193865061E0,2.166752577E0,-2.207453966E0,4.446171810E0
1.689480617E1,3.193865061E0,2.166752577E0,-2.207453966E0,4.446171810E0
1.689680617E1,3.193865061E0,2.166752577E0,-2.207453966E0,4.446171810E0
1.689880614E1,3.193865061E0,2.166752577E0,-2.207453966E0,4.446171810E0
1.690080610E1,3.193865061E0,2.166752577E0,-2.207453966E0,4.446171810E0
1.690280607E1,3.193865061E0,2.166752577E0,-2.207453966E0,4.446171810E0
1.690480604E1,3.193865061E0,2.166752577E0,-2.207453966E0,4.446171810E0
1.690680600E1,3.193865061E0,2.166752577E0,-2.207453966E0,4.446171810E0
1.690880614E1,5.372888088E0,7.216423035E0,-7.362469673E0,1.162543107E1
1.691080524E1,5.372888088E0,7.216423035E0,-7.362469673E0,1.162543107E1
1.691280524E1,5.372888088E0,7.216423035E0,-7.362469673E0,1.162543107E1
1.691480527E1,5.372888088E0,7.216423035E0,-7.362469673E0,1.162543107E1
1.691680530E1,5.372888088E0,7.216423035E0,-7.362469673E0,1.162543107E1
1.691880534E1,5.372888088E0,7.216423035E0,-7.362469673E0,1.162543107E1
1.692080537E1,5.372888088E0,7.216423035E0,-7.362469673E0,1.162543107E1
1.692280540E1,5.372888088E0,7.216423035E0,-7.362469673E0,1.162543107E1
1.692480543E1,5.372888088E0,7.216423035E0,-7.362469673E0,1.162543107E1
1.692680547E1,5.372888088E0,7.216423035E0,-7.362469673E0,1.162543107E1
1.692880550E1,5.372888088E0,7.216423035E0,-7.362469673E0,1.162543107E1
1.693080637E1,5.372888088E0,7.216423035E0,-7.362469673E0,1.162543107E1
1.693280647E1,4.838681698E0,8.456619263E0,-8.875604630E0,1.317966644E1
1.693480647E1,4.838681698E0,8.456619263E0,-8.875604630E0,1.317966644E1
1.693680647E1,4.838681698E0,8.456619263E0,-8.875604630E0,1.317966644E1
1.693880647E1,4.838681698E0,8.456619263E0,-8.875604630E0,1.317966644E1
1.694080647E1,4.838681698E0,8.456619263E0,-8.875604630E0,1.317966644E1
1.694280643E1,4.838681698E0,8.456619263E0,-8.875604630E0,1.317966644E1
1.694480640E1,4.838681698E0,8.456619263E0,-8.875604630E0,1.317966644E1
1.694680636E1,4.838681698E0,8.456619263E0,-8.875604630E0,1.317966644E1
1.694880633E1,2.940079689E0,9.258677483E0,-1.345092487E1,1.659200281E1
1.695080543E1,2.940079689E0,9.258677483E0,-1.345092487E1,1.659200281E1
1.695280453E1,2.940079689E0,9.258677483E0,-1.345092487E1,1.659200281E1
1.695480450E1,2.940079689E0,9.258677483E0,-1.345092487E1,1.659200281E1
1.695680446E1,2.940079689E0,9.258677483E0,-1.345092487E1,1.659200281E1
1.695880446E1,2.940079689E0,9.258677483E0,-1.345092487E1,1.659200281E1
1.696080450E1,2.940079689E0,9.258677483E0,-1.345092487E1,1.659200281E1
1.696280453E1,2.940079689E0,9.258677483E0,-1.345092487E1,1.659200281E1
1.696480513E1,2.940079689E0,9.258677483E0,-1.345092487E1,1.659200281E1
1.696680516E1,2.940079689E0,9.258677483E0,-1.345092487E1,1.659200281E1
1.696880519E1,2.940079689E0,9.258677483E0,-1.345092487E1,1.659200281E1
1.697080609E1,2.940079689E0,9.258677483E0,-1.345092487E1,1.659200281E1
1.697280613E1,1.618480325E0,1.089152241E1,-2.413894081E1,2.653173953E1
1.697480613E1,1.618480325E0,1.089152241E1,-2.413894081E1,2.653173953E1
1.697680609E1,1.618480325E0,1.089152241E1,-2.413894081E1,2.653173953E1
1.697880606E1,1.618480325E0,1.089152241E1,-2.413894081E1,2.653173953E1
1.698080602E1,1.618480325E0,1.089152241E1,-2.413894081E1,2.653173953E1
1.698280599E1,1.618480325E0,1.089152241E1,-2.413894081E1,2.653173953E1
1.698480596E1,1.618480325E0,1.089152241E1,-2.413894081E1,2.653173953E1
1.698680592E1,1.618480325E0,1.089152241E1,-2.413894081E1,2.653173953E1
1.698880589E1,1.618480325E0,1.089152241E1,-2.413894081E1,2.653173953E1
1.699080589E1,1.618480325E0,1.089152241E1,-2.413894081E1,2.653173953E1
1.699280592E1,5.214870453E0,8.609848976E0,-2.332730484E1,2.540644651E1
1.699480596E1,5.214870453E0,8.609848976E0,-2.332730484E1,2.540644651E1
1.699680599E1,5.214870453E0,8.609848976E0,-2.332730484E1,2.540644651E1
1.699880602E1,5.214870453E0,8.609848976E0,-2.332730484E1,2.540644651E1
1.700080605E1,5.214870453E0,8.609848976E0,-2.332730484E1,2.540644651E1
1.700280609E1,5.214870453E0,8.609848976E0,-2.332730484E1,2.540644651E1
1.700480612E1,5.214870453E0,8.609848976E0,-2.332730484E1,2.540644651E1
1.700680615E1,5.214870453E0,8.609848976E0,-2.332730484E1,2.540644651E1
1.700880615E1,5.214870453E0,8.609848976E0,-2.332730484E1,2.540644651E1
1.701080702E1,5.214870453E0,8.609848976E0,-2.332730484E1,2.540644651E1
1.701280889E1,2.803610086E0,3.840299606E0,-1.108066463E1,1.205774686E1
1.701480888E1,2.803610086E0,3.840299606E0,-1.108066463E1,1.205774686E1
1.701680888E1,2.803610086E0,3.840299606E0,-1.108066463E1,1.205774686E1
1.701880889E1,2.803610086E0,3.840299606E0,-1.108066463E1,1.205774686E1
1.702080885E1,2.803610086E0,3.840299606E0,-1.108066463E1,1.205774686E1
1.702280882E1,2.803610086E0,3.840299606E0,-1.108066463E1,1.205774686E1
1.702480822E1,2.803610086E0,3.840299606E0,-1.108066463E1,1.205774686E1
1.702680832E1,2.803610086E0,3.840299606E0,-1.108066463E1,1.205774686E1
1.702880828E1,2.803610086E0,3.840299606E0,-1.108066463E1,1.205774686E1
1.703080768E1,2.803610086E0,3.840299606E0,-1.108066463E1,1.205774686E1
1.703280765E1,-1.022324085E0,-7.589619160E-1,-1.980004787E0,2.354057918E0
1.703480762E1,-1.022324085E0,-7.589619160E-1,-1.980004787E0,2.354057918E0
1.703680762E1,-1.022324085E0,-7.589619160E-1,-1.980004787E0,2.354057918E0
1.703880765E1,-1.022324085E0,-7.589619160E-1,-1.980004787E0,2.354057918E0
1.704080768E1,-1.022324085E0,-7.589619160E-1,-1.980004787E0,2.354057918E0
1.704280771E1,-1.022324085E0,-7.589619160E-1,-1.980004787E0,2.354057918E0
1.704480775E1,-1.022324085E0,-7.589619160E-1,-1.980004787E0,2.354057918E0
1.704680778E1,-1.022324085E0,-7.589619160E-1,-1.980004787E0,2.354057918E0
1.704880781E1,-1.022324085E0,-7.589619160E-1,-1.980004787E0,2.354057918E0
1.705080785E1,-1.022324085E0,-7.589619160E-1,-1.980004787E0,2.354057918E0
1.705280778E1,-4.742913723E0,-3.234566450E0,1.430804825E1,1.541680562E1
1.705480774E1,-4.742913723E0,-3.234566450E0,1.430804825E1,1.541680562E1
1.705680771E1,-4.742913723E0,-3.234566450E0,1.430804825E1,1.541680562E1
1.705880768E1,-4.742913723E0,-3.234566450E0,1.430804825E1,1.541680562E1
1.706080764E1,-4.742913723E0,-3.234566450E0,1.430804825E1,1.541680562E1
1.706280761E1,-4.742913723E0,-3.234566450E0,1.430804825E1,1.541680562E1
1.706480758E1,-4.742913723E0,-3.234566450E0,1.430804825E1,1.541680562E1
1.706680754E1,-4.742913723E0,-3.234566450E0,1.430804825E1,1.541680562E1
1.706880754E1,-4.417302132E0,-1.620874524E0,3.837306595E1,3.866047054E1
1.707080671E1,-4.417302132E0,-1.620874524E0,3.837306595E1,3.866047054E1
1.707280574E1,-4.417302132E0,-1.620874524E0,3.837306595E1,3.866047054E1
1.707480577E1,-4.417302132E0,-1.620874524E0,3.837306595E1,3.866047054E1
1.707680581E1,-4.417302132E0,-1.620874524E0,3.837306595E1,3.866047054E1
1.707880584E1,-4.417302132E0,-1.620874524E0,3.837306595E1,3.866047054E1
1.708080587E1,-4.417302132E0,-1.620874524E0,3.837306595E1,3.866047054E1
1.708280590E1,-4.417302132E0,-1.620874524E0,3.837306595E1,3.866047054E1
1.708480594E1,-4.417302132E0,-1.620874524E0,3.837306595E1,3.866047054E1
1.708680580E1,-4.417302132E0,-1.620874524E0,3.837306595E1,3.866047054E1
1.708880580E1,-4.417302132E0,-1.620874524E0,3.837306595E1,3.866047054E1
1.709080637E1,-2.082955539E-1,-2.176329374E0,4.313752747E1,4.319289377E1
1.709280637E1,-2.082955539E-1,-2.176329374E0,4.313752747E1,4.319289377E1
1.709480637E1,-2.082955539E-1,-2.176329374E0,4.313752747E1,4.319289377E1
1.709680637E1,-2.082955539E-1,-2.176329374E0,4.313752747E1,4.319289377E1
1.709880634E1,-2.082955539E-1,-2.176329374E0,4.313752747E1,4.319289377E1
1.710080630E1,-2.082955539E-1,-2.176329374E0,4.313752747E1,4.319289377E1
1.710280627E1,-2.082955539E-1,-2.176329374E0,4.313752747E1,4.319289377E1
1.710480623E1,-2.082955539E-1,-2.176329374E0,4.313752747E1,4.319289377E1
1.710680620E1,-2.082955539E-1,-2.176329374E0,4.313752747E1,4.319289377E1
1.710880617E1,1.278503656E0,-5.523722649E0,2.468990517E1,2.533253838E1
1.711080527E1,1.278503656E0,-5.523722649E0,2.468990517E1,2.533253838E1
1.711280590E1,1.278503656E0,-5.523722649E0,2.468990517E1,2.533253838E1
1.711480590E1,1.278503656E0,-5.523722649E0,2.468990517E1,2.533253838E1
1.711680590E1,1.278503656E0,-5.523722649E0,2.468990517E1,2.533253838E1
1.711880593E1,1.278503656E0,-5.523722649E0,2.468990517E1,2.533253838E1
1.712080597E1,1.278503656E0,-5.523722649E0,2.468990517E1,2.533253838E1
1.712280600E1,1.278503656E0,-5.523722649E0,2.468990517E1,2.533253838E1
1.712480603E1,1.278503656E0,-5.523722649E0,2.468990517E1,2.533253838E1
1.712680606E1,1.278503656E0,-5.523722649E0,2.468990517E1,2.533253838E1
1.712880610E1,1.278503656E0,-5.523722649E0,2.468990517E1,2.533253838E1
1.713080696E1,-6.416460276E-1,-4.343081951E0,6.069600582E0,7.490935969E0
1.713280693E1,-6.416460276E-1,-4.343081951E0,6.069600582E0,7.490935969E0
1.713480690E1,-6.416460276E-1,-4.343081951E0,6.069600582E0,7.490935969E0
1.713680686E1,-6.416460276E-1,-4.343081951E0,6.069600582E0,7.490935969E0
1.713880683E1,-6.416460276E-1,-4.343081951E0,6.069600582E0,7.490935969E0
1.714080679E1,-6.416460276E-1,-4.343081951E0,6.069600582E0,7.490935969E0
1.714280676E1,-6.416460276E-1,-4.343081951E0,6.069600582E0,7.490935969E0
1.714480673E1,-6.416460276E-1,-4.343081951E0,6.069600582E0,7.490935969E0
1.714680672E1,-6.416460276E-1,-4.343081951E0,6.069600582E0,7.490935969E0
1.714880676E1,-2.497152328E0,-1.039083481E0,-9.093477249E0,9.487190981E0
1.715080592E1,-2.497152328E0,-1.039083481E0,-9.093477249E0,9.487190981E0
1.715280509E1,-2.497152328E0,-1.039083481E0,-9.093477249E0,9.487190981E0
1.715480512E1,-2.497152328E0,-1.039083481E0,-9.093477249E0,9.487190981E0
1.715680516E1,-2.497152328E0,-1.039083481E0,-9.093477249E0,9.487190981E0
1.715880519E1,-2.497152328E0,-1.039083481E0,-9.093477249E0,9.487190981E0
1.716080522E1,-2.497152328E0,-1.039083481E0,-9.093477249E0,9.487190981E0
1.716280526E1,-2.497152328E0,-1.039083481E0,-9.093477249E0,9.487190981E0
1.716480526E1,-2.497152328E0,-1.039083481E0,-9.093477249E0,9.487190981E0
1.716680526E1,-2.497152328E0,-1.039083481E0,-9.093477249E0,9.487190981E0
1.716880526E1,-2.497152328E0,-1.039083481E0,-9.093477249E0,9.487190981E0
1.717080612E1,-5.870882034E0,5.624279022E0,-2.996433258E1,3.104772129E1
1.717280552E1,-5.870882034E0,5.624279022E0,-2.996433258E1,3.104772129E1
1.717480552E1,-5.870882034E0,5.624279022E0,-2.996433258E1,3.104772129E1
1.717680552E1,-5.870882034E0,5.624279022E0,-2.996433258E1,3.104772129E1
1.717880549E1,-5.870882034E0,5.624279022E0,-2.996433258E1,3.104772129E1
1.718080545E1,-5.870882034E0,5.624279022E0,-2.996433258E1,3.104772129E1
1.718280542E1,-5.870882034E0,5.624279022E0,-2.996433258E1,3.104772129E1
1.718480538E1,-5.870882034E0,5.624279022E0,-2.996433258E1,3.104772129E1
1.718680535E1,-5.870882034E0,5.624279022E0,-2.996433258E1,3.104772129E1
1.718880532E1,2.782062292E0,1.091785908E1,-4.272811890E1,4.418859199E1
1.719080528E1,2.782062292E0,1.091785908E1,-4.272811890E1,4.418859199E1
1.719280528E1,2.782062292E0,1.091785908E1,-4.272811890E1,4.418859199E1
1.719480528E1,2.782062292E0,1.091785908E1,-4.272811890E1,4.418859199E1
1.719680532E1,2.782062292E0,1.091785908E1,-4.272811890E1,4.418859199E1
1.719880535E1,2.782062292E0,1.091785908E1,-4.272811890E1,4.418859199E1
1.720080538E1,2.782062292E0,1.091785908E1,-4.272811890E1,4.418859199E1
1.720280542E1,2.782062292E0,1.091785908E1,-4.272811890E1,4.418859199E1
1.720480545E1,2.782062292E0,1.091785908E1,-4.272811890E1,4.418859199E1
1.720680548E1,2.782062292E0,1.091785908E1,-4.272811890E1,4.418859199E1
1.720880548E1,2.782062292E0,1.091785908E1,-4.272811890E1,4.418859199E1
1.721080631E1,9.579500198E0,9.711181641E0,-2.886299896E1,3.192407527E1
1.721280715E1,9.579500198E0,9.711181641E0,-2.886299896E1,3.192407527E1
1.721480711E1,9.579500198E0,9.711181641E0,-2.886299896E1,3.192407527E1
1.721680708E1,9.579500198E0,9.711181641E0,-2.886299896E1,3.192407527E1
1.721880705E1,9.579500198E0,9.711181641E0,-2.886299896E1,3.192407527E1
1.722080701E1,9.579500198E0,9.711181641E0,-2.886299896E1,3.192407527E1
1.722280698E1,9.579500198E0,9.711181641E0,-2.886299896E1,3.192407527E1
1.722480698E1,9.579500198E0,9.711181641E0,-2.886299896E1,3.192407527E1
1.722680668E1,9.579500198E0,9.711181641E0,-2.886299896E1,3.192407527E1
1.722880671E1,4.086902142E0,5.442319870E0,-1.209820080E1,1.388121310E1
1.723080624E1,4.086902142E0,5.442319870E0,-1.209820080E1,1.388121310E1
1.723280628E1,4.086902142E0,5.442319870E0,-1.209820080E1,1.388121310E1
1.723480631E1,4.086902142E0,5.442319870E0,-1.209820080E1,1.388121310E1
1.723680634E1,4.086902142E0,5.442319870E0,-1.209820080E1,1.388121310E1
1.723880638E1,4.086902142E0,5.442319870E0,-1.209820080E1,1.388121310E1
1.724080641E1,4.086902142E0,5.442319870E0,-1.209820080E1,1.388121310E1
1.724280641E1,4.086902142E0,5.442319870E0,-1.209820080E1,1.388121310E1
1.724480641E1,4.086902142E0,5.442319870E0,-1.209820080E1,1.388121310E1
1.724680641E1,4.086902142E0,5.442319870E0,-1.209820080E1,1.388121310E1
1.724880641E1,4.086902142E0,5.442319870E0,-1.209820080E1,1.388121310E1
1.725080641E1,1.553836942E0,3.282450438E0,-2.212242365E0,4.252400075E0
1.725280641E1,1.553836942E0,3.282450438E0,-2.212242365E0,4.252400075E0
1.725480641E1,1.553836942E0,3.282450438E0,-2.212242365E0,4.252400075E0
1.725680637E1,1.553836942E0,3.282450438E0,-2.212242365E0,4.252400075E0
1.725880634E1,1.553836942E0,3.282450438E0,-2.212242365E0,4.252400075E0
1.726080631E1,1.553836942E0,3.282450438E0,-2.212242365E0,4.252400075E0
1.726280627E1,1.553836942E0,3.282450438E0,-2.212242365E0,4.252400075E0
1.726480624E1,1.553836942E0,3.282450438E0,-2.212242365E0,4.252400075E0
1.726680620E1,1.553836942E0,3.282450438E0,-2.212242365E0,4.252400075E0
1.726880617E1,1.898601890E0,1.702277422E0,6.641814709E0,7.114502104E0
1.727080530E1,1.898601890E0,1.702277422E0,6.641814709E0,7.114502104E0
1.727280530E1,1.898601890E0,1.702277422E0,6.641814709E0,7.114502104E0
1.727480534E1,1.898601890E0,1.702277422E0,6.641814709E0,7.114502104E0
1.727680537E1,1.898601890E0,1.702277422E0,6.641814709E0,7.114502104E0
1.727880540E1,1.898601890E0,1.702277422E0,6.641814709E0,7.114502104E0
1.728080544E1,1.898601890E0,1.702277422E0,6.641814709E0,7.114502104E0
1.728280547E1,1.898601890E0,1.702277422E0,6.641814709E0,7.114502104E0
1.728480537E1,1.898601890E0,1.702277422E0,6.641814709E0,7.114502104E0
1.728680570E1,1.898601890E0,1.702277422E0,6.641814709E0,7.114502104E0
1.728880567E1,1.898601890E0,1.702277422E0,6.641814709E0,7.114502104E0
1.729080613E1,-3.351882473E-2,2.324769735E0,2.148616409E1,2.161159238E1
1.729280610E1,-3.351882473E-2,2.324769735E0,2.148616409E1,2.161159238E1
1.729480606E1,-3.351882473E-2,2.324769735E0,2.148616409E1,2.161159238E1
1.729680603E1,-3.351882473E-2,2.324769735E0,2.148616409E1,2.161159238E1
1.729880600E1,-3.351882473E-2,2.324769735E0,2.148616409E1,2.161159238E1
1.730080596E1,-3.351882473E-2,2.324769735E0,2.148616409E1,2.161159238E1
1.730280596E1,-3.351882473E-2,2.324769735E0,2.148616409E1,2.161159238E1
1.730480596E1,-3.351882473E-2,2.324769735E0,2.148616409E1,2.161159238E1
1.730680596E1,-3.351882473E-2,2.324769735E0,2.148616409E1,2.161159238E1
1.730880596E1,2.322375625E-1,4.352658749E0,3.303609467E1,3.332241173E1
1.731080510E1,2.322375625E-1,4.352658749E0,3.303609467E1,3.332241173E1
1.731280510E1,2.322375625E-1,4.352658749E0,3.303609467E1,3.332241173E1
1.731480510E1,2.322375625E-1,4.352658749E0,3.303609467E1,3.332241173E1
1.731680510E1,2.322375625E-1,4.352658749E0,3.303609467E1,3.332241173E1
1.731880510E1,2.322375625E-1,4.352658749E0,3.303609467E1,3.332241173E1
1.732080513E1,2.322375625E-1,4.352658749E0,3.303609467E1,3.332241173E1
1.732280516E1,2.322375625E-1,4.352658749E0,3.303609467E1,3.332241173E1
1.732480520E1,2.322375625E-1,4.352658749E0,3.303609467E1,3.332241173E1
1.732680523E1,2.322375625E-1,4.352658749E0,3.303609467E1,3.332241173E1
1.732880526E1,3.950432777E0,4.465186119E0,2.709368515E1,2.774187415E1
1.733080649E1,3.950432777E0,4.465186119E0,2.709368515E1,2.774187415E1
1.733280653E1,3.950432777E0,4.465186119E0,2.709368515E1,2.774187415E1
1.733480653E1,3.950432777E0,4.465186119E0,2.709368515E1,2.774187415E1
1.733680649E1,3.950432777E0,4.465186119E0,2.709368515E1,2.774187415E1
1.733880646E1,3.950432777E0,4.465186119E0,2.709368515E1,2.774187415E1
1.734080642E1,3.950432777E0,4.465186119E0,2.709368515E1,2.774187415E1
1.734280639E1,3.950432777E0,4.465186119E0,2.709368515E1,2.774187415E1
1.734480649E1,3.950432777E0,4.465186119E0,2.709368515E1,2.774187415E1
1.734680646E1,3.950432777E0,4.465186119E0,2.709368515E1,2.774187415E1
1.734880646E1,3.857059002E0,4.359841347E0,1.262731934E1,1.390447102E1
1.735080559E1,3.857059002E0,4.359841347E0,1.262731934E1,1.390447102E1
1.735280476E1,3.857059002E0,4.359841347E0,1.262731934E1,1.390447102E1
1.735480499E1,3.857059002E0,4.359841347E0,1.262731934E1,1.390447102E1
1.735680502E1,3.857059002E0,4.359841347E0,1.262731934E1,1.390447102E1
1.735880506E1,3.857059002E0,4.359841347E0,1.262731934E1,1.390447102E1
1.736080509E1,3.857059002E0,4.359841347E0,1.262731934E1,1.390447102E1
1.736280512E1,3.857059002E0,4.359841347E0,1.262731934E1,1.390447102E1
1.736480515E1,3.857059002E0,4.359841347E0,1.262731934E1,1.390447102E1
1.736680519E1,3.857059002E0,4.359841347E0,1.262731934E1,1.390447102E1
1.736880519E1,-9.959878922E-1,6.105513573E0,-4.481945515E0,7.639183429E0
1.737080605E1,-9.959878922E-1,6.105513573E0,-4.481945515E0,7.639183429E0
1.737280605E1,-9.959878922E-1,6.105513573E0,-4.481945515E0,7.639183429E0
1.737480605E1,-9.959878922E-1,6.105513573E0,-4.481945515E0,7.639183429E0
1.737680605E1,-9.959878922E-1,6.105513573E0,-4.481945515E0,7.639183429E0
1.737880605E1,-9.959878922E-1,6.105513573E0,-4.481945515E0,7.639183429E0
1.738080602E1,-9.959878922E-1,6.105513573E0,-4.481945515E0,7.639183429E0
1.738280598E1,-9.959878922E-1,6.105513573E0,-4.481945515E0,7.639183429E0
1.738480595E1,-9.959878922E-1,6.105513573E0,-4.481945515E0,7.639183429E0
1.738680592E1,-9.959878922E-1,6.105513573E0,-4.481945515E0,7.639183429E0
1.738880588E1,-1.544260144E0,1.001045704E1,-2.329857445E1,2.540506959E1
1.739080552E1,-1.544260144E0,1.001045704E1,-2.329857445E1,2.540506959E1
1.739280548E1,-1.544260144E0,1.001045704E1,-2.329857445E1,2.540506959E1
1.739480545E1,-1.544260144E0,1.001045704E1,-2.329857445E1,2.540506959E1
1.739680545E1,-1.544260144E0,1.001045704E1,-2.329857445E1,2.540506959E1
1.739880548E1,-1.544260144E0,1.001045704E1,-2.329857445E1,2.540506959E1
1.740080551E1,-1.544260144E0,1.001045704E1,-2.329857445E1,2.540506959E1
1.740280555E1,-1.544260144E0,1.001045704E1,-2.329857445E1,2.540506959E1
1.740480558E1,-1.544260144E0,1.001045704E1,-2.329857445E1,2.540506959E1
1.740680561E1,-1.544260144E0,1.001045704E1,-2.329857445E1,2.540506959E1
1.740880565E1,4.010287762E0,1.123868179E1,-2.774969482E1,3.020655457E1
1.741080655E1,4.010287762E0,1.123868179E1,-2.774969482E1,3.020655457E1
1.741280741E1,4.010287762E0,1.123868179E1,-2.774969482E1,3.020655457E1
1.741480718E1,4.010287762E0,1.123868179E1,-2.774969482E1,3.020655457E1
1.741680714E1,4.010287762E0,1.123868179E1,-2.774969482E1,3.020655457E1
1.741880711E1,4.010287762E0,1.123868179E1,-2.774969482E1,3.020655457E1
1.742080708E1,4.010287762E0,1.123868179E1,-2.774969482E1,3.020655457E1
1.742280704E1,4.010287762E0,1.123868179E1,-2.774969482E1,3.020655457E1
1.742480701E1,4.010287762E0,1.123868179E1,-2.774969482E1,3.020655457E1
1.742680697E1,4.010287762E0,1.123868179E1,-2.774969482E1,3.020655457E1
1.742880697E1,5.456685066E0,8.715193748E0,-1.873522758E1,2.137144746E1
1.743080647E1,5.456685066E0,8.715193748E0,-1.873522758E1,2.137144746E1
1.743280651E1,5.456685066E0,8.715193748E0,-1.873522758E1,2.137144746E1
1.743480654E1,5.456685066E0,8.715193748E0,-1.873522758E1,2.137144746E1
1.743680657E1,5.456685066E0,8.715193748E0,-1.873522758E1,2.137144746E1
1.743880661E1,5.456685066E0,8.715193748E0,-1.873522758E1,2.137144746E1
1.744080664E1,5.456685066E0,8.715193748E0,-1.873522758E1,2.137144746E1
1.744280667E1,5.456685066E0,8.715193748E0,-1.873522758E1,2.137144746E1
1.744480670E1,5.456685066E0,8.715193748E0,-1.873522758E1,2.137144746E1
1.744680670E1,5.456685066E0,8.715193748E0,-1.873522758E1,2.137144746E1
1.744880671E1,2.425326347E0,6.208464146E0,-8.753500938E0,1.100231856E1
1.745080670E1,2.425326347E0,6.208464146E0,-8.753500938E0,1.100231856E1
1.745280710E1,2.425326347E0,6.208464146E0,-8.753500938E0,1.100231856E1
1.745480710E1,2.425326347E0,6.208464146E0,-8.753500938E0,1.100231856E1
1.745680710E1,2.425326347E0,6.208464146E0,-8.753500938E0,1.100231856E1
1.745880707E1,2.425326347E0,6.208464146E0,-8.753500938E0,1.100231856E1
1.746080704E1,2.425326347E0,6.208464146E0,-8.753500938E0,1.100231856E1
1.746280700E1,2.425326347E0,6.208464146E0,-8.753500938E0,1.100231856E1
1.746480697E1,2.425326347E0,6.208464146E0,-8.753500938E0,1.100231856E1
1.746680694E1,2.425326347E0,6.208464146E0,-8.753500938E0,1.100231856E1
1.746880690E1,3.766079187E0,5.427954674E0,-2.873042107E0,7.204194288E0
1.747080600E1,3.766079187E0,5.427954674E0,-2.873042107E0,7.204194288E0
1.747280597E1,3.766079187E0,5.427954674E0,-2.873042107E0,7.204194288E0
1.747480597E1,3.766079187E0,5.427954674E0,-2.873042107E0,7.204194288E0
1.747680600E1,3.766079187E0,5.427954674E0,-2.873042107E0,7.204194288E0
1.747880570E1,3.766079187E0,5.427954674E0,-2.873042107E0,7.204194288E0
1.748080573E1,3.766079187E0,5.427954674E0,-2.873042107E0,7.204194288E0
1.748280577E1,3.766079187E0,5.427954674E0,-2.873042107E0,7.204194288E0
1.748480580E1,3.766079187E0,5.427954674E0,-2.873042107E0,7.204194288E0
1.748680583E1,3.766079187E0,5.427954674E0,-2.873042107E0,7.204194288E0
1.748880586E1,6.857293129E0,5.178957462E0,4.740519226E-1,8.606322948E0
1.749080640E1,6.857293129E0,5.178957462E0,4.740519226E-1,8.606322948E0
1.749280636E1,6.857293129E0,5.178957462E0,4.740519226E-1,8.606322948E0
1.749480633E1,6.857293129E0,5.178957462E0,4.740519226E-1,8.606322948E0
1.749680550E1,6.857293129E0,5.178957462E0,4.740519226E-1,8.606322948E0
1.749880546E1,6.857293129E0,5.178957462E0,4.740519226E-1,8.606322948E0
1.750080543E1,6.857293129E0,5.178957462E0,4.740519226E-1,8.606322948E0
1.750280539E1,6.857293129E0,5.178957462E0,4.740519226E-1,8.606322948E0
1.750480536E1,6.857293129E0,5.178957462E0,4.740519226E-1,8.606322948E0
1.750680536E1,6.857293129E0,5.178957462E0,4.740519226E-1,8.606322948E0
1.750880539E1,8.212410927E0,4.994604111E0,4.937143326E0,1.080579232E1
1.751080456E1,8.212410927E0,4.994604111E0,4.937143326E0,1.080579232E1
1.751280443E1,8.212410927E0,4.994604111E0,4.937143326E0,1.080579232E1
1.751480446E1,8.212410927E0,4.994604111E0,4.937143326E0,1.080579232E1
1.751680449E1,8.212410927E0,4.994604111E0,4.937143326E0,1.080579232E1
1.751880452E1,8.212410927E0,4.994604111E0,4.937143326E0,1.080579232E1
1.752080456E1,8.212410927E0,4.994604111E0,4.937143326E0,1.080579232E1
1.752280459E1,8.212410927E0,4.994604111E0,4.937143326E0,1.080579232E1
1.752480459E1,8.212410927E0,4.994604111E0,4.937143326E0,1.080579232E1
1.752680459E1,8.212410927E0,4.994604111E0,4.937143326E0,1.080579232E1
1.752880502E1,7.625831604E0,5.049670696E0,1.094898319E1,1.426648922E1
1.753080589E1,7.625831604E0,5.049670696E0,1.094898319E1,1.426648922E1
1.753280589E1,7.625831604E0,5.049670696E0,1.094898319E1,1.426648922E1
1.753480589E1,7.625831604E0,5.049670696E0,1.094898319E1,1.426648922E1
1.753680586E1,7.625831604E0,5.049670696E0,1.094898319E1,1.426648922E1
1.753880616E1,7.625831604E0,5.049670696E0,1.094898319E1,1.426648922E1
1.754080612E1,7.625831604E0,5.049670696E0,1.094898319E1,1.426648922E1
1.754280652E1,7.625831604E0,5.049670696E0,1.094898319E1,1.426648922E1
1.754480649E1,7.625831604E0,5.049670696E0,1.094898319E1,1.426648922E1
1.754680645E1,7.625831604E0,5.049670696E0,1.094898319E1,1.426648922E1
1.754880642E1,5.775113583E0,5.200505257E0,1.575444603E1,1.756700776E1
1.755080552E1,5.775113583E0,5.200505257E0,1.575444603E1,1.756700776E1
1.755280465E1,5.775113583E0,5.200505257E0,1.575444603E1,1.756700776E1
1.755480468E1,5.775113583E0,5.200505257E0,1.575444603E1,1.756700776E1
1.755680552E1,5.775113583E0,5.200505257E0,1.575444603E1,1.756700776E1
1.755880555E1,5.775113583E0,5.200505257E0,1.575444603E1,1.756700776E1
1.756080558E1,5.775113583E0,5.200505257E0,1.575444603E1,1.756700776E1
1.756280562E1,5.775113583E0,5.200505257E0,1.575444603E1,1.756700776E1
1.756480565E1,5.775113583E0,5.200505257E0,1.575444603E1,1.756700776E1
1.756680568E1,5.775113583E0,5.200505257E0,1.575444603E1,1.756700776E1
1.756880568E1,4.077325344E0,5.626673222E0,1.825399208E1,1.953182686E1
1.757080665E1,4.077325344E0,5.626673222E0,1.825399208E1,1.953182686E1
1.757280638E1,4.077325344E0,5.626673222E0,1.825399208E1,1.953182686E1
1.757480635E1,4.077325344E0,5.626673222E0,1.825399208E1,1.953182686E1
1.757680631E1,4.077325344E0,5.626673222E0,1.825399208E1,1.953182686E1
1.757880628E1,4.077325344E0,5.626673222E0,1.825399208E1,1.953182686E1
1.758080625E1,4.077325344E0,5.626673222E0,1.825399208E1,1.953182686E1
1.758280621E1,4.077325344E0,5.626673222E0,1.825399208E1,1.953182686E1
1.758480621E1,4.077325344E0,5.626673222E0,1.825399208E1,1.953182686E1
1.758680625E1,4.077325344E0,5.626673222E0,1.825399208E1,1.953182686E1
1.758880584E1,3.363853455E0,5.380070686E0,1.750221252E1,1.861687713E1
1.759080588E1,3.363853455E0,5.380070686E0,1.750221252E1,1.861687713E1
1.759280591E1,3.363853455E0,5.380070686E0,1.750221252E1,1.861687713E1
1.759480594E1,3.363853455E0,5.380070686E0,1.750221252E1,1.861687713E1
1.759680598E1,3.363853455E0,5.380070686E0,1.750221252E1,1.861687713E1
1.759880601E1,3.363853455E0,5.380070686E0,1.750221252E1,1.861687713E1
1.760080604E1,3.363853455E0,5.380070686E0,1.750221252E1,1.861687713E1
1.760280561E1,3.363853455E0,5.380070686E0,1.750221252E1,1.861687713E1
1.760480561E1,3.363853455E0,5.380070686E0,1.750221252E1,1.861687713E1
1.760680561E1,3.363853455E0,5.380070686E0,1.750221252E1,1.861687713E1
1.760880528E1,2.667140722E0,4.721365929E0,1.599147129E1,1.688585473E1
1.761080614E1,2.667140722E0,4.721365929E0,1.599147129E1,1.688585473E1
1.761280701E1,2.667140722E0,4.721365929E0,1.599147129E1,1.688585473E1
1.761480664E1,2.667140722E0,4.721365929E0,1.599147129E1,1.688585473E1
1.761680661E1,2.667140722E0,4.721365929E0,1.599147129E1,1.688585473E1
1.761880657E1,2.667140722E0,4.721365929E0,1.599147129E1,1.688585473E1
1.762080654E1,2.667140722E0,4.721365929E0,1.599147129E1,1.688585473E1
1.762280650E1,2.667140722E0,4.721365929E0,1.599147129E1,1.688585473E1
1.762480647E1,2.667140722E0,4.721365929E0,1.599147129E1,1.688585473E1
1.762680644E1,2.037465572E0,3.801992416E0,1.492844582E1,1.553914112E1
1.762880640E1,2.037465572E0,3.801992416E0,1.492844582E1,1.553914112E1
1.763080537E1,2.037465572E0,3.801992416E0,1.492844582E1,1.553914112E1
1.763280540E1,2.037465572E0,3.801992416E0,1.492844582E1,1.553914112E1
1.763480543E1,2.037465572E0,3.801992416E0,1.492844582E1,1.553914112E1
1.763680547E1,2.037465572E0,3.801992416E0,1.492844582E1,1.553914112E1
1.763880550E1,2.037465572E0,3.801992416E0,1.492844582E1,1.553914112E1
1.764080553E1,2.037465572E0,3.801992416E0,1.492844582E1,1.553914112E1
1.764280557E1,2.037465572E0,3.801992416E0,1.492844582E1,1.553914112E1
1.764480560E1,2.037465572E0,3.801992416E0,1.492844582E1,1.553914112E1
1.764680520E1,7.182605267E-1,3.210624456E0,1.572332096E1,1.606383608E1
1.764880517E1,7.182605267E-1,3.210624456E0,1.572332096E1,1.606383608E1
1.765080513E1,7.182605267E-1,3.210624456E0,1.572332096E1,1.606383608E1
1.765280510E1,7.182605267E-1,3.210624456E0,1.572332096E1,1.606383608E1
1.765480506E1,7.182605267E-1,3.210624456E0,1.572332096E1,1.606383608E1
1.765680503E1,7.182605267E-1,3.210624456E0,1.572332096E1,1.606383608E1
1.765880500E1,7.182605267E-1,3.210624456E0,1.572332096E1,1.606383608E1
1.766080496E1,7.182605267E-1,3.210624456E0,1.572332096E1,1.606383608E1
1.766280496E1,7.182605267E-1,3.210624456E0,1.572332096E1,1.606383608E1
1.766480499E1,7.182605267E-1,3.210624456E0,1.572332096E1,1.606383608E1
1.766680503E1,1.362300754E0,3.232172251E0,1.606569290E1,1.644412628E1
1.766880539E1,1.362300754E0,3.232172251E0,1.606569290E1,1.644412628E1
1.767080456E1,1.362300754E0,3.232172251E0,1.606569290E1,1.644412628E1
1.767280503E1,1.362300754E0,3.232172251E0,1.606569290E1,1.644412628E1
1.767480539E1,1.362300754E0,3.232172251E0,1.606569290E1,1.644412628E1
1.767680542E1,1.362300754E0,3.232172251E0,1.606569290E1,1.644412628E1
1.767880546E1,1.362300754E0,3.232172251E0,1.606569290E1,1.644412628E1
1.768080546E1,1.362300754E0,3.232172251E0,1.606569290E1,1.644412628E1
1.768280546E1,1.362300754E0,3.232172251E0,1.606569290E1,1.644412628E1
1.768480546E1,1.362300754E0,3.232172251E0,1.606569290E1,1.644412628E1
1.768680546E1,2.918531895E0,3.696647406E0,1.484464931E1,1.557390907E1
1.768880546E1,2.918531895E0,3.696647406E0,1.484464931E1,1.557390907E1
1.769080636E1,2.918531895E0,3.696647406E0,1.484464931E1,1.557390907E1
1.769280632E1,2.918531895E0,3.696647406E0,1.484464931E1,1.557390907E1
1.769480629E1,2.918531895E0,3.696647406E0,1.484464931E1,1.557390907E1
1.769680626E1,2.918531895E0,3.696647406E0,1.484464931E1,1.557390907E1
1.769880622E1,2.918531895E0,3.696647406E0,1.484464931E1,1.557390907E1
1.770080619E1,2.918531895E0,3.696647406E0,1.484464931E1,1.557390907E1
1.770280615E1,2.918531895E0,3.696647406E0,1.484464931E1,1.557390907E1
1.770480612E1,2.918531895E0,3.696647406E0,1.484464931E1,1.557390907E1
1.770680648E1,3.426102638E0,4.182670593E0,1.294335365E1,1.402723481E1
1.770880648E1,3.426102638E0,4.182670593E0,1.294335365E1,1.402723481E1
1.771080565E1,3.426102638E0,4.182670593E0,1.294335365E1,1.402723481E1
1.771280568E1,3.426102638E0,4.182670593E0,1.294335365E1,1.402723481E1
1.771480572E1,3.426102638E0,4.182670593E0,1.294335365E1,1.402723481E1
1.771680575E1,3.426102638E0,4.182670593E0,1.294335365E1,1.402723481E1
1.771880578E1,3.426102638E0,4.182670593E0,1.294335365E1,1.402723481E1
1.772080582E1,3.426102638E0,4.182670593E0,1.294335365E1,1.402723481E1
1.772280585E1,3.426102638E0,4.182670593E0,1.294335365E1,1.402723481E1
1.772480585E1,3.426102638E0,4.182670593E0,1.294335365E1,1.402723481E1
1.772680562E1,4.000710964E0,4.946720123E0,1.049647999E1,1.227403032E1
1.772880558E1,4.000710964E0,4.946720123E0,1.049647999E1,1.227403032E1
1.773080641E1,4.000710964E0,4.946720123E0,1.049647999E1,1.227403032E1
1.773280595E1,4.000710964E0,4.946720123E0,1.049647999E1,1.227403032E1
1.773480591E1,4.000710964E0,4.946720123E0,1.049647999E1,1.227403032E1
1.773680588E1,4.000710964E0,4.946720123E0,1.049647999E1,1.227403032E1
1.773880584E1,4.000710964E0,4.946720123E0,1.049647999E1,1.227403032E1
1.774080584E1,4.000710964E0,4.946720123E0,1.049647999E1,1.227403032E1
1.774280588E1,4.000710964E0,4.946720123E0,1.049647999E1,1.227403032E1
1.774480591E1,4.000710964E0,4.946720123E0,1.049647999E1,1.227403032E1
1.774680594E1,5.037699699E0,5.849334240E0,6.677727699E0,1.020711402E1
1.774880598E1,5.037699699E0,5.849334240E0,6.677727699E0,1.020711402E1
1.775080514E1,5.037699699E0,5.849334240E0,6.677727699E0,1.020711402E1
1.775280431E1,5.037699699E0,5.849334240E0,6.677727699E0,1.020711402E1
1.775480434E1,5.037699699E0,5.849334240E0,6.677727699E0,1.020711402E1
1.775680438E1,5.037699699E0,5.849334240E0,6.677727699E0,1.020711402E1
1.775880438E1,5.037699699E0,5.849334240E0,6.677727699E0,1.020711402E1
1.776080438E1,5.037699699E0,5.849334240E0,6.677727699E0,1.020711402E1
1.776280438E1,5.037699699E0,5.849334240E0,6.677727699E0,1.020711402E1
1.776480438E1,5.037699699E0,5.849334240E0,6.677727699E0,1.020711402E1
1.776680438E1,5.229235649E0,6.390423775E0,3.289633036E0,8.888425451E0
1.776880438E1,5.229235649E0,6.390423775E0,3.289633036E0,8.888425451E0
1.777080521E1,5.229235649E0,6.390423775E0,3.289633036E0,8.888425451E0
1.777280517E1,5.229235649E0,6.390423775E0,3.289633036E0,8.888425451E0
1.777480514E1,5.229235649E0,6.390423775E0,3.289633036E0,8.888425451E0
1.777680511E1,5.229235649E0,6.390423775E0,3.289633036E0,8.888425451E0
1.777880507E1,5.229235649E0,6.390423775E0,3.289633036E0,8.888425451E0
1.778080504E1,5.229235649E0,6.390423775E0,3.289633036E0,8.888425451E0
1.778280500E1,5.229235649E0,6.390423775E0,3.289633036E0,8.888425451E0
1.778480497E1,5.229235649E0,6.390423775E0,3.289633036E0,8.888425451E0
1.778680517E1,4.982633114E0,6.601113319E0,1.649604917E0,8.433417230E0
1.778880520E1,4.982633114E0,6.601113319E0,1.649604917E0,8.433417230E0
1.779080524E1,4.982633114E0,6.601113319E0,1.649604917E0,8.433417230E0
1.779280527E1,4.982633114E0,6.601113319E0,1.649604917E0,8.433417230E0
1.779480530E1,4.982633114E0,6.601113319E0,1.649604917E0,8.433417230E0
1.779680534E1,4.982633114E0,6.601113319E0,1.649604917E0,8.433417230E0
1.779880537E1,4.982633114E0,6.601113319E0,1.649604917E0,8.433417230E0
1.780080540E1,4.982633114E0,6.601113319E0,1.649604917E0,8.433417230E0
1.780280513E1,4.982633114E0,6.601113319E0,1.649604917E0,8.433417230E0
1.780480510E1,4.982633114E0,6.601113319E0,1.649604917E0,8.433417230E0
1.780680477E1,5.269937038E0,6.500556946E0,1.747767180E-1,8.370186611E0
1.780880473E1,5.269937038E0,6.500556946E0,1.747767180E-1,8.370186611E0
1.781080557E1,5.269937038E0,6.500556946E0,1.747767180E-1,8.370186611E0
1.781280640E1,5.269937038E0,6.500556946E0,1.747767180E-1,8.370186611E0
1.781480636E1,5.269937038E0,6.500556946E0,1.747767180E-1,8.370186611E0
1.781680633E1,5.269937038E0,6.500556946E0,1.747767180E-1,8.370186611E0
1.781880633E1,5.269937038E0,6.500556946E0,1.747767180E-1,8.370186611E0
1.782080636E1,5.269937038E0,6.500556946E0,1.747767180E-1,8.370186611E0
1.782280640E1,5.269937038E0,6.500556946E0,1.747767180E-1,8.370186611E0
1.782480643E1,5.269937038E0,6.500556946E0,1.747767180E-1,8.370186611E0
1.782680646E1,5.708076000E0,6.471826553E0,-1.501164436E0,8.759004808E0
1.782880650E1,5.708076000E0,6.471826553E0,-1.501164436E0,8.759004808E0
1.783080600E1,5.708076000E0,6.471826553E0,-1.501164436E0,8.759004808E0
1.783280603E1,5.708076000E0,6.471826553E0,-1.501164436E0,8.759004808E0
1.783480606E1,5.708076000E0,6.471826553E0,-1.501164436E0,8.759004808E0
1.783680606E1,5.708076000E0,6.471826553E0,-1.501164436E0,8.759004808E0
1.783880606E1,5.708076000E0,6.471826553E0,-1.501164436E0,8.759004808E0
1.784080606E1,5.708076000E0,6.471826553E0,-1.501164436E0,8.759004808E0
1.784280606E1,5.708076000E0,6.471826553E0,-1.501164436E0,8.759004808E0
1.784480606E1,5.708076000E0,6.471826553E0,-1.501164436E0,8.759004808E0
1.784680606E1,5.485415459E0,6.359299183E0,-3.651157618E0,9.157588154E0
1.784880603E1,5.485415459E0,6.359299183E0,-3.651157618E0,9.157588154E0
1.785080599E1,5.485415459E0,6.359299183E0,-3.651157618E0,9.157588154E0
1.785280596E1,5.485415459E0,6.359299183E0,-3.651157618E0,9.157588154E0
1.785480592E1,5.485415459E0,6.359299183E0,-3.651157618E0,9.157588154E0
1.785680589E1,5.485415459E0,6.359299183E0,-3.651157618E0,9.157588154E0
1.785880586E1,5.485415459E0,6.359299183E0,-3.651157618E0,9.157588154E0
1.786080582E1,5.485415459E0,6.359299183E0,-3.651157618E0,9.157588154E0
1.786280606E1,5.485415459E0,6.359299183E0,-3.651157618E0,9.157588154E0
1.786480606E1,5.485415459E0,6.359299183E0,-3.651157618E0,9.157588154E0
1.786680636E1,4.343081951E0,6.256348133E0,-4.149151325E0,8.672929696E0
1.786880639E1,4.343081951E0,6.256348133E0,-4.149151325E0,8.672929696E0
1.787080556E1,4.343081951E0,6.256348133E0,-4.149151325E0,8.672929696E0
1.787280559E1,4.343081951E0,6.256348133E0,-4.149151325E0,8.672929696E0
1.787480562E1,4.343081951E0,6.256348133E0,-4.149151325E0,8.672929696E0
1.787680569E1,4.343081951E0,6.256348133E0,-4.149151325E0,8.672929696E0
1.787880572E1,4.343081951E0,6.256348133E0,-4.149151325E0,8.672929696E0
1.788080572E1,4.343081951E0,6.256348133E0,-4.149151325E0,8.672929696E0
1.788280569E1,4.343081951E0,6.256348133E0,-4.149151325E0,8.672929696E0
1.788480565E1,4.568136692E0,6.002563000E0,-3.543418407E0,8.333933610E0
1.788680562E1,4.568136692E0,6.002563000E0,-3.543418407E0,8.333933610E0
1.788880558E1,4.568136692E0,6.002563000E0,-3.543418407E0,8.333933610E0
1.789080608E1,4.568136692E0,6.002563000E0,-3.543418407E0,8.333933610E0
1.789280605E1,4.568136692E0,6.002563000E0,-3.543418407E0,8.333933610E0
1.789480602E1,4.568136692E0,6.002563000E0,-3.543418407E0,8.333933610E0
1.789680602E1,4.568136692E0,6.002563000E0,-3.543418407E0,8.333933610E0
1.789880605E1,4.568136692E0,6.002563000E0,-3.543418407E0,8.333933610E0
1.790080608E1,4.568136692E0,6.002563000E0,-3.543418407E0,8.333933610E0
1.790280612E1,4.568136692E0,6.002563000E0,-3.543418407E0,8.333933610E0
1.790480615E1,7.041646481E0,6.380846977E0,-4.055777550E0,1.033195649E1
1.790680618E1,7.041646481E0,6.380846977E0,-4.055777550E0,1.033195649E1
1.790880621E1,7.041646481E0,6.380846977E0,-4.055777550E0,1.033195649E1
1.791080538E1,7.041646481E0,6.380846977E0,-4.055777550E0,1.033195649E1
1.791280525E1,7.041646481E0,6.380846977E0,-4.055777550E0,1.033195649E1
1.791480525E1,7.041646481E0,6.380846977E0,-4.055777550E0,1.033195649E1
1.791680525E1,7.041646481E0,6.380846977E0,-4.055777550E0,1.033195649E1
1.791880525E1,7.041646481E0,6.380846977E0,-4.055777550E0,1.033195649E1
1.792080525E1,7.041646481E0,6.380846977E0,-4.055777550E0,1.033195649E1
1.792280525E1,7.041646481E0,6.380846977E0,-4.055777550E0,1.033195649E1
1.792480525E1,9.340080261E0,6.625055313E0,-5.696105003E0,1.278960787E1
1.792680525E1,9.340080261E0,6.625055313E0,-5.696105003E0,1.278960787E1
1.792880521E1,9.340080261E0,6.625055313E0,-5.696105003E0,1.278960787E1
1.793080604E1,9.340080261E0,6.625055313E0,-5.696105003E0,1.278960787E1
1.793280601E1,9.340080261E0,6.625055313E0,-5.696105003E0,1.278960787E1
1.793480598E1,9.340080261E0,6.625055313E0,-5.696105003E0,1.278960787E1
1.793680591E1,9.340080261E0,6.625055313E0,-5.696105003E0,1.278960787E1
1.793880588E1,9.340080261E0,6.625055313E0,-5.696105003E0,1.278960787E1
1.794080584E1,9.340080261E0,6.625055313E0,-5.696105003E0,1.278960787E1
1.794280584E1,9.340080261E0,6.625055313E0,-5.696105003E0,1.278960787E1
1.794480584E1,9.395146370E0,6.337751389E0,-8.004115105E0,1.387449915E1
1.794680581E1,9.395146370E0,6.337751389E0,-8.004115105E0,1.387449915E1
1.794880584E1,9.395146370E0,6.337751389E0,-8.004115105E0,1.387449915E1
1.795080501E1,9.395146370E0,6.337751389E0,-8.004115105E0,1.387449915E1
1.795280417E1,9.395146370E0,6.337751389E0,-8.004115105E0,1.387449915E1
1.795480421E1,9.395146370E0,6.337751389E0,-8.004115105E0,1.387449915E1
1.795680424E1,9.395146370E0,6.337751389E0,-8.004115105E0,1.387449915E1
1.795880424E1,9.395146370E0,6.337751389E0,-8.004115105E0,1.387449915E1
1.796080421E1,9.395146370E0,6.337751389E0,-8.004115105E0,1.387449915E1
1.796280417E1,9.395146370E0,6.337751389E0,-8.004115105E0,1.387449915E1
1.796480414E1,7.460631847E0,6.179733753E0,-1.114530849E1,1.476712695E1
1.796680400E1,7.460631847E0,6.179733753E0,-1.114530849E1,1.476712695E1
1.796880397E1,7.460631847E0,6.179733753E0,-1.114530849E1,1.476712695E1
1.797080480E1,7.460631847E0,6.179733753E0,-1.114530849E1,1.476712695E1
1.797280494E1,7.460631847E0,6.179733753E0,-1.114530849E1,1.476712695E1
1.797480494E1,7.460631847E0,6.179733753E0,-1.114530849E1,1.476712695E1
1.797680494E1,7.460631847E0,6.179733753E0,-1.114530849E1,1.476712695E1
1.797880494E1,7.460631847E0,6.179733753E0,-1.114530849E1,1.476712695E1
1.798080494E1,7.460631847E0,6.179733753E0,-1.114530849E1,1.476712695E1
1.798280494E1,7.460631847E0,6.179733753E0,-1.114530849E1,1.476712695E1
1.798480494E1,7.305008888E0,6.581959724E0,-1.316122627E1,1.642873171E1
1.798680494E1,7.305008888E0,6.581959724E0,-1.316122627E1,1.642873171E1
1.798880494E1,7.305008888E0,6.581959724E0,-1.316122627E1,1.642873171E1
1.799080487E1,7.305008888E0,6.581959724E0,-1.316122627E1,1.642873171E1
1.799280490E1,7.305008888E0,6.581959724E0,-1.316122627E1,1.642873171E1
1.799480493E1,7.305008888E0,6.581959724E0,-1.316122627E1,1.642873171E1
1.799680497E1,7.305008888E0,6.581959724E0,-1.316122627E1,1.642873171E1
1.799880500E1,7.305008888E0,6.581959724E0,-1.316122627E1,1.642873171E1
1.800080503E1,7.305008888E0,6.581959724E0,-1.316122627E1,1.642873171E1
1.800280507E1,7.305008888E0,6.581959724E0,-1.316122627E1,1.642873171E1
1.800480510E1,7.776666164E0,6.950666904E0,-1.280209541E1,1.651308433E1
1.800680516E1,7.776666164E0,6.950666904E0,-1.280209541E1,1.651308433E1
1.800880513E1,7.776666164E0,6.950666904E0,-1.280209541E1,1.651308433E1
1.801080596E1,7.776666164E0,6.950666904E0,-1.280209541E1,1.651308433E1
1.801280590E1,7.776666164E0,6.950666904E0,-1.280209541E1,1.651308433E1
1.801480586E1,7.776666164E0,6.950666904E0,-1.280209541E1,1.651308433E1
1.801680583E1,7.776666164E0,6.950666904E0,-1.280209541E1,1.651308433E1
1.801880580E1,7.776666164E0,6.950666904E0,-1.280209541E1,1.651308433E1
1.802080580E1,7.776666164E0,6.950666904E0,-1.280209541E1,1.651308433E1
1.802280580E1,7.776666164E0,6.950666904E0,-1.280209541E1,1.651308433E1
1.802480583E1,7.300220490E0,7.115866661E0,-1.089870548E1,1.492349017E1
1.802680596E1,7.300220490E0,7.115866661E0,-1.089870548E1,1.492349017E1
1.802880599E1,7.300220490E0,7.115866661E0,-1.089870548E1,1.492349017E1
1.803080513E1,7.300220490E0,7.115866661E0,-1.089870548E1,1.492349017E1
1.803280516E1,7.300220490E0,7.115866661E0,-1.089870548E1,1.492349017E1
1.803480519E1,7.300220490E0,7.115866661E0,-1.089870548E1,1.492349017E1
1.803680523E1,7.300220490E0,7.115866661E0,-1.089870548E1,1.492349017E1
1.803880523E1,7.300220490E0,7.115866661E0,-1.089870548E1,1.492349017E1
1.804080523E1,7.300220490E0,7.115866661E0,-1.089870548E1,1.492349017E1
1.804280523E1,7.300220490E0,7.115866661E0,-1.089870548E1,1.492349017E1
1.804480523E1,6.239588737E0,7.010521889E0,-8.415918350E0,1.260585445E1
1.804680523E1,6.239588737E0,7.010521889E0,-8.415918350E0,1.260585445E1
1.804880523E1,6.239588737E0,7.010521889E0,-8.415918350E0,1.260585445E1
1.805080529E1,6.239588737E0,7.010521889E0,-8.415918350E0,1.260585445E1
1.805280526E1,6.239588737E0,7.010521889E0,-8.415918350E0,1.260585445E1
1.805480522E1,6.239588737E0,7.010521889E0,-8.415918350E0,1.260585445E1
1.805680519E1,6.239588737E0,7.010521889E0,-8.415918350E0,1.260585445E1
1.805880516E1,6.239588737E0,7.010521889E0,-8.415918350E0,1.260585445E1
1.806080512E1,6.239588737E0,7.010521889E0,-8.415918350E0,1.260585445E1
1.806280509E1,6.239588737E0,7.010521889E0,-8.415918350E0,1.260585445E1
1.806480505E1,5.906795025E0,7.326556683E0,-6.780678272E0,1.159940766E1
1.806680502E1,5.906795025E0,7.326556683E0,-6.780678272E0,1.159940766E1
1.806880502E1,5.906795025E0,7.326556683E0,-6.780678272E0,1.159940766E1
1.807080419E1,5.906795025E0,7.326556683E0,-6.780678272E0,1.159940766E1
1.807280512E1,5.906795025E0,7.326556683E0,-6.780678272E0,1.159940766E1
1.807480515E1,5.906795025E0,7.326556683E0,-6.780678272E0,1.159940766E1
1.807680518E1,5.906795025E0,7.326556683E0,-6.780678272E0,1.159940766E1
1.807880522E1,5.906795025E0,7.326556683E0,-6.780678272E0,1.159940766E1
1.808080525E1,5.906795025E0,7.326556683E0,-6.780678272E0,1.159940766E1
1.808280508E1,5.906795025E0,7.326556683E0,-6.780678272E0,1.159940766E1
1.808480508E1,5.882853031E0,7.702445984E0,-5.585971832E0,1.118654170E1
1.808680505E1,5.882853031E0,7.702445984E0,-5.585971832E0,1.118654170E1
1.808880502E1,5.882853031E0,7.702445984E0,-5.585971832E0,1.118654170E1
1.809080588E1,5.882853031E0,7.702445984E0,-5.585971832E0,1.118654170E1
1.809280585E1,5.882853031E0,7.702445984E0,-5.585971832E0,1.118654170E1
1.809480581E1,5.882853031E0,7.702445984E0,-5.585971832E0,1.118654170E1
1.809680578E1,5.882853031E0,7.702445984E0,-5.585971832E0,1.118654170E1
1.809880578E1,5.882853031E0,7.702445984E0,-5.585971832E0,1.118654170E1
1.810080578E1,5.882853031E0,7.702445984E0,-5.585971832E0,1.118654170E1
1.810280581E1,5.882853031E0,7.702445984E0,-5.585971832E0,1.118654170E1
1.810480585E1,5.049670696E0,7.307403088E0,-2.794033289E0,9.311494834E0
1.810680588E1,5.049670696E0,7.307403088E0,-2.794033289E0,9.311494834E0
1.810880591E1,5.049670696E0,7.307403088E0,-2.794033289E0,9.311494834E0
1.811080508E1,5.049670696E0,7.307403088E0,-2.794033289E0,9.311494834E0
1.811280561E1,5.049670696E0,7.307403088E0,-2.794033289E0,9.311494834E0
1.811480564E1,5.049670696E0,7.307403088E0,-2.794033289E0,9.311494834E0
1.811680568E1,5.049670696E0,7.307403088E0,-2.794033289E0,9.311494834E0
1.811880568E1,5.049670696E0,7.307403088E0,-2.794033289E0,9.311494834E0
1.812080568E1,5.049670696E0,7.307403088E0,-2.794033289E0,9.311494834E0
1.812280568E1,5.049670696E0,7.307403088E0,-2.794033289E0,9.311494834E0
1.812480568E1,4.733336926E0,6.107907772E0,1.731007814E0,7.918800658E0
1.812680568E1,4.733336926E0,6.107907772E0,1.731007814E0,7.918800658E0
1.812880568E1,4.733336926E0,6.107907772E0,1.731007814E0,7.918800658E0
1.813080651E1,4.733336926E0,6.107907772E0,1.731007814E0,7.918800658E0
1.813280614E1,4.733336926E0,6.107907772E0,1.731007814E0,7.918800658E0
1.813480611E1,4.733336926E0,6.107907772E0,1.731007814E0,7.918800658E0
1.813680608E1,4.733336926E0,6.107907772E0,1.731007814E0,7.918800658E0
1.813880604E1,4.733336926E0,6.107907772E0,1.731007814E0,7.918800658E0
1.814080601E1,4.733336926E0,6.107907772E0,1.731007814E0,7.918800658E0
1.814280617E1,4.733336926E0,6.107907772E0,1.731007814E0,7.918800658E0
1.814480614E1,4.254496574E0,5.176563263E0,6.893206120E0,9.613211686E0
1.814680614E1,4.254496574E0,5.176563263E0,6.893206120E0,9.613211686E0
1.814880617E1,4.254496574E0,5.176563263E0,6.893206120E0,9.613211686E0
1.815080534E1,4.254496574E0,5.176563263E0,6.893206120E0,9.613211686E0
1.815280450E1,4.254496574E0,5.176563263E0,6.893206120E0,9.613211686E0
1.815480454E1,4.254496574E0,5.176563263E0,6.893206120E0,9.613211686E0
1.815680457E1,4.254496574E0,5.176563263E0,6.893206120E0,9.613211686E0
1.815880460E1,4.254496574E0,5.176563263E0,6.893206120E0,9.613211686E0
1.816080487E1,4.254496574E0,5.176563263E0,6.893206120E0,9.613211686E0
1.816280487E1,1.970427990E0,3.588908434E0,1.063055515E1,1.139173179E1
1.816480484E1,1.970427990E0,3.588908434E0,1.063055515E1,1.139173179E1
1.816680480E1,1.970427990E0,3.588908434E0,1.063055515E1,1.139173179E1
1.816880477E1,1.970427990E0,3.588908434E0,1.063055515E1,1.139173179E1
1.817080580E1,1.970427990E0,3.588908434E0,1.063055515E1,1.139173179E1
1.817280527E1,1.970427990E0,3.588908434E0,1.063055515E1,1.139173179E1
1.817480523E1,1.970427990E0,3.588908434E0,1.063055515E1,1.139173179E1
1.817680520E1,1.970427990E0,3.588908434E0,1.063055515E1,1.139173179E1
1.817880520E1,1.970427990E0,3.588908434E0,1.063055515E1,1.139173179E1
1.818080523E1,1.970427990E0,3.588908434E0,1.063055515E1,1.139173179E1
1.818280526E1,1.903390408E0,2.954444885E0,9.926659584E0,1.053044207E1
1.818480530E1,1.903390408E0,2.954444885E0,9.926659584E0,1.053044207E1
1.818680533E1,1.903390408E0,2.954444885E0,9.926659584E0,1.053044207E1
1.818880536E1,1.903390408E0,2.954444885E0,9.926659584E0,1.053044207E1
1.819080540E1,1.903390408E0,2.954444885E0,9.926659584E0,1.053044207E1
1.819280576E1,1.903390408E0,2.954444885E0,9.926659584E0,1.053044207E1
1.819480580E1,1.903390408E0,2.954444885E0,9.926659584E0,1.053044207E1
1.819680580E1,1.903390408E0,2.954444885E0,9.926659584E0,1.053044207E1
1.819880580E1,1.903390408E0,2.954444885E0,9.926659584E0,1.053044207E1
1.820080580E1,1.903390408E0,2.954444885E0,9.926659584E0,1.053044207E1
1.820280580E1,1.541865945E0,3.059789658E0,6.447884560E0,7.301703817E0
1.820480546E1,1.541865945E0,3.059789658E0,6.447884560E0,7.301703817E0
1.820680546E1,1.541865945E0,3.059789658E0,6.447884560E0,7.301703817E0
1.820880543E1,1.541865945E0,3.059789658E0,6.447884560E0,7.301703817E0
1.821080593E1,1.541865945E0,3.059789658E0,6.447884560E0,7.301703817E0
1.821280676E1,1.541865945E0,3.059789658E0,6.447884560E0,7.301703817E0
1.821480673E1,1.541865945E0,3.059789658E0,6.447884560E0,7.301703817E0
1.821680669E1,1.541865945E0,3.059789658E0,6.447884560E0,7.301703817E0
1.821880666E1,1.541865945E0,3.059789658E0,6.447884560E0,7.301703817E0
1.822080639E1,1.541865945E0,3.059789658E0,6.447884560E0,7.301703817E0
1.822280636E1,7.613561153E-1,3.476380825E0,2.066195965E0,4.115100550E0
1.822480636E1,7.613561153E-1,3.476380825E0,2.066195965E0,4.115100550E0
1.822680639E1,7.613561153E-1,3.476380825E0,2.066195965E0,4.115100550E0
1.822880642E1,7.613561153E-1,3.476380825E0,2.066195965E0,4.115100550E0
1.823080536E1,7.613561153E-1,3.476380825E0,2.066195965E0,4.115100550E0
1.823280539E1,7.613561153E-1,3.476380825E0,2.066195965E0,4.115100550E0
1.823480542E1,7.613561153E-1,3.476380825E0,2.066195965E0,4.115100550E0
1.823680546E1,7.613561153E-1,3.476380825E0,2.066195965E0,4.115100550E0
1.823880549E1,7.613561153E-1,3.476380825E0,2.066195965E0,4.115100550E0
1.824080549E1,7.613561153E-1,3.476380825E0,2.066195965E0,4.115100550E0
1.824280545E1,5.051765442E-1,4.608838081E0,-3.390189648E0,5.743690247E0
1.824480542E1,5.051765442E-1,4.608838081E0,-3.390189648E0,5.743690247E0
1.824680539E1,5.051765442E-1,4.608838081E0,-3.390189648E0,5.743690247E0
1.824880535E1,5.051765442E-1,4.608838081E0,-3.390189648E0,5.743690247E0
1.825080532E1,5.051765442E-1,4.608838081E0,-3.390189648E0,5.743690247E0
1.825280528E1,5.051765442E-1,4.608838081E0,-3.390189648E0,5.743690247E0
1.825480525E1,5.051765442E-1,4.608838081E0,-3.390189648E0,5.743690247E0
1.825680525E1,5.051765442E-1,4.608838081E0,-3.390189648E0,5.743690247E0
1.825880528E1,5.051765442E-1,4.608838081E0,-3.390189648E0,5.743690247E0
1.826080532E1,5.051765442E-1,4.608838081E0,-3.390189648E0,5.743690247E0
1.826280535E1,2.497152328E0,5.171774864E0,-6.280290127E0,8.510291950E0
1.826480572E1,2.497152328E0,5.171774864E0,-6.280290127E0,8.510291950E0
1.826680628E1,2.497152328E0,5.171774864E0,-6.280290127E0,8.510291950E0
1.826880631E1,2.497152328E0,5.171774864E0,-6.280290127E0,8.510291950E0
1.827080581E1,2.497152328E0,5.171774864E0,-6.280290127E0,8.510291950E0
1.827280585E1,2.497152328E0,5.171774864E0,-6.280290127E0,8.510291950E0
1.827480585E1,2.497152328E0,5.171774864E0,-6.280290127E0,8.510291950E0
1.827680585E1,2.497152328E0,5.171774864E0,-6.280290127E0,8.510291950E0
1.827880585E1,2.497152328E0,5.171774864E0,-6.280290127E0,8.510291950E0
1.828080585E1,2.497152328E0,5.171774864E0,-6.280290127E0,8.510291950E0
1.828280585E1,5.188534260E0,4.980238914E0,-3.909731388E0,8.185943253E0
1.828480585E1,5.188534260E0,4.980238914E0,-3.909731388E0,8.185943253E0
1.828680581E1,5.188534260E0,4.980238914E0,-3.909731388E0,8.185943253E0
1.828880578E1,5.188534260E0,4.980238914E0,-3.909731388E0,8.185943253E0
1.829080625E1,5.188534260E0,4.980238914E0,-3.909731388E0,8.185943253E0
1.829280621E1,5.188534260E0,4.980238914E0,-3.909731388E0,8.185943253E0
1.829480618E1,5.188534260E0,4.980238914E0,-3.909731388E0,8.185943253E0
1.829680614E1,5.188534260E0,4.980238914E0,-3.909731388E0,8.185943253E0
1.829880611E1,5.188534260E0,4.980238914E0,-3.909731388E0,8.185943253E0
1.830080608E1,5.188534260E0,4.980238914E0,-3.909731388E0,8.185943253E0
1.830280608E1,9.507674217E0,8.399158478E0,1.240196466E0,1.274675721E1
1.830480611E1,9.507674217E0,8.399158478E0,1.240196466E0,1.274675721E1
1.830680614E1,9.507674217E0,8.399158478E0,1.240196466E0,1.274675721E1
1.830880617E1,9.507674217E0,8.399158478E0,1.240196466E0,1.274675721E1
1.831080534E1,9.507674217E0,8.399158478E0,1.240196466E0,1.274675721E1
1.831280537E1,9.507674217E0,8.399158478E0,1.240196466E0,1.274675721E1
1.831480541E1,9.507674217E0,8.399158478E0,1.240196466E0,1.274675721E1
1.831680544E1,9.507674217E0,8.399158478E0,1.240196466E0,1.274675721E1
1.831880544E1,9.507674217E0,8.399158478E0,1.240196466E0,1.274675721E1
1.832080540E1,9.507674217E0,8.399158478E0,1.240196466E0,1.274675721E1
1.832280537E1,1.261534786E1,1.062576675E1,5.763142586E0,1.747191270E1
1.832480534E1,1.261534786E1,1.062576675E1,5.763142586E0,1.747191270E1
1.832680477E1,1.261534786E1,1.062576675E1,5.763142586E0,1.747191270E1
1.832880474E1,1.261534786E1,1.062576675E1,5.763142586E0,1.747191270E1
1.833080557E1,1.261534786E1,1.062576675E1,5.763142586E0,1.747191270E1
1.833280554E1,1.261534786E1,1.062576675E1,5.763142586E0,1.747191270E1
1.833480554E1,1.261534786E1,1.062576675E1,5.763142586E0,1.747191270E1
1.833680557E1,1.261534786E1,1.062576675E1,5.763142586E0,1.747191270E1
1.833880560E1,1.261534786E1,1.062576675E1,5.763142586E0,1.747191270E1
1.834080563E1,1.261534786E1,1.062576675E1,5.763142586E0,1.747191270E1
1.834280567E1,1.048929691E1,9.703998566E0,1.117403889E1,1.813979280E1
1.834480570E1,1.048929691E1,9.703998566E0,1.117403889E1,1.813979280E1
1.834680573E1,1.048929691E1,9.703998566E0,1.117403889E1,1.813979280E1
1.834880577E1,1.048929691E1,9.703998566E0,1.117403889E1,1.813979280E1
1.835080533E1,1.048929691E1,9.703998566E0,1.117403889E1,1.813979280E1
1.835280447E1,1.048929691E1,9.703998566E0,1.117403889E1,1.813979280E1
1.835480446E1,1.048929691E1,9.703998566E0,1.117403889E1,1.813979280E1
1.835680446E1,1.048929691E1,9.703998566E0,1.117403889E1,1.813979280E1
1.835880447E1,1.048929691E1,9.703998566E0,1.117403889E1,1.813979280E1
1.836080446E1,1.048929691E1,9.703998566E0,1.117403889E1,1.813979280E1
1.836280386E1,6.335357189E0,6.775889874E0,1.862269974E1,2.080515272E1
1.836480383E1,6.335357189E0,6.775889874E0,1.862269974E1,2.080515272E1
1.836680343E1,6.335357189E0,6.775889874E0,1.862269974E1,2.080515272E1
1.836880340E1,6.335357189E0,6.775889874E0,1.862269974E1,2.080515272E1
1.837080423E1,6.335357189E0,6.775889874E0,1.862269974E1,2.080515272E1
1.837280420E1,6.335357189E0,6.775889874E0,1.862269974E1,2.080515272E1
1.837480416E1,6.335357189E0,6.775889874E0,1.862269974E1,2.080515272E1
1.837680413E1,6.335357189E0,6.775889874E0,1.862269974E1,2.080515272E1
1.837880409E1,6.335357189E0,6.775889874E0,1.862269974E1,2.080515272E1
1.838080409E1,6.335357189E0,6.775889874E0,1.862269974E1,2.080515272E1
1.838280413E1,6.040870190E0,5.107131481E0,2.401444244E1,2.528375665E1
1.838480416E1,6.040870190E0,5.107131481E0,2.401444244E1,2.528375665E1
1.838680419E1,6.040870190E0,5.107131481E0,2.401444244E1,2.528375665E1
1.838880423E1,6.040870190E0,5.107131481E0,2.401444244E1,2.528375665E1
1.839080426E1,6.040870190E0,5.107131481E0,2.401444244E1,2.528375665E1
1.839280429E1,6.040870190E0,5.107131481E0,2.401444244E1,2.528375665E1
1.839480433E1,6.040870190E0,5.107131481E0,2.401444244E1,2.528375665E1
1.839680432E1,6.040870190E0,5.107131481E0,2.401444244E1,2.528375665E1
1.839880429E1,6.040870190E0,5.107131481E0,2.401444244E1,2.528375665E1
1.840080426E1,6.040870190E0,5.107131481E0,2.401444244E1,2.528375665E1
1.840280422E1,5.973832607E0,3.991134167E0,2.569786453E1,2.668325448E1
1.840480419E1,5.973832607E0,3.991134167E0,2.569786453E1,2.668325448E1
1.840680416E1,5.973832607E0,3.991134167E0,2.569786453E1,2.668325448E1
1.840880412E1,5.973832607E0,3.991134167E0,2.569786453E1,2.668325448E1
1.841080495E1,5.973832607E0,3.991134167E0,2.569786453E1,2.668325448E1
1.841280582E1,5.973832607E0,3.991134167E0,2.569786453E1,2.668325448E1
1.841480585E1,5.973832607E0,3.991134167E0,2.569786453E1,2.668325448E1
1.841680589E1,5.973832607E0,3.991134167E0,2.569786453E1,2.668325448E1
1.841880592E1,5.973832607E0,3.991134167E0,2.569786453E1,2.668325448E1
1.842080595E1,5.973832607E0,3.991134167E0,2.569786453E1,2.668325448E1
1.842280658E1,4.805162907E0,2.935291290E0,2.388036537E1,2.453522724E1
1.842480662E1,4.805162907E0,2.935291290E0,2.388036537E1,2.453522724E1
1.842680702E1,4.805162907E0,2.935291290E0,2.388036537E1,2.453522724E1
1.842880705E1,4.805162907E0,2.935291290E0,2.388036537E1,2.453522724E1
1.843080618E1,4.805162907E0,2.935291290E0,2.388036537E1,2.453522724E1
1.843280618E1,4.805162907E0,2.935291290E0,2.388036537E1,2.453522724E1
1.843480618E1,4.805162907E0,2.935291290E0,2.388036537E1,2.453522724E1
1.843680618E1,4.805162907E0,2.935291290E0,2.388036537E1,2.453522724E1
1.843880618E1,4.805162907E0,2.935291290E0,2.388036537E1,2.453522724E1
1.844080618E1,1.905784607E0,1.271321058E0,1.797626495E1,1.812165483E1
1.844280598E1,1.905784607E0,1.271321058E0,1.797626495E1,1.812165483E1
1.844480595E1,1.905784607E0,1.271321058E0,1.797626495E1,1.812165483E1
1.844680592E1,1.905784607E0,1.271321058E0,1.797626495E1,1.812165483E1
1.844880588E1,1.905784607E0,1.271321058E0,1.797626495E1,1.812165483E1
1.845080585E1,1.905784607E0,1.271321058E0,1.797626495E1,1.812165483E1
1.845280581E1,1.905784607E0,1.271321058E0,1.797626495E1,1.812165483E1
1.845480578E1,1.905784607E0,1.271321058E0,1.797626495E1,1.812165483E1
1.845680575E1,1.905784607E0,1.271321058E0,1.797626495E1,1.812165483E1
1.845880575E1,1.905784607E0,1.271321058E0,1.797626495E1,1.812165483E1
1.846080578E1,1.194706678E0,5.674257874E-1,1.399440861E1,1.405676948E1
1.846280581E1,1.194706678E0,5.674257874E-1,1.399440861E1,1.405676948E1
1.846480584E1,1.194706678E0,5.674257874E-1,1.399440861E1,1.405676948E1
1.846680588E1,1.194706678E0,5.674257874E-1,1.399440861E1,1.405676948E1
1.846880591E1,1.194706678E0,5.674257874E-1,1.399440861E1,1.405676948E1
1.847080508E1,1.194706678E0,5.674257874E-1,1.399440861E1,1.405676948E1
1.847280511E1,1.194706678E0,5.674257874E-1,1.399440861E1,1.405676948E1
1.847480511E1,1.194706678E0,5.674257874E-1,1.399440861E1,1.405676948E1
1.847680508E1,1.194706678E0,5.674257874E-1,1.399440861E1,1.405676948E1
1.847880504E1,1.194706678E0,5.674257874E-1,1.399440861E1,1.405676948E1
1.848080501E1,3.301604033E0,9.026140571E-1,1.200482655E1,1.248323523E1
1.848280497E1,3.301604033E0,9.026140571E-1,1.200482655E1,1.248323523E1
1.848480494E1,3.301604033E0,9.026140571E-1,1.200482655E1,1.248323523E1
1.848680491E1,3.301604033E0,9.026140571E-1,1.200482655E1,1.248323523E1
1.848880487E1,3.301604033E0,9.026140571E-1,1.200482655E1,1.248323523E1
1.849080574E1,3.301604033E0,9.026140571E-1,1.200482655E1,1.248323523E1
1.849280577E1,3.301604033E0,9.026140571E-1,1.200482655E1,1.248323523E1
1.849480580E1,3.301604033E0,9.026140571E-1,1.200482655E1,1.248323523E1
1.849680584E1,3.301604033E0,9.026140571E-1,1.200482655E1,1.248323523E1
1.849880587E1,3.301604033E0,9.026140571E-1,1.200482655E1,1.248323523E1
1.850080590E1,6.627449512E0,1.855506301E0,8.988132477E0,1.132044682E1
1.850280610E1,6.627449512E0,1.855506301E0,8.988132477E0,1.132044682E1
1.850480614E1,6.627449512E0,1.855506301E0,8.988132477E0,1.132044682E1
1.850680617E1,6.627449512E0,1.855506301E0,8.988132477E0,1.132044682E1
1.850880617E1,6.627449512E0,1.855506301E0,8.988132477E0,1.132044682E1
1.851080530E1,6.627449512E0,1.855506301E0,8.988132477E0,1.132044682E1
1.851280584E1,6.627449512E0,1.855506301E0,8.988132477E0,1.132044682E1
1.851480584E1,6.627449512E0,1.855506301E0,8.988132477E0,1.132044682E1
1.851680584E1,6.627449512E0,1.855506301E0,8.988132477E0,1.132044682E1
1.851880584E1,6.627449512E0,1.855506301E0,8.988132477E0,1.132044682E1
1.852080580E1,9.421483040E0,3.454833031E0,5.571606636E0,1.147793598E1
1.852280577E1,9.421483040E0,3.454833031E0,5.571606636E0,1.147793598E1
1.852480573E1,9.421483040E0,3.454833031E0,5.571606636E0,1.147793598E1
1.852680570E1,9.421483040E0,3.454833031E0,5.571606636E0,1.147793598E1
1.852880566E1,9.421483040E0,3.454833031E0,5.571606636E0,1.147793598E1
1.853080650E1,9.421483040E0,3.454833031E0,5.571606636E0,1.147793598E1
1.853280646E1,9.421483040E0,3.454833031E0,5.571606636E0,1.147793598E1
1.853480643E1,9.421483040E0,3.454833031E0,5.571606636E0,1.147793598E1
1.853680643E1,9.421483040E0,3.454833031E0,5.571606636E0,1.147793598E1
1.853880646E1,9.421483040E0,3.454833031E0,5.571606636E0,1.147793598E1
1.854080650E1,1.116446209E1,4.723760128E0,3.881000996E0,1.272875847E1
1.854280653E1,1.116446209E1,4.723760128E0,3.881000996E0,1.272875847E1
1.854480656E1,1.116446209E1,4.723760128E0,3.881000996E0,1.272875847E1
1.854680660E1,1.116446209E1,4.723760128E0,3.881000996E0,1.272875847E1
1.854880663E1,1.116446209E1,4.723760128E0,3.881000996E0,1.272875847E1
1.855080579E1,1.116446209E1,4.723760128E0,3.881000996E0,1.272875847E1
1.855280493E1,1.116446209E1,4.723760128E0,3.881000996E0,1.272875847E1
1.855480489E1,1.116446209E1,4.723760128E0,3.881000996E0,1.272875847E1
1.855680486E1,1.116446209E1,4.723760128E0,3.881000996E0,1.272875847E1
1.855880483E1,1.116446209E1,4.723760128E0,3.881000996E0,1.272875847E1
1.856080479E1,1.207665253E1,5.164592266E0,2.997540474E0,1.347233456E1
1.856280476E1,1.207665253E1,5.164592266E0,2.997540474E0,1.347233456E1
1.856480472E1,1.207665253E1,5.164592266E0,2.997540474E0,1.347233456E1
1.856680469E1,1.207665253E1,5.164592266E0,2.997540474E0,1.347233456E1
1.856880469E1,1.207665253E1,5.164592266E0,2.997540474E0,1.347233456E1
1.857080559E1,1.207665253E1,5.164592266E0,2.997540474E0,1.347233456E1
1.857280509E1,1.207665253E1,5.164592266E0,2.997540474E0,1.347233456E1
1.857480512E1,1.207665253E1,5.164592266E0,2.997540474E0,1.347233456E1
1.857680516E1,1.207665253E1,5.164592266E0,2.997540474E0,1.347233456E1
1.857880519E1,1.207665253E1,5.164592266E0,2.997540474E0,1.347233456E1
1.858080522E1,1.198088455E1,5.734412193E0,2.470816135E0,1.351036677E1
1.858280525E1,1.198088455E1,5.734412193E0,2.470816135E0,1.351036677E1
1.858480529E1,1.198088455E1,5.734412193E0,2.470816135E0,1.351036677E1
1.858680529E1,1.198088455E1,5.734412193E0,2.470816135E0,1.351036677E1
1.858880529E1,1.198088455E1,5.734412193E0,2.470816135E0,1.351036677E1
1.859080529E1,1.198088455E1,5.734412193E0,2.470816135E0,1.351036677E1
1.859280529E1,1.198088455E1,5.734412193E0,2.470816135E0,1.351036677E1
1.859480529E1,1.198088455E1,5.734412193E0,2.470816135E0,1.351036677E1
1.859680529E1,1.198088455E1,5.734412193E0,2.470816135E0,1.351036677E1
1.859880525E1,1.198088455E1,5.734412193E0,2.470816135E0,1.351036677E1
1.860080522E1,1.044620132E1,5.241206646E0,1.508347034E0,1.178424711E1
1.860280518E1,1.044620132E1,5.241206646E0,1.508347034E0,1.178424711E1
1.860480602E1,1.044620132E1,5.241206646E0,1.508347034E0,1.178424711E1
1.860680598E1,1.044620132E1,5.241206646E0,1.508347034E0,1.178424711E1
1.860880595E1,1.044620132E1,5.241206646E0,1.508347034E0,1.178424711E1
1.861080665E1,1.044620132E1,5.241206646E0,1.508347034E0,1.178424711E1
1.861280748E1,1.044620132E1,5.241206646E0,1.508347034E0,1.178424711E1
1.861480748E1,1.044620132E1,5.241206646E0,1.508347034E0,1.178424711E1
1.861680748E1,1.044620132E1,5.241206646E0,1.508347034E0,1.178424711E1
1.861880752E1,1.044620132E1,5.241206646E0,1.508347034E0,1.178424711E1
1.862080755E1,7.518092632E0,4.522646904E0,2.911349297E0,9.244025453E0
1.862280758E1,7.518092632E0,4.522646904E0,2.911349297E0,9.244025453E0
1.862480762E1,7.518092632E0,4.522646904E0,2.911349297E0,9.244025453E0
1.862680765E1,7.518092632E0,4.522646904E0,2.911349297E0,9.244025453E0
1.862880768E1,7.518092632E0,4.522646904E0,2.911349297E0,9.244025453E0
1.863080678E1,7.518092632E0,4.522646904E0,2.911349297E0,9.244025453E0
1.863280675E1,7.518092632E0,4.522646904E0,2.911349297E0,9.244025453E0
1.863480671E1,7.518092632E0,4.522646904E0,2.911349297E0,9.244025453E0
1.863680668E1,7.518092632E0,4.522646904E0,2.911349297E0,9.244025453E0
1.863880665E1,7.518092632E0,4.522646904E0,2.911349297E0,9.244025453E0
1.864080661E1,5.600337029E0,3.866635799E0,4.355052948E0,8.079674091E0
1.864280658E1,5.600337029E0,3.866635799E0,4.355052948E0,8.079674091E0
1.864480654E1,5.600337029E0,3.866635799E0,4.355052948E0,8.079674091E0
1.864680654E1,5.600337029E0,3.866635799E0,4.355052948E0,8.079674091E0
1.864880654E1,5.600337029E0,3.866635799E0,4.355052948E0,8.079674091E0
1.865080654E1,5.600337029E0,3.866635799E0,4.355052948E0,8.079674091E0
1.865280654E1,5.600337029E0,3.866635799E0,4.355052948E0,8.079674091E0
1.865480654E1,5.600337029E0,3.866635799E0,4.355052948E0,8.079674091E0
1.865680654E1,5.600337029E0,3.866635799E0,4.355052948E0,8.079674091E0
1.865880654E1,5.600337029E0,3.866635799E0,4.355052948E0,8.079674091E0
1.866080654E1,4.101267338E0,3.083731890E0,4.570530891E0,6.871648185E0
1.866280654E1,4.101267338E0,3.083731890E0,4.570530891E0,6.871648185E0
1.866480571E1,4.101267338E0,3.083731890E0,4.570530891E0,6.871648185E0
1.866680574E1,4.101267338E0,3.083731890E0,4.570530891E0,6.871648185E0
1.866880578E1,4.101267338E0,3.083731890E0,4.570530891E0,6.871648185E0
1.867080508E1,4.101267338E0,3.083731890E0,4.570530891E0,6.871648185E0
1.867280511E1,4.101267338E0,3.083731890E0,4.570530891E0,6.871648185E0
1.867480487E1,4.101267338E0,3.083731890E0,4.570530891E0,6.871648185E0
1.867680491E1,4.101267338E0,3.083731890E0,4.570530891E0,6.871648185E0
1.867880491E1,4.101267338E0,3.083731890E0,4.570530891E0,6.871648185E0
1.868080487E1,1.163581967E0,1.568202138E0,4.513070107E0,4.917416265E0
1.868280484E1,1.163581967E0,1.568202138E0,4.513070107E0,4.917416265E0
1.868480481E1,1.163581967E0,1.568202138E0,4.513070107E0,4.917416265E0
1.868680477E1,1.163581967E0,1.568202138E0,4.513070107E0,4.917416265E0
1.868880474E1,1.163581967E0,1.568202138E0,4.513070107E0,4.917416265E0
1.869080560E1,1.163581967E0,1.568202138E0,4.513070107E0,4.917416265E0
1.869280560E1,1.163581967E0,1.568202138E0,4.513070107E0,4.917416265E0
1.869480560E1,1.163581967E0,1.568202138E0,4.513070107E0,4.917416265E0
1.869680564E1,1.163581967E0,1.568202138E0,4.513070107E0,4.917416265E0
1.869880567E1,-1.606509328E0,8.403648138E-1,6.119878769E0,6.382789468E0
1.870080570E1,-1.606509328E0,8.403648138E-1,6.119878769E0,6.382789468E0
1.870280574E1,-1.606509328E0,8.403648138E-1,6.119878769E0,6.382789468E0
1.870480577E1,-1.606509328E0,8.403648138E-1,6.119878769E0,6.382789468E0
1.870680580E1,-1.606509328E0,8.403648138E-1,6.119878769E0,6.382789468E0
1.870880583E1,-1.606509328E0,8.403648138E-1,6.119878769E0,6.382789468E0
1.871080497E1,-1.606509328E0,8.403648138E-1,6.119878769E0,6.382789468E0
1.871280497E1,-1.606509328E0,8.403648138E-1,6.119878769E0,6.382789468E0
1.871480497E1,-1.606509328E0,8.403648138E-1,6.119878769E0,6.382789468E0
1.871680497E1,-1.606509328E0,8.403648138E-1,6.119878769E0,6.382789468E0
1.871880497E1,-3.031059265E0,5.171475410E-1,6.534075737E0,7.221420053E0
1.872080497E1,-3.031059265E0,5.171475410E-1,6.534075737E0,7.221420053E0
1.872280497E1,-3.031059265E0,5.171475410E-1,6.534075737E0,7.221420053E0
1.872480493E1,-3.031059265E0,5.171475410E-1,6.534075737E0,7.221420053E0
1.872680490E1,-3.031059265E0,5.171475410E-1,6.534075737E0,7.221420053E0
1.872880486E1,-3.031059265E0,5.171475410E-1,6.534075737E0,7.221420053E0
1.873080570E1,-3.031059265E0,5.171475410E-1,6.534075737E0,7.221420053E0
1.873280566E1,-3.031059265E0,5.171475410E-1,6.534075737E0,7.221420053E0
1.873480590E1,-3.031059265E0,5.171475410E-1,6.534075737E0,7.221420053E0
1.873680586E1,-3.031059265E0,5.171475410E-1,6.534075737E0,7.221420053E0
1.873880583E1,-4.414907932E0,4.596867263E-1,5.346551895E0,6.948981300E0
1.874080583E1,-4.414907932E0,4.596867263E-1,5.346551895E0,6.948981300E0
1.874280586E1,-4.414907932E0,4.596867263E-1,5.346551895E0,6.948981300E0
1.874480590E1,-4.414907932E0,4.596867263E-1,5.346551895E0,6.948981300E0
1.874680593E1,-4.414907932E0,4.596867263E-1,5.346551895E0,6.948981300E0
1.874880596E1,-4.414907932E0,4.596867263E-1,5.346551895E0,6.948981300E0
1.875080513E1,-4.414907932E0,4.596867263E-1,5.346551895E0,6.948981300E0
1.875280429E1,-4.414907932E0,4.596867263E-1,5.346551895E0,6.948981300E0
1.875480433E1,-4.414907932E0,4.596867263E-1,5.346551895E0,6.948981300E0
1.875680433E1,-4.414907932E0,4.596867263E-1,5.346551895E0,6.948981300E0
1.875880429E1,-4.386177540E0,4.501099288E-1,3.548206806E0,5.659586902E0
1.876080426E1,-4.386177540E0,4.501099288E-1,3.548206806E0,5.659586902E0
1.876280422E1,-4.386177540E0,4.501099288E-1,3.548206806E0,5.659586902E0
1.876480419E1,-4.386177540E0,4.501099288E-1,3.548206806E0,5.659586902E0
1.876680416E1,-4.386177540E0,4.501099288E-1,3.548206806E0,5.659586902E0
1.876880412E1,-4.386177540E0,4.501099288E-1,3.548206806E0,5.659586902E0
1.877080499E1,-4.386177540E0,4.501099288E-1,3.548206806E0,5.659586902E0
1.877280499E1,-4.386177540E0,4.501099288E-1,3.548206806E0,5.659586902E0
1.877480502E1,-4.386177540E0,4.501099288E-1,3.548206806E0,5.659586902E0
1.877680505E1,-4.386177540E0,4.501099288E-1,3.548206806E0,5.659586902E0
1.877880509E1,-2.518700123E0,8.810662031E-1,1.977610588E0,3.321305707E0
1.878080512E1,-2.518700123E0,8.810662031E-1,1.977610588E0,3.321305707E0
1.878280515E1,-2.518700123E0,8.810662031E-1,1.977610588E0,3.321305707E0
1.878480519E1,-2.518700123E0,8.810662031E-1,1.977610588E0,3.321305707E0
1.878680522E1,-2.518700123E0,8.810662031E-1,1.977610588E0,3.321305707E0
1.878880562E1,-2.518700123E0,8.810662031E-1,1.977610588E0,3.321305707E0
1.879080578E1,-2.518700123E0,8.810662031E-1,1.977610588E0,3.321305707E0
1.879280579E1,-2.518700123E0,8.810662031E-1,1.977610588E0,3.321305707E0
1.879480578E1,-2.518700123E0,8.810662031E-1,1.977610588E0,3.321305707E0
1.879680578E1,-2.518700123E0,8.810662031E-1,1.977610588E0,3.321305707E0
1.879880579E1,-4.955997467E-1,1.496376038E0,1.321599364E0,2.057033115E0
1.880080578E1,-4.955997467E-1,1.496376038E0,1.321599364E0,2.057033115E0
1.880280575E1,-4.955997467E-1,1.496376038E0,1.321599364E0,2.057033115E0
1.880480572E1,-4.955997467E-1,1.496376038E0,1.321599364E0,2.057033115E0
1.880680568E1,-4.955997467E-1,1.496376038E0,1.321599364E0,2.057033115E0
1.880880565E1,-4.955997467E-1,1.496376038E0,1.321599364E0,2.057033115E0
1.881080648E1,-4.955997467E-1,1.496376038E0,1.321599364E0,2.057033115E0
1.881280732E1,-4.955997467E-1,1.496376038E0,1.321599364E0,2.057033115E0
1.881480728E1,-4.955997467E-1,1.496376038E0,1.321599364E0,2.057033115E0
1.881680725E1,-4.955997467E-1,1.496376038E0,1.321599364E0,2.057033115E0
1.881880725E1,1.142034173E0,2.205059767E0,1.084573388E0,2.709765684E0
1.882080728E1,1.142034173E0,2.205059767E0,1.084573388E0,2.709765684E0
1.882280731E1,1.142034173E0,2.205059767E0,1.084573388E0,2.709765684E0
1.882480735E1,1.142034173E0,2.205059767E0,1.084573388E0,2.709765684E0
1.882680738E1,1.142034173E0,2.205059767E0,1.084573388E0,2.709765684E0
1.882880741E1,1.142034173E0,2.205059767E0,1.084573388E0,2.709765684E0
1.883080691E1,1.142034173E0,2.205059767E0,1.084573388E0,2.709765684E0
1.883280694E1,1.142034173E0,2.205059767E0,1.084573388E0,2.709765684E0
1.883480694E1,1.142034173E0,2.205059767E0,1.084573388E0,2.709765684E0
1.883680691E1,1.142034173E0,2.205059767E0,1.084573388E0,2.709765684E0
1.883880688E1,2.698265314E0,2.705447912E0,-3.447650373E-1,3.836527993E0
1.884080684E1,2.698265314E0,2.705447912E0,-3.447650373E-1,3.836527993E0
1.884280681E1,2.698265314E0,2.705447912E0,-3.447650373E-1,3.836527993E0
1.884480678E1,2.698265314E0,2.705447912E0,-3.447650373E-1,3.836527993E0
1.884680674E1,2.698265314E0,2.705447912E0,-3.447650373E-1,3.836527993E0
1.884880634E1,2.698265314E0,2.705447912E0,-3.447650373E-1,3.836527993E0
1.885080617E1,2.698265314E0,2.705447912E0,-3.447650373E-1,3.836527993E0
1.885280621E1,2.698265314E0,2.705447912E0,-3.447650373E-1,3.836527993E0
1.885480624E1,2.698265314E0,2.705447912E0,-3.447650373E-1,3.836527993E0
1.885680627E1,2.698265314E0,2.705447912E0,-3.447650373E-1,3.836527993E0
1.885880631E1,4.596867085E0,3.533841610E0,-7.062895298E-1,5.841067404E0
1.886080634E1,4.596867085E0,3.533841610E0,-7.062895298E-1,5.841067404E0
1.886280637E1,4.596867085E0,3.533841610E0,-7.062895298E-1,5.841067404E0
1.886480640E1,4.596867085E0,3.533841610E0,-7.062895298E-1,5.841067404E0
1.886680644E1,4.596867085E0,3.533841610E0,-7.062895298E-1,5.841067404E0
1.886880644E1,4.596867085E0,3.533841610E0,-7.062895298E-1,5.841067404E0
1.887080557E1,4.596867085E0,3.533841610E0,-7.062895298E-1,5.841067404E0
1.887280517E1,4.596867085E0,3.533841610E0,-7.062895298E-1,5.841067404E0
1.887480517E1,4.596867085E0,3.533841610E0,-7.062895298E-1,5.841067404E0
1.887680517E1,4.596867085E0,3.533841610E0,-7.062895298E-1,5.841067404E0
1.887880517E1,7.003339291E0,5.171774864E0,3.055001259E0,9.226432092E0
1.888080514E1,7.003339291E0,5.171774864E0,3.055001259E0,9.226432092E0
1.888280510E1,7.003339291E0,5.171774864E0,3.055001259E0,9.226432092E0
1.888480507E1,7.003339291E0,5.171774864E0,3.055001259E0,9.226432092E0
1.888680504E1,7.003339291E0,5.171774864E0,3.055001259E0,9.226432092E0
1.888880500E1,7.003339291E0,5.171774864E0,3.055001259E0,9.226432092E0
1.889080550E1,7.003339291E0,5.171774864E0,3.055001259E0,9.226432092E0
1.889280547E1,7.003339291E0,5.171774864E0,3.055001259E0,9.226432092E0
1.889480543E1,7.003339291E0,5.171774864E0,3.055001259E0,9.226432092E0
1.889680543E1,7.003339291E0,5.171774864E0,3.055001259E0,9.226432092E0
1.889880547E1,1.348683739E1,8.511686325E0,1.499548340E1,2.189082249E1
1.890080550E1,1.348683739E1,8.511686325E0,1.499548340E1,2.189082249E1
1.890280553E1,1.348683739E1,8.511686325E0,1.499548340E1,2.189082249E1
1.890480556E1,1.348683739E1,8.511686325E0,1.499548340E1,2.189082249E1
1.890680560E1,1.348683739E1,8.511686325E0,1.499548340E1,2.189082249E1
1.890880563E1,1.348683739E1,8.511686325E0,1.499548340E1,2.189082249E1
1.891080480E1,1.348683739E1,8.511686325E0,1.499548340E1,2.189082249E1
1.891280480E1,1.348683739E1,8.511686325E0,1.499548340E1,2.189082249E1
1.891480476E1,1.348683739E1,8.511686325E0,1.499548340E1,2.189082249E1
1.891680473E1,1.348683739E1,8.511686325E0,1.499548340E1,2.189082249E1
1.891880470E1,2.746957397E1,1.466717911E1,2.451961899E1,3.963477454E1
1.892080466E1,2.746957397E1,1.466717911E1,2.451961899E1,3.963477454E1
1.892280463E1,2.746957397E1,1.466717911E1,2.451961899E1,3.963477454E1
1.892480459E1,2.746957397E1,1.466717911E1,2.451961899E1,3.963477454E1
1.892680456E1,2.746957397E1,1.466717911E1,2.451961899E1,3.963477454E1
1.892880456E1,2.746957397E1,1.466717911E1,2.451961899E1,3.963477454E1
1.893080546E1,2.746957397E1,1.466717911E1,2.451961899E1,3.963477454E1
1.893280589E1,2.746957397E1,1.466717911E1,2.451961899E1,3.963477454E1
1.893480512E1,2.746957397E1,1.466717911E1,2.451961899E1,3.963477454E1
1.893680516E1,2.746957397E1,1.466717911E1,2.451961899E1,3.963477454E1
1.893880519E1,2.512325668E1,1.460253525E1,3.038092232E1,4.204060541E1
1.894080522E1,2.512325668E1,1.460253525E1,3.038092232E1,4.204060541E1
1.894280526E1,2.512325668E1,1.460253525E1,3.038092232E1,4.204060541E1
1.894480529E1,2.512325668E1,1.460253525E1,3.038092232E1,4.204060541E1
1.894680529E1,2.512325668E1,1.460253525E1,3.038092232E1,4.204060541E1
1.894880529E1,2.512325668E1,1.460253525E1,3.038092232E1,4.204060541E1
1.895080442E1,2.512325668E1,1.460253525E1,3.038092232E1,4.204060541E1
1.895280352E1,2.512325668E1,1.460253525E1,3.038092232E1,4.204060541E1
1.895480352E1,2.512325668E1,1.460253525E1,3.038092232E1,4.204060541E1
1.895680352E1,2.512325668E1,1.460253525E1,3.038092232E1,4.204060541E1
1.895880349E1,1.536179638E1,1.006552315E1,1.714308357E1,2.512339266E1
1.896080346E1,1.536179638E1,1.006552315E1,1.714308357E1,2.512339266E1
1.896280342E1,1.536179638E1,1.006552315E1,1.714308357E1,2.512339266E1
1.896480339E1,1.536179638E1,1.006552315E1,1.714308357E1,2.512339266E1
1.896680335E1,1.536179638E1,1.006552315E1,1.714308357E1,2.512339266E1
1.896880332E1,1.536179638E1,1.006552315E1,1.714308357E1,2.512339266E1
1.897080415E1,1.536179638E1,1.006552315E1,1.714308357E1,2.512339266E1
1.897280412E1,1.536179638E1,1.006552315E1,1.714308357E1,2.512339266E1
1.897480412E1,1.536179638E1,1.006552315E1,1.714308357E1,2.512339266E1
1.897680415E1,9.905111313E0,7.577947617E0,8.310573578E0,1.498673258E1
1.897880418E1,9.905111313E0,7.577947617E0,8.310573578E0,1.498673258E1
1.898080422E1,9.905111313E0,7.577947617E0,8.310573578E0,1.498673258E1
1.898280425E1,9.905111313E0,7.577947617E0,8.310573578E0,1.498673258E1
1.898480428E1,9.905111313E0,7.577947617E0,8.310573578E0,1.498673258E1
1.898680432E1,9.905111313E0,7.577947617E0,8.310573578E0,1.498673258E1
1.898880435E1,9.905111313E0,7.577947617E0,8.310573578E0,1.498673258E1
1.899080482E1,9.905111313E0,7.577947617E0,8.310573578E0,1.498673258E1
1.899280478E1,9.905111313E0,7.577947617E0,8.310573578E0,1.498673258E1
1.899480555E1,9.905111313E0,7.577947617E0,8.310573578E0,1.498673258E1
1.899680551E1,7.850886822E0,6.189310551E0,6.656179905E0,1.201035886E1
1.899880508E1,7.850886822E0,6.189310551E0,6.656179905E0,1.201035886E1
1.900080504E1,7.850886822E0,6.189310551E0,6.656179905E0,1.201035886E1
1.900280501E1,7.850886822E0,6.189310551E0,6.656179905E0,1.201035886E1
1.900480498E1,7.850886822E0,6.189310551E0,6.656179905E0,1.201035886E1
1.900680498E1,7.850886822E0,6.189310551E0,6.656179905E0,1.201035886E1
1.900880501E1,7.850886822E0,6.189310551E0,6.656179905E0,1.201035886E1
1.901080591E1,7.850886822E0,6.189310551E0,6.656179905E0,1.201035886E1
1.901280684E1,7.850886822E0,6.189310551E0,6.656179905E0,1.201035886E1
1.901480688E1,7.850886822E0,6.189310551E0,6.656179905E0,1.201035886E1
1.901680691E1,5.356128693E0,4.474762917E0,4.644751072E0,8.383634668E0
1.901880694E1,5.356128693E0,4.474762917E0,4.644751072E0,8.383634668E0
1.902080698E1,5.356128693E0,4.474762917E0,4.644751072E0,8.383634668E0
1.902280701E1,5.356128693E0,4.474762917E0,4.644751072E0,8.383634668E0
1.902480701E1,5.356128693E0,4.474762917E0,4.644751072E0,8.383634668E0
1.902680701E1,5.356128693E0,4.474762917E0,4.644751072E0,8.383634668E0
1.902880701E1,5.356128693E0,4.474762917E0,4.644751072E0,8.383634668E0
1.903080651E1,5.356128693E0,4.474762917E0,4.644751072E0,8.383634668E0
1.903280694E1,5.356128693E0,4.474762917E0,4.644751072E0,8.383634668E0
1.903480694E1,5.356128693E0,4.474762917E0,4.644751072E0,8.383634668E0
1.903680684E1,3.478775024E0,3.050212860E0,2.260126352E0,5.149159668E0
1.903880681E1,3.478775024E0,3.050212860E0,2.260126352E0,5.149159668E0
1.904080677E1,3.478775024E0,3.050212860E0,2.260126352E0,5.149159668E0
1.904280741E1,3.478775024E0,3.050212860E0,2.260126352E0,5.149159668E0
1.904480737E1,3.478775024E0,3.050212860E0,2.260126352E0,5.149159668E0
1.904680734E1,3.478775024E0,3.050212860E0,2.260126352E0,5.149159668E0
1.904880730E1,3.478775024E0,3.050212860E0,2.260126352E0,5.149159668E0
1.905080680E1,3.478775024E0,3.050212860E0,2.260126352E0,5.149159668E0
1.905280680E1,3.478775024E0,3.050212860E0,2.260126352E0,5.149159668E0
1.905480684E1,3.478775024E0,3.050212860E0,2.260126352E0,5.149159668E0
1.905680687E1,2.130839586E0,2.135627985E0,7.829039693E-1,3.116780849E0
1.905880730E1,2.130839586E0,2.135627985E0,7.829039693E-1,3.116780849E0
1.906080734E1,2.130839586E0,2.135627985E0,7.829039693E-1,3.116780849E0
1.906280737E1,2.130839586E0,2.135627985E0,7.829039693E-1,3.116780849E0
1.906480740E1,2.130839586E0,2.135627985E0,7.829039693E-1,3.116780849E0
1.906680744E1,2.130839586E0,2.135627985E0,7.829039693E-1,3.116780849E0
1.906880744E1,2.130839586E0,2.135627985E0,7.829039693E-1,3.116780849E0
1.907080654E1,2.130839586E0,2.135627985E0,7.829039693E-1,3.116780849E0
1.907280614E1,2.130839586E0,2.135627985E0,7.829039693E-1,3.116780849E0
1.907480610E1,2.130839586E0,2.135627985E0,7.829039693E-1,3.116780849E0
1.907680607E1,6.129156351E-1,1.529894829E0,-6.081272364E-1,1.756719243E0
1.907880603E1,6.129156351E-1,1.529894829E0,-6.081272364E-1,1.756719243E0
1.908080600E1,6.129156351E-1,1.529894829E0,-6.081272364E-1,1.756719243E0
1.908280597E1,6.129156351E-1,1.529894829E0,-6.081272364E-1,1.756719243E0
1.908480596E1,6.129156351E-1,1.529894829E0,-6.081272364E-1,1.756719243E0
1.908680600E1,6.129156351E-1,1.529894829E0,-6.081272364E-1,1.756719243E0
1.908880603E1,6.129156351E-1,1.529894829E0,-6.081272364E-1,1.756719243E0
1.909080656E1,6.129156351E-1,1.529894829E0,-6.081272364E-1,1.756719243E0
1.909280616E1,6.129156351E-1,1.529894829E0,-6.081272364E-1,1.756719243E0
1.909480620E1,6.129156351E-1,1.529894829E0,-6.081272364E-1,1.756719243E0
1.909680630E1,-6.105214357E-1,1.254561663E0,-2.049436569E0,2.479284502E0
1.909880633E1,-6.105214357E-1,1.254561663E0,-2.049436569E0,2.479284502E0
1.910080636E1,-6.105214357E-1,1.254561663E0,-2.049436569E0,2.479284502E0
1.910280570E1,-6.105214357E-1,1.254561663E0,-2.049436569E0,2.479284502E0
1.910480570E1,-6.105214357E-1,1.254561663E0,-2.049436569E0,2.479284502E0
1.910680570E1,-6.105214357E-1,1.254561663E0,-2.049436569E0,2.479284502E0
1.910880570E1,-6.105214357E-1,1.254561663E0,-2.049436569E0,2.479284502E0
1.911080483E1,-6.105214357E-1,1.254561663E0,-2.049436569E0,2.479284502E0
1.911280483E1,-6.105214357E-1,1.254561663E0,-2.049436569E0,2.479284502E0
1.911480480E1,-6.105214357E-1,1.254561663E0,-2.049436569E0,2.479284502E0
1.911680476E1,-1.165976286E0,1.053448796E0,-3.110068083E0,3.484505495E0
1.911880473E1,-1.165976286E0,1.053448796E0,-3.110068083E0,3.484505495E0
1.912080469E1,-1.165976286E0,1.053448796E0,-3.110068083E0,3.484505495E0
1.912280466E1,-1.165976286E0,1.053448796E0,-3.110068083E0,3.484505495E0
1.912480462E1,-1.165976286E0,1.053448796E0,-3.110068083E0,3.484505495E0
1.912680459E1,-1.165976286E0,1.053448796E0,-3.110068083E0,3.484505495E0
1.912880456E1,-1.165976286E0,1.053448796E0,-3.110068083E0,3.484505495E0
1.913080509E1,-1.165976286E0,1.053448796E0,-3.110068083E0,3.484505495E0
1.913280549E1,-1.165976286E0,1.053448796E0,-3.110068083E0,3.484505495E0
1.913480552E1,-1.165976286E0,1.053448796E0,-3.110068083E0,3.484505495E0
1.913680556E1,-1.958456993E0,3.782838583E-1,-3.447650433E0,3.983082472E0
1.913880559E1,-1.958456993E0,3.782838583E-1,-3.447650433E0,3.983082472E0
1.914080562E1,-1.958456993E0,3.782838583E-1,-3.447650433E0,3.983082472E0
1.914280526E1,-1.958456993E0,3.782838583E-1,-3.447650433E0,3.983082472E0
1.914480529E1,-1.958456993E0,3.782838583E-1,-3.447650433E0,3.983082472E0
1.914680529E1,-1.958456993E0,3.782838583E-1,-3.447650433E0,3.983082472E0
1.914880525E1,-1.958456993E0,3.782838583E-1,-3.447650433E0,3.983082472E0
1.915080435E1,-1.958456993E0,3.782838583E-1,-3.447650433E0,3.983082472E0
1.915280342E1,-1.958456993E0,3.782838583E-1,-3.447650433E0,3.983082472E0
1.915480339E1,-1.958456993E0,3.782838583E-1,-3.447650433E0,3.983082472E0
1.915680329E1,-2.767697096E0,4.788403399E-3,-3.404554844E0,4.387614822E0
1.915880325E1,-2.767697096E0,4.788403399E-3,-3.404554844E0,4.387614822E0
1.916080322E1,-2.767697096E0,4.788403399E-3,-3.404554844E0,4.387614822E0
1.916280322E1,-2.767697096E0,4.788403399E-3,-3.404554844E0,4.387614822E0
1.916480345E1,-2.767697096E0,4.788403399E-3,-3.404554844E0,4.387614822E0
1.916680348E1,-2.767697096E0,4.788403399E-3,-3.404554844E0,4.387614822E0
1.916880352E1,-2.767697096E0,4.788403399E-3,-3.404554844E0,4.387614822E0
1.917080405E1,-2.767697096E0,4.788403399E-3,-3.404554844E0,4.387614822E0
1.917280408E1,-2.767697096E0,4.788403399E-3,-3.404554844E0,4.387614822E0
1.917480412E1,-2.767697096E0,4.788403399E-3,-3.404554844E0,4.387614822E0
1.917680415E1,-2.901772499E0,-9.097966552E-2,-2.892195702E0,4.097969853E0
1.917880418E1,-2.901772499E0,-9.097966552E-2,-2.892195702E0,4.097969853E0
1.918080418E1,-2.901772499E0,-9.097966552E-2,-2.892195702E0,4.097969853E0
1.918280418E1,-2.901772499E0,-9.097966552E-2,-2.892195702E0,4.097969853E0
1.918480418E1,-2.901772499E0,-9.097966552E-2,-2.892195702E0,4.097969853E0
1.918680418E1,-2.901772499E0,-9.097966552E-2,-2.892195702E0,4.097969853E0
1.918880418E1,-2.901772499E0,-9.097966552E-2,-2.892195702E0,4.097969853E0
1.919080452E1,-2.901772499E0,-9.097966552E-2,-2.892195702E0,4.097969853E0
1.919280448E1,-2.901772499E0,-9.097966552E-2,-2.892195702E0,4.097969853E0
1.919480445E1,-2.901772499E0,-9.097966552E-2,-2.892195702E0,4.097969853E0
1.919680441E1,-1.304839969E0,6.057330370E-1,-4.501099288E-1,1.507354903E0
1.919880438E1,-1.304839969E0,6.057330370E-1,-4.501099288E-1,1.507354903E0
1.920080434E1,-1.304839969E0,6.057330370E-1,-4.501099288E-1,1.507354903E0
1.920280471E1,-1.304839969E0,6.057330370E-1,-4.501099288E-1,1.507354903E0
1.920480468E1,-1.304839969E0,6.057330370E-1,-4.501099288E-1,1.507354903E0
1.920680464E1,-1.304839969E0,6.057330370E-1,-4.501099288E-1,1.507354903E0
1.920880464E1,-1.304839969E0,6.057330370E-1,-4.501099288E-1,1.507354903E0
1.921080554E1,-1.304839969E0,6.057330370E-1,-4.501099288E-1,1.507354903E0
1.921280648E1,-1.304839969E0,6.057330370E-1,-4.501099288E-1,1.507354903E0
1.921480651E1,-1.304839969E0,6.057330370E-1,-4.501099288E-1,1.507354903E0
1.921680661E1,3.390189648E0,2.715024710E0,3.320757866E0,5.467373942E0
1.921880664E1,3.390189648E0,2.715024710E0,3.320757866E0,5.467373942E0
1.922080668E1,3.390189648E0,2.715024710E0,3.320757866E0,5.467373942E0
1.922280671E1,3.390189648E0,2.715024710E0,3.320757866E0,5.467373942E0
1.922480651E1,3.390189648E0,2.715024710E0,3.320757866E0,5.467373942E0
1.922680647E1,3.390189648E0,2.715024710E0,3.320757866E0,5.467373942E0
1.922880644E1,3.390189648E0,2.715024710E0,3.320757866E0,5.467373942E0
1.923080587E1,3.390189648E0,2.715024710E0,3.320757866E0,5.467373942E0
1.923280584E1,3.390189648E0,2.715024710E0,3.320757866E0,5.467373942E0
1.923480580E1,3.390189648E0,2.715024710E0,3.320757866E0,5.467373942E0
1.923680577E1,1.110221291E1,7.206846237E0,8.691251755E0,1.583463360E1
1.923880574E1,1.110221291E1,7.206846237E0,8.691251755E0,1.583463360E1
1.924080574E1,1.110221291E1,7.206846237E0,8.691251755E0,1.583463360E1
1.924280577E1,1.110221291E1,7.206846237E0,8.691251755E0,1.583463360E1
1.924480547E1,1.110221291E1,7.206846237E0,8.691251755E0,1.583463360E1
1.924680550E1,1.110221291E1,7.206846237E0,8.691251755E0,1.583463360E1
1.924880554E1,1.110221291E1,7.206846237E0,8.691251755E0,1.583463360E1
1.925080557E1,1.110221291E1,7.206846237E0,8.691251755E0,1.583463360E1
1.925280560E1,1.110221291E1,7.206846237E0,8.691251755E0,1.583463360E1
1.925480564E1,1.910393333E1,1.301757431E1,1.556051540E1,2.786659558E1
1.925680567E1,1.910393333E1,1.301757431E1,1.556051540E1,2.786659558E1
1.925880567E1,1.910393333E1,1.301757431E1,1.556051540E1,2.786659558E1
1.926080567E1,1.910393333E1,1.301757431E1,1.556051540E1,2.786659558E1
1.926280567E1,1.910393333E1,1.301757431E1,1.556051540E1,2.786659558E1
1.926480567E1,1.910393333E1,1.301757431E1,1.556051540E1,2.786659558E1
1.926680567E1,1.910393333E1,1.301757431E1,1.556051540E1,2.786659558E1
1.926880567E1,1.910393333E1,1.301757431E1,1.556051540E1,2.786659558E1
1.927080477E1,1.910393333E1,1.301757431E1,1.556051540E1,2.786659558E1
1.927280467E1,1.910393333E1,1.301757431E1,1.556051540E1,2.786659558E1
1.927480463E1,2.252764320E1,1.685817337E1,1.818456078E1,3.350180545E1
1.927680460E1,2.252764320E1,1.685817337E1,1.818456078E1,3.350180545E1
1.927880457E1,2.252764320E1,1.685817337E1,1.818456078E1,3.350180545E1
1.928080453E1,2.252764320E1,1.685817337E1,1.818456078E1,3.350180545E1
1.928280450E1,2.252764320E1,1.685817337E1,1.818456078E1,3.350180545E1
1.928480446E1,2.252764320E1,1.685817337E1,1.818456078E1,3.350180545E1
1.928680446E1,2.252764320E1,1.685817337E1,1.818456078E1,3.350180545E1
1.928880450E1,2.252764320E1,1.685817337E1,1.818456078E1,3.350180545E1
1.929080543E1,2.252764320E1,1.685817337E1,1.818456078E1,3.350180545E1
1.929280546E1,2.252764320E1,1.685817337E1,1.818456078E1,3.350180545E1
1.929480550E1,2.267368889E1,1.807921600E1,1.736813736E1,3.380246166E1
1.929680553E1,2.267368889E1,1.807921600E1,1.736813736E1,3.380246166E1
1.929880556E1,2.267368889E1,1.807921600E1,1.736813736E1,3.380246166E1
1.930080536E1,2.267368889E1,1.807921600E1,1.736813736E1,3.380246166E1
1.930280536E1,2.267368889E1,1.807921600E1,1.736813736E1,3.380246166E1
1.930480566E1,2.267368889E1,1.807921600E1,1.736813736E1,3.380246166E1
1.930680563E1,2.267368889E1,1.807921600E1,1.736813736E1,3.380246166E1
1.930880559E1,2.267368889E1,1.807921600E1,1.736813736E1,3.380246166E1
1.931080469E1,2.267368889E1,1.807921600E1,1.736813736E1,3.380246166E1
1.931280376E1,2.267368889E1,1.807921600E1,1.736813736E1,3.380246166E1
1.931480373E1,1.791401482E1,1.538573837E1,1.472733307E1,2.783032899E1
1.931680369E1,1.791401482E1,1.538573837E1,1.472733307E1,2.783032899E1
1.931880369E1,1.791401482E1,1.538573837E1,1.472733307E1,2.783032899E1
1.932080372E1,1.791401482E1,1.538573837E1,1.472733307E1,2.783032899E1
1.932280376E1,1.791401482E1,1.538573837E1,1.472733307E1,2.783032899E1
1.932480379E1,1.791401482E1,1.538573837E1,1.472733307E1,2.783032899E1
1.932680382E1,1.791401482E1,1.538573837E1,1.472733307E1,2.783032899E1
1.932880386E1,1.791401482E1,1.538573837E1,1.472733307E1,2.783032899E1
1.933080476E1,1.791401482E1,1.538573837E1,1.472733307E1,2.783032899E1
1.933280486E1,1.791401482E1,1.538573837E1,1.472733307E1,2.783032899E1
1.933480489E1,1.184202099E1,1.122192287E1,1.087476349E1,1.960677166E1
1.933680489E1,1.184202099E1,1.122192287E1,1.087476349E1,1.960677166E1
1.933880489E1,1.184202099E1,1.122192287E1,1.087476349E1,1.960677166E1
1.934080489E1,1.184202099E1,1.122192287E1,1.087476349E1,1.960677166E1
1.934280489E1,1.184202099E1,1.122192287E1,1.087476349E1,1.960677166E1
1.934480489E1,1.184202099E1,1.122192287E1,1.087476349E1,1.960677166E1
1.934680489E1,1.184202099E1,1.122192287E1,1.087476349E1,1.960677166E1
1.934880446E1,1.184202099E1,1.122192287E1,1.087476349E1,1.960677166E1
1.935080356E1,1.184202099E1,1.122192287E1,1.087476349E1,1.960677166E1
1.935280266E1,1.184202099E1,1.122192287E1,1.087476349E1,1.960677166E1
1.935480262E1,7.843704224E0,7.091924667E0,8.700828552E0,1.369392234E1
1.935680259E1,7.843704224E0,7.091924667E0,8.700828552E0,1.369392234E1
1.935880255E1,7.843704224E0,7.091924667E0,8.700828552E0,1.369392234E1
1.936080275E1,7.843704224E0,7.091924667E0,8.700828552E0,1.369392234E1
1.936280272E1,7.843704224E0,7.091924667E0,8.700828552E0,1.369392234E1
1.936480272E1,7.843704224E0,7.091924667E0,8.700828552E0,1.369392234E1
1.936680272E1,7.843704224E0,7.091924667E0,8.700828552E0,1.369392234E1
1.936880275E1,7.843704224E0,7.091924667E0,8.700828552E0,1.369392234E1
1.937080365E1,7.843704224E0,7.091924667E0,8.700828552E0,1.369392234E1
1.937280459E1,7.843704224E0,7.091924667E0,8.700828552E0,1.369392234E1
1.937480462E1,4.304774761E0,3.361459255E0,6.227617741E0,8.283339712E0
1.937680465E1,4.304774761E0,3.361459255E0,6.227617741E0,8.283339712E0
1.937880469E1,4.304774761E0,3.361459255E0,6.227617741E0,8.283339712E0
1.938080468E1,4.304774761E0,3.361459255E0,6.227617741E0,8.283339712E0
1.938280465E1,4.304774761E0,3.361459255E0,6.227617741E0,8.283339712E0
1.938480462E1,4.304774761E0,3.361459255E0,6.227617741E0,8.283339712E0
1.938680458E1,4.304774761E0,3.361459255E0,6.227617741E0,8.283339712E0
1.938880455E1,4.304774761E0,3.361459255E0,6.227617741E0,8.283339712E0
1.939080452E1,4.304774761E0,3.361459255E0,6.227617741E0,8.283339712E0
1.939280448E1,4.304774761E0,3.361459255E0,6.227617741E0,8.283339712E0
1.939480445E1,7.541735172E-1,3.974374831E-1,2.834734917E0,2.960144641E0
1.939680445E1,7.541735172E-1,3.974374831E-1,2.834734917E0,2.960144641E0
1.939880445E1,7.541735172E-1,3.974374831E-1,2.834734917E0,2.960144641E0
1.940080445E1,7.541735172E-1,3.974374831E-1,2.834734917E0,2.960144641E0
1.940280445E1,7.541735172E-1,3.974374831E-1,2.834734917E0,2.960144641E0
1.940480445E1,7.541735172E-1,3.974374831E-1,2.834734917E0,2.960144641E0
1.940680445E1,7.541735172E-1,3.974374831E-1,2.834734917E0,2.960144641E0
1.940880485E1,7.541735172E-1,3.974374831E-1,2.834734917E0,2.960144641E0
1.941080571E1,7.541735172E-1,3.974374831E-1,2.834734917E0,2.960144641E0
1.941280658E1,7.541735172E-1,3.974374831E-1,2.834734917E0,2.960144641E0
1.941480661E1,-2.554613113E0,-1.721431017E0,-6.967126727E-1,3.158287741E0
1.941680664E1,-2.554613113E0,-1.721431017E0,-6.967126727E-1,3.158287741E0
1.941880668E1,-2.554613113E0,-1.721431017E0,-6.967126727E-1,3.158287741E0
1.942080671E1,-2.554613113E0,-1.721431017E0,-6.967126727E-1,3.158287741E0
1.942280674E1,-2.554613113E0,-1.721431017E0,-6.967126727E-1,3.158287741E0
1.942480678E1,-2.554613113E0,-1.721431017E0,-6.967126727E-1,3.158287741E0
1.942680681E1,-2.554613113E0,-1.721431017E0,-6.967126727E-1,3.158287741E0
1.942880681E1,-2.554613113E0,-1.721431017E0,-6.967126727E-1,3.158287741E0
1.943080624E1,-2.554613113E0,-1.721431017E0,-6.967126727E-1,3.158287741E0
1.943280621E1,-2.554613113E0,-1.721431017E0,-6.967126727E-1,3.158287741E0
1.943480618E1,-5.224447250E0,-3.198653460E0,-3.438073635E0,7.024712332E0
1.943680614E1,-5.224447250E0,-3.198653460E0,-3.438073635E0,7.024712332E0
1.943880611E1,-5.224447250E0,-3.198653460E0,-3.438073635E0,7.024712332E0
1.944080607E1,-5.224447250E0,-3.198653460E0,-3.438073635E0,7.024712332E0
1.944280607E1,-5.224447250E0,-3.198653460E0,-3.438073635E0,7.024712332E0
1.944480607E1,-5.224447250E0,-3.198653460E0,-3.438073635E0,7.024712332E0
1.944680611E1,-5.224447250E0,-3.198653460E0,-3.438073635E0,7.024712332E0
1.944880614E1,-5.224447250E0,-3.198653460E0,-3.438073635E0,7.024712332E0
1.945080617E1,-5.224447250E0,-3.198653460E0,-3.438073635E0,7.024712332E0
1.945280620E1,-5.224447250E0,-3.198653460E0,-3.438073635E0,7.024712332E0
1.945480624E1,-6.658574104E0,-4.082113743E0,-4.793191910E0,9.163784720E0
1.945680627E1,-6.658574104E0,-4.082113743E0,-4.793191910E0,9.163784720E0
1.945880630E1,-6.658574104E0,-4.082113743E0,-4.793191910E0,9.163784720E0
1.946080630E1,-6.658574104E0,-4.082113743E0,-4.793191910E0,9.163784720E0
1.946280630E1,-6.658574104E0,-4.082113743E0,-4.793191910E0,9.163784720E0
1.946480630E1,-6.658574104E0,-4.082113743E0,-4.793191910E0,9.163784720E0
1.946680630E1,-6.658574104E0,-4.082113743E0,-4.793191910E0,9.163784720E0
1.946880630E1,-6.658574104E0,-4.082113743E0,-4.793191910E0,9.163784720E0
1.947080544E1,-6.658574104E0,-4.082113743E0,-4.793191910E0,9.163784720E0
1.947280574E1,-6.658574104E0,-4.082113743E0,-4.793191910E0,9.163784720E0
1.947480570E1,-6.423942566E0,-4.335899353E0,-5.475838661E0,9.489566393E0
1.947680567E1,-6.423942566E0,-4.335899353E0,-5.475838661E0,9.489566393E0
1.947880564E1,-6.423942566E0,-4.335899353E0,-5.475838661E0,9.489566393E0
1.948080560E1,-6.423942566E0,-4.335899353E0,-5.475838661E0,9.489566393E0
1.948280557E1,-6.423942566E0,-4.335899353E0,-5.475838661E0,9.489566393E0
1.948480553E1,-6.423942566E0,-4.335899353E0,-5.475838661E0,9.489566393E0
1.948680550E1,-6.423942566E0,-4.335899353E0,-5.475838661E0,9.489566393E0
1.948880547E1,-6.423942566E0,-4.335899353E0,-5.475838661E0,9.489566393E0
1.949080600E1,-6.423942566E0,-4.335899353E0,-5.475838661E0,9.489566393E0
1.949280603E1,-6.423942566E0,-4.335899353E0,-5.475838661E0,9.489566393E0
1.949480606E1,-5.542876244E0,-3.804386616E0,-6.057629585E0,9.049403890E0
1.949680610E1,-5.542876244E0,-3.804386616E0,-6.057629585E0,9.049403890E0
1.949880613E1,-5.542876244E0,-3.804386616E0,-6.057629585E0,9.049403890E0
1.950080616E1,-5.542876244E0,-3.804386616E0,-6.057629585E0,9.049403890E0
1.950280620E1,-5.542876244E0,-3.804386616E0,-6.057629585E0,9.049403890E0
1.950480623E1,-5.542876244E0,-3.804386616E0,-6.057629585E0,9.049403890E0
1.950680623E1,-5.542876244E0,-3.804386616E0,-6.057629585E0,9.049403890E0
1.950880620E1,-5.542876244E0,-3.804386616E0,-6.057629585E0,9.049403890E0
1.951080530E1,-5.542876244E0,-3.804386616E0,-6.057629585E0,9.049403890E0
1.951280560E1,-4.129997730E0,-2.571372509E0,-6.007351398E0,7.730272224E0
1.951480556E1,-4.129997730E0,-2.571372509E0,-6.007351398E0,7.730272224E0
1.951680553E1,-4.129997730E0,-2.571372509E0,-6.007351398E0,7.730272224E0
1.951880549E1,-4.129997730E0,-2.571372509E0,-6.007351398E0,7.730272224E0
1.952080549E1,-4.129997730E0,-2.571372509E0,-6.007351398E0,7.730272224E0
1.952280549E1,-4.129997730E0,-2.571372509E0,-6.007351398E0,7.730272224E0
1.952480553E1,-4.129997730E0,-2.571372509E0,-6.007351398E0,7.730272224E0
1.952680556E1,-4.129997730E0,-2.571372509E0,-6.007351398E0,7.730272224E0
1.952880559E1,-4.129997730E0,-2.571372509E0,-6.007351398E0,7.730272224E0
1.953080649E1,-4.129997730E0,-2.571372509E0,-6.007351398E0,7.730272224E0
1.953280622E1,-5.554547906E-1,-4.405331016E-1,-3.102885485E0,3.182844289E0
1.953480626E1,-5.554547906E-1,-4.405331016E-1,-3.102885485E0,3.182844289E0
1.953680629E1,-5.554547906E-1,-4.405331016E-1,-3.102885485E0,3.182844289E0
1.953880629E1,-5.554547906E-1,-4.405331016E-1,-3.102885485E0,3.182844289E0
1.954080629E1,-5.554547906E-1,-4.405331016E-1,-3.102885485E0,3.182844289E0
1.954280629E1,-5.554547906E-1,-4.405331016E-1,-3.102885485E0,3.182844289E0
1.954480629E1,-5.554547906E-1,-4.405331016E-1,-3.102885485E0,3.182844289E0
1.954680629E1,-5.554547906E-1,-4.405331016E-1,-3.102885485E0,3.182844289E0
1.954880629E1,3.021482468E0,3.277662039E0,2.650381327E0,5.186226559E0
1.955080542E1,3.021482468E0,3.277662039E0,2.650381327E0,5.186226559E0
1.955280449E1,3.021482468E0,3.277662039E0,2.650381327E0,5.186226559E0
1.955480456E1,3.021482468E0,3.277662039E0,2.650381327E0,5.186226559E0
1.955680452E1,3.021482468E0,3.277662039E0,2.650381327E0,5.186226559E0
1.955880449E1,3.021482468E0,3.277662039E0,2.650381327E0,5.186226559E0
1.956080445E1,3.021482468E0,3.277662039E0,2.650381327E0,5.186226559E0
1.956280442E1,3.021482468E0,3.277662039E0,2.650381327E0,5.186226559E0
1.956480439E1,3.021482468E0,3.277662039E0,2.650381327E0,5.186226559E0
1.956680435E1,3.021482468E0,3.277662039E0,2.650381327E0,5.186226559E0
1.956880435E1,3.021482468E0,3.277662039E0,2.650381327E0,5.186226559E0
1.957080525E1,3.021482468E0,3.277662039E0,2.650381327E0,5.186226559E0
1.957280495E1,7.508515835E0,9.299378395E0,7.400776863E0,1.405801361E1
1.957480498E1,7.508515835E0,9.299378395E0,7.400776863E0,1.405801361E1
1.957680502E1,7.508515835E0,9.299378395E0,7.400776863E0,1.405801361E1
1.957880505E1,7.508515835E0,9.299378395E0,7.400776863E0,1.405801361E1
1.958080508E1,7.508515835E0,9.299378395E0,7.400776863E0,1.405801361E1
1.958280512E1,7.508515835E0,9.299378395E0,7.400776863E0,1.405801361E1
1.958480512E1,7.508515835E0,9.299378395E0,7.400776863E0,1.405801361E1
1.958680508E1,7.508515835E0,9.299378395E0,7.400776863E0,1.405801361E1
1.958880512E1,7.508515835E0,9.299378395E0,7.400776863E0,1.405801361E1
1.959080515E1,7.508515835E0,9.299378395E0,7.400776863E0,1.405801361E1
1.959280512E1,1.851256561E1,1.703294945E1,1.256507015E1,2.811969844E1
1.959480508E1,1.851256561E1,1.703294945E1,1.256507015E1,2.811969844E1
1.959680505E1,1.851256561E1,1.703294945E1,1.256507015E1,2.811969844E1
1.959880505E1,1.851256561E1,1.703294945E1,1.256507015E1,2.811969844E1
1.960080505E1,1.851256561E1,1.703294945E1,1.256507015E1,2.811969844E1
1.960280508E1,1.851256561E1,1.703294945E1,1.256507015E1,2.811969844E1
1.960480535E1,1.851256561E1,1.703294945E1,1.256507015E1,2.811969844E1
1.960680538E1,1.851256561E1,1.703294945E1,1.256507015E1,2.811969844E1
1.960880541E1,1.851256561E1,1.703294945E1,1.256507015E1,2.811969844E1
1.961080565E1,1.851256561E1,1.703294945E1,1.256507015E1,2.811969844E1
1.961280658E1,2.855175400E1,2.417245865E1,2.326505661E1,4.405420834E1
1.961480651E1,2.855175400E1,2.417245865E1,2.326505661E1,4.405420834E1
1.961680654E1,2.855175400E1,2.417245865E1,2.326505661E1,4.405420834E1
1.961880654E1,2.855175400E1,2.417245865E1,2.326505661E1,4.405420834E1
1.962080654E1,2.855175400E1,2.417245865E1,2.326505661E1,4.405420834E1
1.962280654E1,2.855175400E1,2.417245865E1,2.326505661E1,4.405420834E1
1.962480654E1,2.855175400E1,2.417245865E1,2.326505661E1,4.405420834E1
1.962680654E1,2.855175400E1,2.417245865E1,2.326505661E1,4.405420834E1
1.962880654E1,2.855175400E1,2.417245865E1,2.326505661E1,4.405420834E1
1.963080598E1,2.855175400E1,2.417245865E1,2.326505661E1,4.405420834E1
1.963280594E1,2.987814140E1,2.528127289E1,2.585109329E1,4.690549133E1
1.963480591E1,2.987814140E1,2.528127289E1,2.585109329E1,4.690549133E1
1.963680588E1,2.987814140E1,2.528127289E1,2.585109329E1,4.690549133E1
1.963880584E1,2.987814140E1,2.528127289E1,2.585109329E1,4.690549133E1
1.964080581E1,2.987814140E1,2.528127289E1,2.585109329E1,4.690549133E1
1.964280577E1,2.987814140E1,2.528127289E1,2.585109329E1,4.690549133E1
1.964480574E1,2.987814140E1,2.528127289E1,2.585109329E1,4.690549133E1
1.964680574E1,2.987814140E1,2.528127289E1,2.585109329E1,4.690549133E1
1.964880570E1,2.987814140E1,2.528127289E1,2.585109329E1,4.690549133E1
1.965080567E1,2.987814140E1,2.528127289E1,2.585109329E1,4.690549133E1
1.965280570E1,2.219484901E1,1.960192871E1,1.588612652E1,3.360380853E1
1.965480574E1,2.219484901E1,1.960192871E1,1.588612652E1,3.360380853E1
1.965680577E1,2.219484901E1,1.960192871E1,1.588612652E1,3.360380853E1
1.965880580E1,2.219484901E1,1.960192871E1,1.588612652E1,3.360380853E1
1.966080584E1,2.219484901E1,1.960192871E1,1.588612652E1,3.360380853E1
1.966280584E1,2.219484901E1,1.960192871E1,1.588612652E1,3.360380853E1
1.966480557E1,2.219484901E1,1.960192871E1,1.588612652E1,3.360380853E1
1.966680554E1,2.219484901E1,1.960192871E1,1.588612652E1,3.360380853E1
1.966880550E1,1.385554409E1,1.318756199E1,7.630620003E0,2.059403445E1
1.967080527E1,1.385554409E1,1.318756199E1,7.630620003E0,2.059403445E1
1.967280523E1,1.385554409E1,1.318756199E1,7.630620003E0,2.059403445E1
1.967480520E1,1.385554409E1,1.318756199E1,7.630620003E0,2.059403445E1
1.967680516E1,1.385554409E1,1.318756199E1,7.630620003E0,2.059403445E1
1.967880516E1,1.385554409E1,1.318756199E1,7.630620003E0,2.059403445E1
1.968080520E1,1.385554409E1,1.318756199E1,7.630620003E0,2.059403445E1
1.968280523E1,1.385554409E1,1.318756199E1,7.630620003E0,2.059403445E1
1.968480526E1,1.385554409E1,1.318756199E1,7.630620003E0,2.059403445E1
1.968680530E1,1.385554409E1,1.318756199E1,7.630620003E0,2.059403445E1
1.968880533E1,1.385554409E1,1.318756199E1,7.630620003E0,2.059403445E1
1.969080590E1,1.385554409E1,1.318756199E1,7.630620003E0,2.059403445E1
1.969280593E1,9.009679794E0,8.322544098E0,4.129997730E0,1.294202270E1
1.969480596E1,9.009679794E0,8.322544098E0,4.129997730E0,1.294202270E1
1.969680596E1,9.009679794E0,8.322544098E0,4.129997730E0,1.294202270E1
1.969880596E1,9.009679794E0,8.322544098E0,4.129997730E0,1.294202270E1
1.970080596E1,9.009679794E0,8.322544098E0,4.129997730E0,1.294202270E1
1.970280596E1,9.009679794E0,8.322544098E0,4.129997730E0,1.294202270E1
1.970480596E1,9.009679794E0,8.322544098E0,4.129997730E0,1.294202270E1
1.970680596E1,9.009679794E0,8.322544098E0,4.129997730E0,1.294202270E1
1.970880593E1,5.133467674E0,4.019864559E0,2.197877169E0,6.880586129E0
1.971080503E1,5.133467674E0,4.019864559E0,2.197877169E0,6.880586129E0
1.971280499E1,5.133467674E0,4.019864559E0,2.197877169E0,6.880586129E0
1.971480496E1,5.133467674E0,4.019864559E0,2.197877169E0,6.880586129E0
1.971680493E1,5.133467674E0,4.019864559E0,2.197877169E0,6.880586129E0
1.971880489E1,5.133467674E0,4.019864559E0,2.197877169E0,6.880586129E0
1.972080486E1,5.133467674E0,4.019864559E0,2.197877169E0,6.880586129E0
1.972280482E1,5.133467674E0,4.019864559E0,2.197877169E0,6.880586129E0
1.972480482E1,5.133467674E0,4.019864559E0,2.197877169E0,6.880586129E0
1.972680529E1,5.133467674E0,4.019864559E0,2.197877169E0,6.880586129E0
1.972880532E1,5.133467674E0,4.019864559E0,2.197877169E0,6.880586129E0
1.973080622E1,5.133467674E0,4.019864559E0,2.197877169E0,6.880586129E0
1.973280626E1,7.398083210E-1,5.985504389E-2,5.195417404E-1,9.059926038E-1
1.973480629E1,7.398083210E-1,5.985504389E-2,5.195417404E-1,9.059926038E-1
1.973680632E1,7.398083210E-1,5.985504389E-2,5.195417404E-1,9.059926038E-1
1.973880636E1,7.398083210E-1,5.985504389E-2,5.195417404E-1,9.059926038E-1
1.974080636E1,7.398083210E-1,5.985504389E-2,5.195417404E-1,9.059926038E-1
1.974280632E1,7.398083210E-1,5.985504389E-2,5.195417404E-1,9.059926038E-1
1.974480629E1,7.398083210E-1,5.985504389E-2,5.195417404E-1,9.059926038E-1
1.974680625E1,7.398083210E-1,5.985504389E-2,5.195417404E-1,9.059926038E-1
1.974880622E1,-3.009511471E0,-2.576161146E0,-1.268926859E0,4.159800586E0
1.975080532E1,-3.009511471E0,-2.576161146E0,-1.268926859E0,4.159800586E0
1.975280438E1,-3.009511471E0,-2.576161146E0,-1.268926859E0,4.159800586E0
1.975480435E1,-3.009511471E0,-2.576161146E0,-1.268926859E0,4.159800586E0
1.975680435E1,-3.009511471E0,-2.576161146E0,-1.268926859E0,4.159800586E0
1.975880438E1,-3.009511471E0,-2.576161146E0,-1.268926859E0,4.159800586E0
1.976080442E1,-3.009511471E0,-2.576161146E0,-1.268926859E0,4.159800586E0
1.976280445E1,-3.009511471E0,-2.576161146E0,-1.268926859E0,4.159800586E0
1.976480448E1,-3.009511471E0,-2.576161146E0,-1.268926859E0,4.159800586E0
1.976680452E1,-3.009511471E0,-2.576161146E0,-1.268926859E0,4.159800586E0
1.976880455E1,-3.009511471E0,-2.576161146E0,-1.268926859E0,4.159800586E0
1.977080545E1,-3.009511471E0,-2.576161146E0,-1.268926859E0,4.159800586E0
1.977280548E1,-5.011363506E0,-3.768473387E0,-3.533841610E0,7.197443462E0
1.977480548E1,-5.011363506E0,-3.768473387E0,-3.533841610E0,7.197443462E0
1.977680548E1,-5.011363506E0,-3.768473387E0,-3.533841610E0,7.197443462E0
1.977880548E1,-5.011363506E0,-3.768473387E0,-3.533841610E0,7.197443462E0
1.978080548E1,-5.011363506E0,-3.768473387E0,-3.533841610E0,7.197443462E0
1.978280548E1,-5.011363506E0,-3.768473387E0,-3.533841610E0,7.197443462E0
1.978480548E1,-5.011363506E0,-3.768473387E0,-3.533841610E0,7.197443462E0
1.978680502E1,-5.011363506E0,-3.768473387E0,-3.533841610E0,7.197443462E0
1.978880468E1,-5.011363506E0,-3.768473387E0,-3.533841610E0,7.197443462E0
1.979080485E1,-5.715258598E0,-4.041412354E0,-4.824316502E0,8.501248400E0
1.979280481E1,-5.715258598E0,-4.041412354E0,-4.824316502E0,8.501248400E0
1.979480438E1,-5.715258598E0,-4.041412354E0,-4.824316502E0,8.501248400E0
1.979680434E1,-5.715258598E0,-4.041412354E0,-4.824316502E0,8.501248400E0
1.979880431E1,-5.715258598E0,-4.041412354E0,-4.824316502E0,8.501248400E0
1.980080428E1,-5.715258598E0,-4.041412354E0,-4.824316502E0,8.501248400E0
1.980280428E1,-5.715258598E0,-4.041412354E0,-4.824316502E0,8.501248400E0
1.980480431E1,-5.715258598E0,-4.041412354E0,-4.824316502E0,8.501248400E0
1.980680434E1,-5.715258598E0,-4.041412354E0,-4.824316502E0,8.501248400E0
1.980880438E1,-5.715258598E0,-4.041412354E0,-4.824316502E0,8.501248400E0
1.981080528E1,-5.839757442E0,-3.885789394E0,-4.970662117E0,8.597069738E0
1.981280621E1,-5.839757442E0,-3.885789394E0,-4.970662117E0,8.597069738E0
1.981480624E1,-5.839757442E0,-3.885789394E0,-4.970662117E0,8.597069738E0
1.981680628E1,-5.839757442E0,-3.885789394E0,-4.970662117E0,8.597069738E0
1.981880628E1,-5.839757442E0,-3.885789394E0,-4.970662117E0,8.597069738E0
1.982080624E1,-5.839757442E0,-3.885789394E0,-4.970662117E0,8.597069738E0
1.982280621E1,-5.839757442E0,-3.885789394E0,-4.970662117E0,8.597069738E0
1.982480617E1,-5.839757442E0,-3.885789394E0,-4.970662117E0,8.597069738E0
1.982680614E1,-5.839757442E0,-3.885789394E0,-4.970662117E0,8.597069738E0
1.982880610E1,-5.090372086E0,-3.356670856E0,-3.610456228E0,7.086220529E0
1.983080517E1,-5.090372086E0,-3.356670856E0,-3.610456228E0,7.086220529E0
1.983280484E1,-5.090372086E0,-3.356670856E0,-3.610456228E0,7.086220529E0
1.983480484E1,-5.090372086E0,-3.356670856E0,-3.610456228E0,7.086220529E0
1.983680487E1,-5.090372086E0,-3.356670856E0,-3.610456228E0,7.086220529E0
1.983880490E1,-5.090372086E0,-3.356670856E0,-3.610456228E0,7.086220529E0
1.984080494E1,-5.090372086E0,-3.356670856E0,-3.610456228E0,7.086220529E0
1.984280497E1,-5.090372086E0,-3.356670856E0,-3.610456228E0,7.086220529E0
1.984480500E1,-5.090372086E0,-3.356670856E0,-3.610456228E0,7.086220529E0
1.984680504E1,-5.090372086E0,-3.356670856E0,-3.610456228E0,7.086220529E0
1.984880537E1,-5.090372086E0,-3.356670856E0,-3.610456228E0,7.086220529E0
1.985080520E1,-4.927566528E0,-2.578555346E0,-1.972822189E0,5.901007283E0
1.985280520E1,-4.927566528E0,-2.578555346E0,-1.972822189E0,5.901007283E0
1.985480560E1,-4.927566528E0,-2.578555346E0,-1.972822189E0,5.901007283E0
1.985680560E1,-4.927566528E0,-2.578555346E0,-1.972822189E0,5.901007283E0
1.985880560E1,-4.927566528E0,-2.578555346E0,-1.972822189E0,5.901007283E0
1.986080560E1,-4.927566528E0,-2.578555346E0,-1.972822189E0,5.901007283E0
1.986280560E1,-4.927566528E0,-2.578555346E0,-1.972822189E0,5.901007283E0
1.986480557E1,-4.927566528E0,-2.578555346E0,-1.972822189E0,5.901007283E0
1.986680553E1,-4.927566528E0,-2.578555346E0,-1.972822189E0,5.901007283E0
1.986880550E1,-3.495534420E0,-1.369483352E0,-7.661445141E-1,3.831608402E0
1.987080460E1,-3.495534420E0,-1.369483352E0,-7.661445141E-1,3.831608402E0
1.987280457E1,-3.495534420E0,-1.369483352E0,-7.661445141E-1,3.831608402E0
1.987480453E1,-3.495534420E0,-1.369483352E0,-7.661445141E-1,3.831608402E0
1.987680450E1,-3.495534420E0,-1.369483352E0,-7.661445141E-1,3.831608402E0
1.987880446E1,-3.495534420E0,-1.369483352E0,-7.661445141E-1,3.831608402E0
1.988080446E1,-3.495534420E0,-1.369483352E0,-7.661445141E-1,3.831608402E0
1.988280450E1,-3.495534420E0,-1.369483352E0,-7.661445141E-1,3.831608402E0
1.988480453E1,-3.495534420E0,-1.369483352E0,-7.661445141E-1,3.831608402E0
1.988680456E1,-3.495534420E0,-1.369483352E0,-7.661445141E-1,3.831608402E0
1.988880460E1,-3.495534420E0,-1.369483352E0,-7.661445141E-1,3.831608402E0
1.989080553E1,-8.379706144E-1,1.070208192E0,-3.782838583E-1,1.410900068E0
1.989280586E1,-8.379706144E-1,1.070208192E0,-3.782838583E-1,1.410900068E0
1.989480589E1,-8.379706144E-1,1.070208192E0,-3.782838583E-1,1.410900068E0
1.989680589E1,-8.379706144E-1,1.070208192E0,-3.782838583E-1,1.410900068E0
1.989880586E1,-8.379706144E-1,1.070208192E0,-3.782838583E-1,1.410900068E0
1.990080583E1,-8.379706144E-1,1.070208192E0,-3.782838583E-1,1.410900068E0
1.990280579E1,-8.379706144E-1,1.070208192E0,-3.782838583E-1,1.410900068E0
1.990480576E1,-8.379706144E-1,1.070208192E0,-3.782838583E-1,1.410900068E0
1.990680572E1,-8.379706144E-1,1.070208192E0,-3.782838583E-1,1.410900068E0
1.990880569E1,4.230554581E0,4.793191910E0,1.077390790E0,6.483290188E0
1.991080479E1,4.230554581E0,4.793191910E0,1.077390790E0,6.483290188E0
1.991280579E1,4.230554581E0,4.793191910E0,1.077390790E0,6.483290188E0
1.991480582E1,4.230554581E0,4.793191910E0,1.077390790E0,6.483290188E0
1.991680586E1,4.230554581E0,4.793191910E0,1.077390790E0,6.483290188E0
1.991880589E1,4.230554581E0,4.793191910E0,1.077390790E0,6.483290188E0
1.992080592E1,4.230554581E0,4.793191910E0,1.077390790E0,6.483290188E0
1.992280596E1,4.230554581E0,4.793191910E0,1.077390790E0,6.483290188E0
1.992480599E1,4.230554581E0,4.793191910E0,1.077390790E0,6.483290188E0
1.992680602E1,4.230554581E0,4.793191910E0,1.077390790E0,6.483290188E0
1.992880605E1,4.230554581E0,4.793191910E0,1.077390790E0,6.483290188E0
1.993080692E1,1.073350525E1,1.089152241E1,4.225766182E0,1.586475638E1
1.993280692E1,1.073350525E1,1.089152241E1,4.225766182E0,1.586475638E1
1.993480692E1,1.073350525E1,1.089152241E1,4.225766182E0,1.586475638E1
1.993680692E1,1.073350525E1,1.089152241E1,4.225766182E0,1.586475638E1
1.993880692E1,1.073350525E1,1.089152241E1,4.225766182E0,1.586475638E1
1.994080692E1,1.073350525E1,1.089152241E1,4.225766182E0,1.586475638E1
1.994280689E1,1.073350525E1,1.089152241E1,4.225766182E0,1.586475638E1
1.994480685E1,1.073350525E1,1.089152241E1,4.225766182E0,1.586475638E1
1.994680682E1,1.073350525E1,1.089152241E1,4.225766182E0,1.586475638E1
1.994880678E1,1.910872269E1,1.903929138E1,7.230788231E0,2.792708716E1
1.995080588E1,1.910872269E1,1.903929138E1,7.230788231E0,2.792708716E1
1.995280495E1,1.910872269E1,1.903929138E1,7.230788231E0,2.792708716E1
1.995480508E1,1.910872269E1,1.903929138E1,7.230788231E0,2.792708716E1
1.995680505E1,1.910872269E1,1.903929138E1,7.230788231E0,2.792708716E1
1.995880505E1,1.910872269E1,1.903929138E1,7.230788231E0,2.792708716E1
1.996080508E1,1.910872269E1,1.903929138E1,7.230788231E0,2.792708716E1
1.996280512E1,1.910872269E1,1.903929138E1,7.230788231E0,2.792708716E1
1.996480515E1,1.910872269E1,1.903929138E1,7.230788231E0,2.792708716E1
1.996680518E1,1.910872269E1,1.903929138E1,7.230788231E0,2.792708716E1
1.996880521E1,1.910872269E1,1.903929138E1,7.230788231E0,2.792708716E1
1.997080611E1,2.601868820E1,2.567631721E1,1.301039124E1,3.880097527E1
1.997280515E1,2.601868820E1,2.567631721E1,1.301039124E1,3.880097527E1
1.997480515E1,2.601868820E1,2.567631721E1,1.301039124E1,3.880097527E1
1.997680511E1,2.601868820E1,2.567631721E1,1.301039124E1,3.880097527E1
1.997880508E1,2.601868820E1,2.567631721E1,1.301039124E1,3.880097527E1
1.998080504E1,2.601868820E1,2.567631721E1,1.301039124E1,3.880097527E1
1.998280501E1,2.601868820E1,2.567631721E1,1.301039124E1,3.880097527E1
1.998480498E1,2.601868820E1,2.567631721E1,1.301039124E1,3.880097527E1
1.998680494E1,2.601868820E1,2.567631721E1,1.301039124E1,3.880097527E1
1.998880491E1,2.973209381E1,2.741450691E1,1.879508209E1,4.459605030E1
1.999080508E1,2.973209381E1,2.741450691E1,1.879508209E1,4.459605030E1
1.999280508E1,2.973209381E1,2.741450691E1,1.879508209E1,4.459605030E1
1.999480508E1,2.973209381E1,2.741450691E1,1.879508209E1,4.459605030E1
1.999680508E1,2.973209381E1,2.741450691E1,1.879508209E1,4.459605030E1
1.999880508E1,2.973209381E1,2.741450691E1,1.879508209E1,4.459605030E1
2.000080508E1,2.973209381E1,2.741450691E1,1.879508209E1,4.459605030E1
2.000280508E1,2.973209381E1,2.741450691E1,1.879508209E1,4.459605030E1
2.000480508E1,2.973209381E1,2.741450691E1,1.879508209E1,4.459605030E1
2.000680508E1,2.973209381E1,2.741450691E1,1.879508209E1,4.459605030E1
2.000880511E1,2.973209381E1,2.741450691E1,1.879508209E1,4.459605030E1
2.001080601E1,2.082057571E1,2.158193207E1,1.817498398E1,3.506574122E1
2.001280694E1,2.082057571E1,2.158193207E1,1.817498398E1,3.506574122E1
2.001480681E1,2.082057571E1,2.158193207E1,1.817498398E1,3.506574122E1
2.001680684E1,2.082057571E1,2.158193207E1,1.817498398E1,3.506574122E1
2.001880687E1,2.082057571E1,2.158193207E1,1.817498398E1,3.506574122E1
2.002080687E1,2.082057571E1,2.158193207E1,1.817498398E1,3.506574122E1
2.002280687E1,2.082057571E1,2.158193207E1,1.817498398E1,3.506574122E1
2.002480684E1,2.082057571E1,2.158193207E1,1.817498398E1,3.506574122E1
2.002680680E1,2.082057571E1,2.158193207E1,1.817498398E1,3.506574122E1
2.002880677E1,1.119798088E1,1.475845814E1,1.287392139E1,2.255980307E1
2.003080584E1,1.119798088E1,1.475845814E1,1.287392139E1,2.255980307E1
2.003280580E1,1.119798088E1,1.475845814E1,1.287392139E1,2.255980307E1
2.003480577E1,1.119798088E1,1.475845814E1,1.287392139E1,2.255980307E1
2.003680577E1,1.119798088E1,1.475845814E1,1.287392139E1,2.255980307E1
2.003880580E1,1.119798088E1,1.475845814E1,1.287392139E1,2.255980307E1
2.004080584E1,1.119798088E1,1.475845814E1,1.287392139E1,2.255980307E1
2.004280587E1,1.119798088E1,1.475845814E1,1.287392139E1,2.255980307E1
2.004480603E1,1.119798088E1,1.475845814E1,1.287392139E1,2.255980307E1
2.004680607E1,1.119798088E1,1.475845814E1,1.287392139E1,2.255980307E1
2.004880610E1,8.451830864E0,1.055633450E1,8.255506516E0,1.584370635E1
2.005080597E1,8.451830864E0,1.055633450E1,8.255506516E0,1.584370635E1
2.005280600E1,8.451830864E0,1.055633450E1,8.255506516E0,1.584370635E1
2.005480600E1,8.451830864E0,1.055633450E1,8.255506516E0,1.584370635E1
2.005680600E1,8.451830864E0,1.055633450E1,8.255506516E0,1.584370635E1
2.005880600E1,8.451830864E0,1.055633450E1,8.255506516E0,1.584370635E1
2.006080600E1,8.451830864E0,1.055633450E1,8.255506516E0,1.584370635E1
2.006280690E1,8.451830864E0,1.055633450E1,8.255506516E0,1.584370635E1
2.006480690E1,8.451830864E0,1.055633450E1,8.255506516E0,1.584370635E1
2.006680690E1,8.451830864E0,1.055633450E1,8.255506516E0,1.584370635E1
2.006880687E1,6.352116585E0,6.481403351E0,5.121496677E0,1.042054234E1
2.007080596E1,6.352116585E0,6.481403351E0,5.121496677E0,1.042054234E1
2.007280633E1,6.352116585E0,6.481403351E0,5.121496677E0,1.042054234E1
2.007480630E1,6.352116585E0,6.481403351E0,5.121496677E0,1.042054234E1
2.007680626E1,6.352116585E0,6.481403351E0,5.121496677E0,1.042054234E1
2.007880623E1,6.352116585E0,6.481403351E0,5.121496677E0,1.042054234E1
2.008080620E1,6.352116585E0,6.481403351E0,5.121496677E0,1.042054234E1
2.008280616E1,6.352116585E0,6.481403351E0,5.121496677E0,1.042054234E1
2.008480616E1,6.352116585E0,6.481403351E0,5.121496677E0,1.042054234E1
2.008680619E1,6.352116585E0,6.481403351E0,5.121496677E0,1.042054234E1
2.008880623E1,2.820369720E0,2.647987127E0,2.229001760E0,4.464837067E0
2.009080716E1,2.820369720E0,2.647987127E0,2.229001760E0,4.464837067E0
2.009280719E1,2.820369720E0,2.647987127E0,2.229001760E0,4.464837067E0
2.009480723E1,2.820369720E0,2.647987127E0,2.229001760E0,4.464837067E0
2.009680726E1,2.820369720E0,2.647987127E0,2.229001760E0,4.464837067E0
2.009880726E1,2.820369720E0,2.647987127E0,2.229001760E0,4.464837067E0
2.010080726E1,2.820369720E0,2.647987127E0,2.229001760E0,4.464837067E0
2.010280723E1,2.820369720E0,2.647987127E0,2.229001760E0,4.464837067E0
2.010480706E1,2.820369720E0,2.647987127E0,2.229001760E0,4.464837067E0
2.010680702E1,2.820369720E0,2.647987127E0,2.229001760E0,4.464837067E0
2.010880699E1,-6.440402865E-1,-2.849099934E-1,-5.602431893E-1,8.999077876E-1
2.011080609E1,-6.440402865E-1,-2.849099934E-1,-5.602431893E-1,8.999077876E-1
2.011280599E1,-6.440402865E-1,-2.849099934E-1,-5.602431893E-1,8.999077876E-1
2.011480599E1,-6.440402865E-1,-2.849099934E-1,-5.602431893E-1,8.999077876E-1
2.011680599E1,-6.440402865E-1,-2.849099934E-1,-5.602431893E-1,8.999077876E-1
2.011880602E1,-6.440402865E-1,-2.849099934E-1,-5.602431893E-1,8.999077876E-1
2.012080606E1,-6.440402865E-1,-2.849099934E-1,-5.602431893E-1,8.999077876E-1
2.012280519E1,-6.440402865E-1,-2.849099934E-1,-5.602431893E-1,8.999077876E-1
2.012480522E1,-6.440402865E-1,-2.849099934E-1,-5.602431893E-1,8.999077876E-1
2.012680526E1,-6.440402865E-1,-2.849099934E-1,-5.602431893E-1,8.999077876E-1
2.012880529E1,-3.354276657E0,-2.018311977E0,-2.269703150E0,4.525075416E0
2.013080619E1,-3.354276657E0,-2.018311977E0,-2.269703150E0,4.525075416E0
2.013280579E1,-3.354276657E0,-2.018311977E0,-2.269703150E0,4.525075416E0
2.013480579E1,-3.354276657E0,-2.018311977E0,-2.269703150E0,4.525075416E0
2.013680579E1,-3.354276657E0,-2.018311977E0,-2.269703150E0,4.525075416E0
2.013880579E1,-3.354276657E0,-2.018311977E0,-2.269703150E0,4.525075416E0
2.014080579E1,-3.354276657E0,-2.018311977E0,-2.269703150E0,4.525075416E0
2.014280579E1,-3.354276657E0,-2.018311977E0,-2.269703150E0,4.525075416E0
2.014480579E1,-3.354276657E0,-2.018311977E0,-2.269703150E0,4.525075416E0
2.014680575E1,-3.354276657E0,-2.018311977E0,-2.269703150E0,4.525075416E0
2.014880572E1,-4.381389141E0,-2.576161146E0,-3.493140221E0,6.167268898E0
2.015080482E1,-4.381389141E0,-2.576161146E0,-3.493140221E0,6.167268898E0
2.015280389E1,-4.381389141E0,-2.576161146E0,-3.493140221E0,6.167268898E0
2.015480385E1,-4.381389141E0,-2.576161146E0,-3.493140221E0,6.167268898E0
2.015680382E1,-4.381389141E0,-2.576161146E0,-3.493140221E0,6.167268898E0
2.015880378E1,-4.381389141E0,-2.576161146E0,-3.493140221E0,6.167268898E0
2.016080375E1,-4.381389141E0,-2.576161146E0,-3.493140221E0,6.167268898E0
2.016280375E1,-4.381389141E0,-2.576161146E0,-3.493140221E0,6.167268898E0
2.016480378E1,-4.381389141E0,-2.576161146E0,-3.493140221E0,6.167268898E0
2.016680382E1,-4.381389141E0,-2.576161146E0,-3.493140221E0,6.167268898E0
2.016880385E1,-4.436455727E0,-2.485181332E0,-4.766855717E0,6.970020021E0
2.017080475E1,-4.436455727E0,-2.485181332E0,-4.766855717E0,6.970020021E0
2.017280485E1,-4.436455727E0,-2.485181332E0,-4.766855717E0,6.970020021E0
2.017480488E1,-4.436455727E0,-2.485181332E0,-4.766855717E0,6.970020021E0
2.017680492E1,-4.436455727E0,-2.485181332E0,-4.766855717E0,6.970020021E0
2.017880492E1,-4.436455727E0,-2.485181332E0,-4.766855717E0,6.970020021E0
2.018080488E1,-4.436455727E0,-2.485181332E0,-4.766855717E0,6.970020021E0
2.018280485E1,-4.436455727E0,-2.485181332E0,-4.766855717E0,6.970020021E0
2.018480481E1,-4.436455727E0,-2.485181332E0,-4.766855717E0,6.970020021E0
2.018680478E1,-4.436455727E0,-2.485181332E0,-4.766855717E0,6.970020021E0
2.018880475E1,-4.498704910E0,-2.288856745E0,-4.903624535E0,7.037239846E0
2.019080508E1,-4.498704910E0,-2.288856745E0,-4.903624535E0,7.037239846E0
2.019280508E1,-4.498704910E0,-2.288856745E0,-4.903624535E0,7.037239846E0
2.019480508E1,-4.498704910E0,-2.288856745E0,-4.903624535E0,7.037239846E0
2.019680511E1,-4.498704910E0,-2.288856745E0,-4.903624535E0,7.037239846E0
2.019880514E1,-4.498704910E0,-2.288856745E0,-4.903624535E0,7.037239846E0
2.020080518E1,-4.498704910E0,-2.288856745E0,-4.903624535E0,7.037239846E0
2.020280521E1,-4.498704910E0,-2.288856745E0,-4.903624535E0,7.037239846E0
2.020480524E1,-4.498704910E0,-2.288856745E0,-4.903624535E0,7.037239846E0
2.020680528E1,-4.498704910E0,-2.288856745E0,-4.903624535E0,7.037239846E0
2.020880531E1,-4.273650169E0,-1.936909199E0,-3.643975019E0,5.940896983E0
2.021080618E1,-4.273650169E0,-1.936909199E0,-3.643975019E0,5.940896983E0
2.021280708E1,-4.273650169E0,-1.936909199E0,-3.643975019E0,5.940896983E0
2.021480708E1,-4.273650169E0,-1.936909199E0,-3.643975019E0,5.940896983E0
2.021680708E1,-4.273650169E0,-1.936909199E0,-3.643975019E0,5.940896983E0
2.021880708E1,-4.273650169E0,-1.936909199E0,-3.643975019E0,5.940896983E0
2.022080708E1,-4.273650169E0,-1.936909199E0,-3.643975019E0,5.940896983E0
2.022280708E1,-4.273650169E0,-1.936909199E0,-3.643975019E0,5.940896983E0
2.022480704E1,-4.273650169E0,-1.936909199E0,-3.643975019E0,5.940896983E0
2.022680701E1,-4.273650169E0,-1.936909199E0,-3.643975019E0,5.940896983E0
2.022880697E1,-4.108449936E0,-1.252167463E0,-1.561019540E0,4.569908778E0
2.023080664E1,-4.108449936E0,-1.252167463E0,-1.561019540E0,4.569908778E0
2.023280660E1,-4.108449936E0,-1.252167463E0,-1.561019540E0,4.569908778E0
2.023480664E1,-4.108449936E0,-1.252167463E0,-1.561019540E0,4.569908778E0
2.023680660E1,-4.108449936E0,-1.252167463E0,-1.561019540E0,4.569908778E0
2.023880657E1,-4.108449936E0,-1.252167463E0,-1.561019540E0,4.569908778E0
2.024080657E1,-4.108449936E0,-1.252167463E0,-1.561019540E0,4.569908778E0
2.024280660E1,-4.108449936E0,-1.252167463E0,-1.561019540E0,4.569908778E0
2.024480664E1,-4.108449936E0,-1.252167463E0,-1.561019540E0,4.569908778E0
2.024680667E1,-4.108449936E0,-1.252167463E0,-1.561019540E0,4.569908778E0
2.024880670E1,-2.944868088E0,-5.506663769E-2,-6.655880809E-1,3.019650291E0
2.025080637E1,-2.944868088E0,-5.506663769E-2,-6.655880809E-1,3.019650291E0
2.025280640E1,-2.944868088E0,-5.506663769E-2,-6.655880809E-1,3.019650291E0
2.025480643E1,-2.944868088E0,-5.506663769E-2,-6.655880809E-1,3.019650291E0
2.025680643E1,-2.944868088E0,-5.506663769E-2,-6.655880809E-1,3.019650291E0
2.025880640E1,-2.944868088E0,-5.506663769E-2,-6.655880809E-1,3.019650291E0
2.026080637E1,-2.944868088E0,-5.506663769E-2,-6.655880809E-1,3.019650291E0
2.026280633E1,-2.944868088E0,-5.506663769E-2,-6.655880809E-1,3.019650291E0
2.026480630E1,-2.944868088E0,-5.506663769E-2,-6.655880809E-1,3.019650291E0
2.026680626E1,-2.944868088E0,-5.506663769E-2,-6.655880809E-1,3.019650291E0
2.026880623E1,-2.633621991E-1,1.575384736E0,-2.681505978E-1,1.619599166E0
2.027080536E1,-2.633621991E-1,1.575384736E0,-2.681505978E-1,1.619599166E0
2.027280536E1,-2.633621991E-1,1.575384736E0,-2.681505978E-1,1.619599166E0
2.027480540E1,-2.633621991E-1,1.575384736E0,-2.681505978E-1,1.619599166E0
2.027680543E1,-2.633621991E-1,1.575384736E0,-2.681505978E-1,1.619599166E0
2.027880546E1,-2.633621991E-1,1.575384736E0,-2.681505978E-1,1.619599166E0
2.028080550E1,-2.633621991E-1,1.575384736E0,-2.681505978E-1,1.619599166E0
2.028280553E1,-2.633621991E-1,1.575384736E0,-2.681505978E-1,1.619599166E0
2.028480556E1,-2.633621991E-1,1.575384736E0,-2.681505978E-1,1.619599166E0
2.028680559E1,-2.633621991E-1,1.575384736E0,-2.681505978E-1,1.619599166E0
2.028880559E1,2.420537949E0,3.739742994E0,5.746083856E-1,4.491642953E0
2.029080589E1,2.420537949E0,3.739742994E0,5.746083856E-1,4.491642953E0
2.029280589E1,2.420537949E0,3.739742994E0,5.746083856E-1,4.491642953E0
2.029480583E1,2.420537949E0,3.739742994E0,5.746083856E-1,4.491642953E0
2.029680583E1,2.420537949E0,3.739742994E0,5.746083856E-1,4.491642953E0
2.029880583E1,2.420537949E0,3.739742994E0,5.746083856E-1,4.491642953E0
2.030080583E1,2.420537949E0,3.739742994E0,5.746083856E-1,4.491642953E0
2.030280579E1,2.420537949E0,3.739742994E0,5.746083856E-1,4.491642953E0
2.030480576E1,2.420537949E0,3.739742994E0,5.746083856E-1,4.491642953E0
2.030680572E1,2.420537949E0,3.739742994E0,5.746083856E-1,4.491642953E0
2.030880569E1,5.643432617E0,6.962637901E0,2.468421936E0,9.296223163E0
2.031080479E1,5.643432617E0,6.962637901E0,2.468421936E0,9.296223163E0
2.031280532E1,5.643432617E0,6.962637901E0,2.468421936E0,9.296223163E0
2.031480529E1,5.643432617E0,6.962637901E0,2.468421936E0,9.296223163E0
2.031680526E1,5.643432617E0,6.962637901E0,2.468421936E0,9.296223163E0
2.031880526E1,5.643432617E0,6.962637901E0,2.468421936E0,9.296223163E0
2.032080529E1,5.643432617E0,6.962637901E0,2.468421936E0,9.296223163E0
2.032280532E1,5.643432617E0,6.962637901E0,2.468421936E0,9.296223163E0
2.032480536E1,5.643432617E0,6.962637901E0,2.468421936E0,9.296223163E0
2.032680539E1,9.735123634E0,1.154753399E1,4.268861771E0,1.569526534E1
2.032880542E1,9.735123634E0,1.154753399E1,4.268861771E0,1.569526534E1
2.033080632E1,9.735123634E0,1.154753399E1,4.268861771E0,1.569526534E1
2.033280635E1,9.735123634E0,1.154753399E1,4.268861771E0,1.569526534E1
2.033480635E1,9.735123634E0,1.154753399E1,4.268861771E0,1.569526534E1
2.033680632E1,9.735123634E0,1.154753399E1,4.268861771E0,1.569526534E1
2.033880629E1,9.735123634E0,1.154753399E1,4.268861771E0,1.569526534E1
2.034080625E1,9.735123634E0,1.154753399E1,4.268861771E0,1.569526534E1
2.034280622E1,9.735123634E0,1.154753399E1,4.268861771E0,1.569526534E1
2.034480618E1,9.735123634E0,1.154753399E1,4.268861771E0,1.569526534E1
2.034680615E1,1.873762131E1,1.771769142E1,6.282684326E0,2.654217708E1
2.034880628E1,1.873762131E1,1.771769142E1,6.282684326E0,2.654217708E1
2.035080542E1,1.873762131E1,1.771769142E1,6.282684326E0,2.654217708E1
2.035280455E1,1.873762131E1,1.771769142E1,6.282684326E0,2.654217708E1
2.035480455E1,1.873762131E1,1.771769142E1,6.282684326E0,2.654217708E1
2.035680455E1,1.873762131E1,1.771769142E1,6.282684326E0,2.654217708E1
2.035880455E1,1.873762131E1,1.771769142E1,6.282684326E0,2.654217708E1
2.036080455E1,1.873762131E1,1.771769142E1,6.282684326E0,2.654217708E1
2.036280455E1,1.873762131E1,1.771769142E1,6.282684326E0,2.654217708E1
2.036480455E1,1.873762131E1,1.771769142E1,6.282684326E0,2.654217708E1
2.036680455E1,2.492932510E1,2.314774132E1,1.551741982E1,3.739090125E1
2.036880458E1,2.492932510E1,2.314774132E1,1.551741982E1,3.739090125E1
2.037080548E1,2.492932510E1,2.314774132E1,1.551741982E1,3.739090125E1
2.037280495E1,2.492932510E1,2.314774132E1,1.551741982E1,3.739090125E1
2.037480498E1,2.492932510E1,2.314774132E1,1.551741982E1,3.739090125E1
2.037680501E1,2.492932510E1,2.314774132E1,1.551741982E1,3.739090125E1
2.037880505E1,2.492932510E1,2.314774132E1,1.551741982E1,3.739090125E1
2.038080505E1,2.492932510E1,2.314774132E1,1.551741982E1,3.739090125E1
2.038280501E1,2.492932510E1,2.314774132E1,1.551741982E1,3.739090125E1
2.038480498E1,2.492932510E1,2.314774132E1,1.551741982E1,3.739090125E1
2.038680494E1,2.239835548E1,2.313098145E1,2.443582153E1,4.042076205E1
2.038880491E1,2.239835548E1,2.313098145E1,2.443582153E1,4.042076205E1
2.039080508E1,2.239835548E1,2.313098145E1,2.443582153E1,4.042076205E1
2.039280504E1,2.239835548E1,2.313098145E1,2.443582153E1,4.042076205E1
2.039480484E1,2.239835548E1,2.313098145E1,2.443582153E1,4.042076205E1
2.039680484E1,2.239835548E1,2.313098145E1,2.443582153E1,4.042076205E1
2.039880488E1,2.239835548E1,2.313098145E1,2.443582153E1,4.042076205E1
2.040080491E1,2.239835548E1,2.313098145E1,2.443582153E1,4.042076205E1
2.040280494E1,2.239835548E1,2.313098145E1,2.443582153E1,4.042076205E1
2.040480498E1,2.239835548E1,2.313098145E1,2.443582153E1,4.042076205E1
2.040680501E1,1.394173622E1,1.828272247E1,2.270481300E1,3.231313175E1
2.040880491E1,1.394173622E1,1.828272247E1,2.270481300E1,3.231313175E1
2.041080581E1,1.394173622E1,1.828272247E1,2.270481300E1,3.231313175E1
2.041280671E1,1.394173622E1,1.828272247E1,2.270481300E1,3.231313175E1
2.041480671E1,1.394173622E1,1.828272247E1,2.270481300E1,3.231313175E1
2.041680671E1,1.394173622E1,1.828272247E1,2.270481300E1,3.231313175E1
2.041880671E1,1.394173622E1,1.828272247E1,2.270481300E1,3.231313175E1
2.042080671E1,1.394173622E1,1.828272247E1,2.270481300E1,3.231313175E1
2.042280671E1,1.394173622E1,1.828272247E1,2.270481300E1,3.231313175E1
2.042480641E1,1.394173622E1,1.828272247E1,2.270481300E1,3.231313175E1
2.042680641E1,8.214805603E0,1.349162579E1,1.362091255E1,2.085752277E1
2.042880637E1,8.214805603E0,1.349162579E1,1.362091255E1,2.085752277E1
2.043080547E1,8.214805603E0,1.349162579E1,1.362091255E1,2.085752277E1
2.043280544E1,8.214805603E0,1.349162579E1,1.362091255E1,2.085752277E1
2.043480541E1,8.214805603E0,1.349162579E1,1.362091255E1,2.085752277E1
2.043680537E1,8.214805603E0,1.349162579E1,1.362091255E1,2.085752277E1
2.043880534E1,8.214805603E0,1.349162579E1,1.362091255E1,2.085752277E1
2.044080530E1,8.214805603E0,1.349162579E1,1.362091255E1,2.085752277E1
2.044280530E1,8.214805603E0,1.349162579E1,1.362091255E1,2.085752277E1
2.044480530E1,8.214805603E0,1.349162579E1,1.362091255E1,2.085752277E1
2.044680534E1,6.419154167E0,9.615413666E0,5.219658852E0,1.268489490E1
2.044880537E1,6.419154167E0,9.615413666E0,5.219658852E0,1.268489490E1
2.045080430E1,6.419154167E0,9.615413666E0,5.219658852E0,1.268489490E1
2.045280434E1,6.419154167E0,9.615413666E0,5.219658852E0,1.268489490E1
2.045480454E1,6.419154167E0,9.615413666E0,5.219658852E0,1.268489490E1
2.045680457E1,6.419154167E0,9.615413666E0,5.219658852E0,1.268489490E1
2.045880457E1,6.419154167E0,9.615413666E0,5.219658852E0,1.268489490E1
2.046080454E1,6.419154167E0,9.615413666E0,5.219658852E0,1.268489490E1
2.046280450E1,6.419154167E0,9.615413666E0,5.219658852E0,1.268489490E1
2.046480447E1,6.419154167E0,9.615413666E0,5.219658852E0,1.268489490E1
2.046680443E1,3.864241600E0,5.887641430E0,8.451532125E-1,7.093022536E0
2.046880440E1,3.864241600E0,5.887641430E0,8.451532125E-1,7.093022536E0
2.047080350E1,3.864241600E0,5.887641430E0,8.451532125E-1,7.093022536E0
2.047280347E1,3.864241600E0,5.887641430E0,8.451532125E-1,7.093022536E0
2.047480346E1,3.864241600E0,5.887641430E0,8.451532125E-1,7.093022536E0
2.047680350E1,3.864241600E0,5.887641430E0,8.451532125E-1,7.093022536E0
2.047880353E1,3.864241600E0,5.887641430E0,8.451532125E-1,7.093022536E0
2.048080356E1,3.864241600E0,5.887641430E0,8.451532125E-1,7.093022536E0
2.048280360E1,3.864241600E0,5.887641430E0,8.451532125E-1,7.093022536E0
2.048480393E1,3.864241600E0,5.887641430E0,8.451532125E-1,7.093022536E0
2.048680396E1,1.189918280E0,2.834734917E0,-5.770025849E-1,3.128028060E0
2.048880400E1,1.189918280E0,2.834734917E0,-5.770025849E-1,3.128028060E0
2.049080490E1,1.189918280E0,2.834734917E0,-5.770025849E-1,3.128028060E0
2.049280490E1,1.189918280E0,2.834734917E0,-5.770025849E-1,3.128028060E0
2.049480490E1,1.189918280E0,2.834734917E0,-5.770025849E-1,3.128028060E0
2.049680490E1,1.189918280E0,2.834734917E0,-5.770025849E-1,3.128028060E0
2.049880490E1,1.189918280E0,2.834734917E0,-5.770025849E-1,3.128028060E0
2.050080490E1,1.189918280E0,2.834734917E0,-5.770025849E-1,3.128028060E0
2.050280490E1,1.189918280E0,2.834734917E0,-5.770025849E-1,3.128028060E0
2.050480490E1,1.189918280E0,2.834734917E0,-5.770025849E-1,3.128028060E0
2.050680486E1,-1.039083481E0,5.578489900E-1,-8.427590132E-1,1.449528451E0
2.050880483E1,-1.039083481E0,5.578489900E-1,-8.427590132E-1,1.449528451E0
2.051080483E1,-1.039083481E0,5.578489900E-1,-8.427590132E-1,1.449528451E0
2.051280479E1,-1.039083481E0,5.578489900E-1,-8.427590132E-1,1.449528451E0
2.051480476E1,-1.039083481E0,5.578489900E-1,-8.427590132E-1,1.449528451E0
2.051680473E1,-1.039083481E0,5.578489900E-1,-8.427590132E-1,1.449528451E0
2.051880536E1,-1.039083481E0,5.578489900E-1,-8.427590132E-1,1.449528451E0
2.052080536E1,-1.039083481E0,5.578489900E-1,-8.427590132E-1,1.449528451E0
2.052280536E1,-1.039083481E0,5.578489900E-1,-8.427590132E-1,1.449528451E0
2.052480539E1,-1.039083481E0,5.578489900E-1,-8.427590132E-1,1.449528451E0
2.052680543E1,-2.006340981E0,-6.967126727E-1,-1.429338455E0,2.560043183E0
2.052880546E1,-2.006340981E0,-6.967126727E-1,-1.429338455E0,2.560043183E0
2.053080636E1,-2.006340981E0,-6.967126727E-1,-1.429338455E0,2.560043183E0
2.053280639E1,-2.006340981E0,-6.967126727E-1,-1.429338455E0,2.560043183E0
2.053480622E1,-2.006340981E0,-6.967126727E-1,-1.429338455E0,2.560043183E0
2.053680539E1,-2.006340981E0,-6.967126727E-1,-1.429338455E0,2.560043183E0
2.053880536E1,-2.006340981E0,-6.967126727E-1,-1.429338455E0,2.560043183E0
2.054080532E1,-2.006340981E0,-6.967126727E-1,-1.429338455E0,2.560043183E0
2.054280529E1,-2.006340981E0,-6.967126727E-1,-1.429338455E0,2.560043183E0
2.054480525E1,-2.006340981E0,-6.967126727E-1,-1.429338455E0,2.560043183E0
2.054680522E1,-2.671929121E0,-1.113303781E0,-2.248155355E0,3.665085679E0
2.054880519E1,-2.671929121E0,-1.113303781E0,-2.248155355E0,3.665085679E0
2.055080429E1,-2.671929121E0,-1.113303781E0,-2.248155355E0,3.665085679E0
2.055280339E1,-2.671929121E0,-1.113303781E0,-2.248155355E0,3.665085679E0
2.055480342E1,-2.671929121E0,-1.113303781E0,-2.248155355E0,3.665085679E0
2.055680345E1,-2.671929121E0,-1.113303781E0,-2.248155355E0,3.665085679E0
2.055880322E1,-2.671929121E0,-1.113303781E0,-2.248155355E0,3.665085679E0
2.056080325E1,-2.671929121E0,-1.113303781E0,-2.248155355E0,3.665085679E0
2.056280328E1,-2.671929121E0,-1.113303781E0,-2.248155355E0,3.665085679E0
2.056480335E1,-2.671929121E0,-1.113303781E0,-2.248155355E0,3.665085679E0
2.056680338E1,-3.790021181E0,-1.158793569E0,-2.449268341E0,4.658967535E0
2.056880342E1,-3.790021181E0,-1.158793569E0,-2.449268341E0,4.658967535E0
2.057080428E1,-3.790021181E0,-1.158793569E0,-2.449268341E0,4.658967535E0
2.057280428E1,-3.790021181E0,-1.158793569E0,-2.449268341E0,4.658967535E0
2.057480428E1,-3.790021181E0,-1.158793569E0,-2.449268341E0,4.658967535E0
2.057680498E1,-3.790021181E0,-1.158793569E0,-2.449268341E0,4.658967535E0
2.057880432E1,-3.790021181E0,-1.158793569E0,-2.449268341E0,4.658967535E0
2.058080432E1,-3.790021181E0,-1.158793569E0,-2.449268341E0,4.658967535E0
2.058280432E1,-3.790021181E0,-1.158793569E0,-2.449268341E0,4.658967535E0
2.058480428E1,-3.790021181E0,-1.158793569E0,-2.449268341E0,4.658967535E0
2.058680471E1,-4.410119534E0,-9.265560508E-1,-2.099714994E0,4.971565495E0
2.058880468E1,-4.410119534E0,-9.265560508E-1,-2.099714994E0,4.971565495E0
2.059080465E1,-4.410119534E0,-9.265560508E-1,-2.099714994E0,4.971565495E0
2.059280461E1,-4.410119534E0,-9.265560508E-1,-2.099714994E0,4.971565495E0
2.059480478E1,-4.410119534E0,-9.265560508E-1,-2.099714994E0,4.971565495E0
2.059680558E1,-4.410119534E0,-9.265560508E-1,-2.099714994E0,4.971565495E0
2.059880558E1,-4.410119534E0,-9.265560508E-1,-2.099714994E0,4.971565495E0
2.060080558E1,-4.410119534E0,-9.265560508E-1,-2.099714994E0,4.971565495E0
2.060280561E1,-4.410119534E0,-9.265560508E-1,-2.099714994E0,4.971565495E0
2.060480631E1,-4.436455727E0,-4.141969085E-1,-1.575384736E0,4.726048620E0
2.060680634E1,-4.436455727E0,-4.141969085E-1,-1.575384736E0,4.726048620E0
2.060880638E1,-4.436455727E0,-4.141969085E-1,-1.575384736E0,4.726048620E0
2.061080728E1,-4.436455727E0,-4.141969085E-1,-1.575384736E0,4.726048620E0
2.061280821E1,-4.436455727E0,-4.141969085E-1,-1.575384736E0,4.726048620E0
2.061480821E1,-4.436455727E0,-4.141969085E-1,-1.575384736E0,4.726048620E0
2.061680821E1,-4.436455727E0,-4.141969085E-1,-1.575384736E0,4.726048620E0
2.061880844E1,-4.436455727E0,-4.141969085E-1,-1.575384736E0,4.726048620E0
2.062080841E1,-4.436455727E0,-4.141969085E-1,-1.575384736E0,4.726048620E0
2.062280838E1,-4.436455727E0,-4.141969085E-1,-1.575384736E0,4.726048620E0
2.062480831E1,-3.660734415E0,4.165911078E-1,-1.611297727E0,4.021293943E0
2.062680831E1,-3.660734415E0,4.165911078E-1,-1.611297727E0,4.021293943E0
2.062880827E1,-3.660734415E0,4.165911078E-1,-1.611297727E0,4.021293943E0
2.063080774E1,-3.660734415E0,4.165911078E-1,-1.611297727E0,4.021293943E0
2.063280777E1,-3.660734415E0,4.165911078E-1,-1.611297727E0,4.021293943E0
2.063480781E1,-3.660734415E0,4.165911078E-1,-1.611297727E0,4.021293943E0
2.063680714E1,-3.660734415E0,4.165911078E-1,-1.611297727E0,4.021293943E0
2.063880717E1,-3.660734415E0,4.165911078E-1,-1.611297727E0,4.021293943E0
2.064080720E1,-3.660734415E0,4.165911078E-1,-1.611297727E0,4.021293943E0
2.064280724E1,-3.660734415E0,4.165911078E-1,-1.611297727E0,4.021293943E0
2.064480727E1,-1.465251446E0,1.472434044E0,-1.656787634E0,2.657060232E0
2.064680684E1,-1.465251446E0,1.472434044E0,-1.656787634E0,2.657060232E0
2.064880684E1,-1.465251446E0,1.472434044E0,-1.656787634E0,2.657060232E0
2.065080684E1,-1.465251446E0,1.472434044E0,-1.656787634E0,2.657060232E0
2.065280684E1,-1.465251446E0,1.472434044E0,-1.656787634E0,2.657060232E0
2.065480684E1,-1.465251446E0,1.472434044E0,-1.656787634E0,2.657060232E0
2.065680684E1,-1.465251446E0,1.472434044E0,-1.656787634E0,2.657060232E0
2.065880684E1,-1.465251446E0,1.472434044E0,-1.656787634E0,2.657060232E0
2.066080684E1,-1.465251446E0,1.472434044E0,-1.656787634E0,2.657060232E0
2.066280680E1,-1.465251446E0,1.472434044E0,-1.656787634E0,2.657060232E0
2.066480610E1,1.015141487E0,2.794033289E0,-1.022324085E0,3.143609517E0
2.066680607E1,1.015141487E0,2.794033289E0,-1.022324085E0,3.143609517E0
2.066880604E1,1.015141487E0,2.794033289E0,-1.022324085E0,3.143609517E0
2.067080514E1,1.015141487E0,2.794033289E0,-1.022324085E0,3.143609517E0
2.067280470E1,1.015141487E0,2.794033289E0,-1.022324085E0,3.143609517E0
2.067480467E1,1.015141487E0,2.794033289E0,-1.022324085E0,3.143609517E0
2.067680463E1,1.015141487E0,2.794033289E0,-1.022324085E0,3.143609517E0
2.067880463E1,1.015141487E0,2.794033289E0,-1.022324085E0,3.143609517E0
2.068080467E1,1.015141487E0,2.794033289E0,-1.022324085E0,3.143609517E0
2.068280470E1,1.015141487E0,2.794033289E0,-1.022324085E0,3.143609517E0
2.068480473E1,3.454833031E0,4.759673119E0,1.072602391E0,5.978363936E0
2.068680473E1,3.454833031E0,4.759673119E0,1.072602391E0,5.978363936E0
2.068880476E1,3.454833031E0,4.759673119E0,1.072602391E0,5.978363936E0
2.069080533E1,3.454833031E0,4.759673119E0,1.072602391E0,5.978363936E0
2.069280533E1,3.454833031E0,4.759673119E0,1.072602391E0,5.978363936E0
2.069480533E1,3.454833031E0,4.759673119E0,1.072602391E0,5.978363936E0
2.069680530E1,3.454833031E0,4.759673119E0,1.072602391E0,5.978363936E0
2.069880526E1,3.454833031E0,4.759673119E0,1.072602391E0,5.978363936E0
2.070080523E1,3.454833031E0,4.759673119E0,1.072602391E0,5.978363936E0
2.070280526E1,3.454833031E0,4.759673119E0,1.072602391E0,5.978363936E0
2.070480523E1,6.091148376E0,7.156568050E0,5.133467674E0,1.070845671E1
2.070680519E1,6.091148376E0,7.156568050E0,5.133467674E0,1.070845671E1
2.070880519E1,6.091148376E0,7.156568050E0,5.133467674E0,1.070845671E1
2.071080436E1,6.091148376E0,7.156568050E0,5.133467674E0,1.070845671E1
2.071280433E1,6.091148376E0,7.156568050E0,5.133467674E0,1.070845671E1
2.071480436E1,6.091148376E0,7.156568050E0,5.133467674E0,1.070845671E1
2.071680439E1,6.091148376E0,7.156568050E0,5.133467674E0,1.070845671E1
2.071880443E1,6.091148376E0,7.156568050E0,5.133467674E0,1.070845671E1
2.072080446E1,6.091148376E0,7.156568050E0,5.133467674E0,1.070845671E1
2.072280449E1,6.091148376E0,7.156568050E0,5.133467674E0,1.070845671E1
2.072480452E1,8.693645477E0,1.036958694E1,7.508515835E0,1.547532278E1
2.072680412E1,8.693645477E0,1.036958694E1,7.508515835E0,1.547532278E1
2.072880412E1,8.693645477E0,1.036958694E1,7.508515835E0,1.547532278E1
2.073080499E1,8.693645477E0,1.036958694E1,7.508515835E0,1.547532278E1
2.073280539E1,8.693645477E0,1.036958694E1,7.508515835E0,1.547532278E1
2.073480539E1,8.693645477E0,1.036958694E1,7.508515835E0,1.547532278E1
2.073680539E1,8.693645477E0,1.036958694E1,7.508515835E0,1.547532278E1
2.073880539E1,8.693645477E0,1.036958694E1,7.508515835E0,1.547532278E1
2.074080536E1,8.693645477E0,1.036958694E1,7.508515835E0,1.547532278E1
2.074280532E1,8.693645477E0,1.036958694E1,7.508515835E0,1.547532278E1
2.074480529E1,1.425537586E1,1.525166321E1,7.913136005E0,2.232591976E1
2.074680525E1,1.425537586E1,1.525166321E1,7.913136005E0,2.232591976E1
2.074880522E1,1.425537586E1,1.525166321E1,7.913136005E0,2.232591976E1
2.075080432E1,1.425537586E1,1.525166321E1,7.913136005E0,2.232591976E1
2.075280339E1,1.425537586E1,1.525166321E1,7.913136005E0,2.232591976E1
2.075480335E1,1.425537586E1,1.525166321E1,7.913136005E0,2.232591976E1
2.075680335E1,1.425537586E1,1.525166321E1,7.913136005E0,2.232591976E1
2.075880338E1,1.425537586E1,1.525166321E1,7.913136005E0,2.232591976E1
2.076080342E1,1.425537586E1,1.525166321E1,7.913136005E0,2.232591976E1
2.076280338E1,1.425537586E1,1.525166321E1,7.913136005E0,2.232591976E1
2.076480342E1,2.013583565E1,1.991556740E1,1.112854862E1,3.042903706E1
2.076680345E1,2.013583565E1,1.991556740E1,1.112854862E1,3.042903706E1
2.076880348E1,2.013583565E1,1.991556740E1,1.112854862E1,3.042903706E1
2.077080435E1,2.013583565E1,1.991556740E1,1.112854862E1,3.042903706E1
2.077280402E1,2.013583565E1,1.991556740E1,1.112854862E1,3.042903706E1
2.077480398E1,2.013583565E1,1.991556740E1,1.112854862E1,3.042903706E1
2.077680395E1,2.013583565E1,1.991556740E1,1.112854862E1,3.042903706E1
2.077880391E1,2.013583565E1,1.991556740E1,1.112854862E1,3.042903706E1
2.078080388E1,2.013583565E1,1.991556740E1,1.112854862E1,3.042903706E1
2.078280384E1,2.013583565E1,1.991556740E1,1.112854862E1,3.042903706E1
2.078480381E1,2.216132927E1,2.147898293E1,1.657086945E1,3.502948667E1
2.078680421E1,2.216132927E1,2.147898293E1,1.657086945E1,3.502948667E1
2.078880421E1,2.216132927E1,2.147898293E1,1.657086945E1,3.502948667E1
2.079080414E1,2.216132927E1,2.147898293E1,1.657086945E1,3.502948667E1
2.079280414E1,2.216132927E1,2.147898293E1,1.657086945E1,3.502948667E1
2.079480414E1,2.216132927E1,2.147898293E1,1.657086945E1,3.502948667E1
2.079680414E1,2.216132927E1,2.147898293E1,1.657086945E1,3.502948667E1
2.079880414E1,2.216132927E1,2.147898293E1,1.657086945E1,3.502948667E1
2.080080414E1,2.216132927E1,2.147898293E1,1.657086945E1,3.502948667E1
2.080280414E1,2.216132927E1,2.147898293E1,1.657086945E1,3.502948667E1
2.080480418E1,1.806963921E1,1.871367836E1,1.862030602E1,3.199108337E1
2.080680421E1,1.806963921E1,1.871367836E1,1.862030602E1,3.199108337E1
2.080880424E1,1.806963921E1,1.871367836E1,1.862030602E1,3.199108337E1
2.081080514E1,1.806963921E1,1.871367836E1,1.862030602E1,3.199108337E1
2.081280608E1,1.806963921E1,1.871367836E1,1.862030602E1,3.199108337E1
2.081480611E1,1.806963921E1,1.871367836E1,1.862030602E1,3.199108337E1
2.081680614E1,1.806963921E1,1.871367836E1,1.862030602E1,3.199108337E1
2.081880614E1,1.806963921E1,1.871367836E1,1.862030602E1,3.199108337E1
2.082080611E1,1.806963921E1,1.871367836E1,1.862030602E1,3.199108337E1
2.082280607E1,1.806963921E1,1.871367836E1,1.862030602E1,3.199108337E1
2.082480604E1,1.161457157E1,1.444930649E1,1.518462563E1,2.396358876E1
2.082680601E1,1.161457157E1,1.444930649E1,1.518462563E1,2.396358876E1
2.082880597E1,1.161457157E1,1.444930649E1,1.518462563E1,2.396358876E1
2.083080544E1,1.161457157E1,1.444930649E1,1.518462563E1,2.396358876E1
2.083280580E1,1.161457157E1,1.444930649E1,1.518462563E1,2.396358876E1
2.083480580E1,1.161457157E1,1.444930649E1,1.518462563E1,2.396358876E1
2.083680584E1,1.161457157E1,1.444930649E1,1.518462563E1,2.396358876E1
2.083880587E1,1.161457157E1,1.444930649E1,1.518462563E1,2.396358876E1
2.084080590E1,1.161457157E1,1.444930649E1,1.518462563E1,2.396358876E1
2.084280594E1,1.161457157E1,1.444930649E1,1.518462563E1,2.396358876E1
2.084480597E1,9.562741280E0,1.128417206E1,1.031691456E1,1.803378179E1
2.084680600E1,9.562741280E0,1.128417206E1,1.031691456E1,1.803378179E1
2.084880604E1,9.562741280E0,1.128417206E1,1.031691456E1,1.803378179E1
2.085080614E1,9.562741280E0,1.128417206E1,1.031691456E1,1.803378179E1
2.085280644E1,9.562741280E0,1.128417206E1,1.031691456E1,1.803378179E1
2.085480644E1,9.562741280E0,1.128417206E1,1.031691456E1,1.803378179E1
2.085680644E1,9.562741280E0,1.128417206E1,1.031691456E1,1.803378179E1
2.085880644E1,9.562741280E0,1.128417206E1,1.031691456E1,1.803378179E1
2.086080644E1,9.562741280E0,1.128417206E1,1.031691456E1,1.803378179E1
2.086280644E1,9.562741280E0,1.128417206E1,1.031691456E1,1.803378179E1
2.086480640E1,7.187692642E0,8.305785179E0,6.553229332E0,1.279037950E1
2.086680637E1,7.187692642E0,8.305785179E0,6.553229332E0,1.279037950E1
2.086880633E1,7.187692642E0,8.305785179E0,6.553229332E0,1.279037950E1
2.087080543E1,7.187692642E0,8.305785179E0,6.553229332E0,1.279037950E1
2.087280540E1,7.187692642E0,8.305785179E0,6.553229332E0,1.279037950E1
2.087480536E1,7.187692642E0,8.305785179E0,6.553229332E0,1.279037950E1
2.087680533E1,7.187692642E0,8.305785179E0,6.553229332E0,1.279037950E1
2.087880530E1,7.187692642E0,8.305785179E0,6.553229332E0,1.279037950E1
2.088080530E1,7.187692642E0,8.305785179E0,6.553229332E0,1.279037950E1
2.088280533E1,3.632004023E0,4.996998310E0,3.500322819E0,7.100260922E0
2.088480543E1,3.632004023E0,4.996998310E0,3.500322819E0,7.100260922E0
2.088680546E1,3.632004023E0,4.996998310E0,3.500322819E0,7.100260922E0
2.088880550E1,3.632004023E0,4.996998310E0,3.500322819E0,7.100260922E0
2.089080603E1,3.632004023E0,4.996998310E0,3.500322819E0,7.100260922E0
2.089280606E1,3.632004023E0,4.996998310E0,3.500322819E0,7.100260922E0
2.089480610E1,3.632004023E0,4.996998310E0,3.500322819E0,7.100260922E0
2.089680610E1,3.632004023E0,4.996998310E0,3.500322819E0,7.100260922E0
2.089880606E1,3.632004023E0,4.996998310E0,3.500322819E0,7.100260922E0
2.090080603E1,3.632004023E0,4.996998310E0,3.500322819E0,7.100260922E0
2.090280599E1,9.864110947E-1,2.382230759E0,1.467645645E0,2.966818831E0
2.090480596E1,9.864110947E-1,2.382230759E0,1.467645645E0,2.966818831E0
2.090680592E1,9.864110947E-1,2.382230759E0,1.467645645E0,2.966818831E0
2.090880589E1,9.864110947E-1,2.382230759E0,1.467645645E0,2.966818831E0
2.091080499E1,9.864110947E-1,2.382230759E0,1.467645645E0,2.966818831E0
2.091280489E1,9.864110947E-1,2.382230759E0,1.467645645E0,2.966818831E0
2.091480492E1,9.864110947E-1,2.382230759E0,1.467645645E0,2.966818831E0
2.091680496E1,9.864110947E-1,2.382230759E0,1.467645645E0,2.966818831E0
2.091880499E1,9.864110947E-1,2.382230759E0,1.467645645E0,2.966818831E0
2.092080502E1,9.864110947E-1,2.382230759E0,1.467645645E0,2.966818831E0
2.092280506E1,-1.300051570E0,6.057330370E-1,-2.226607651E-1,1.451421515E0
2.092480509E1,-1.300051570E0,6.057330370E-1,-2.226607651E-1,1.451421515E0
2.092680512E1,-1.300051570E0,6.057330370E-1,-2.226607651E-1,1.451421515E0
2.092880516E1,-1.300051570E0,6.057330370E-1,-2.226607651E-1,1.451421515E0
2.093080602E1,-1.300051570E0,6.057330370E-1,-2.226607651E-1,1.451421515E0
2.093280602E1,-1.300051570E0,6.057330370E-1,-2.226607651E-1,1.451421515E0
2.093480602E1,-1.300051570E0,6.057330370E-1,-2.226607651E-1,1.451421515E0
2.093680602E1,-1.300051570E0,6.057330370E-1,-2.226607651E-1,1.451421515E0
2.093880602E1,-1.300051570E0,6.057330370E-1,-2.226607651E-1,1.451421515E0
2.094080602E1,-1.300051570E0,6.057330370E-1,-2.226607651E-1,1.451421515E0
2.094280599E1,-2.564189911E0,-3.280056417E-1,-1.453280449E0,2.965582854E0
2.094480589E1,-2.564189911E0,-3.280056417E-1,-1.453280449E0,2.965582854E0
2.094680589E1,-2.564189911E0,-3.280056417E-1,-1.453280449E0,2.965582854E0
2.094880589E1,-2.564189911E0,-3.280056417E-1,-1.453280449E0,2.965582854E0
2.095080502E1,-2.564189911E0,-3.280056417E-1,-1.453280449E0,2.965582854E0
2.095280412E1,-2.564189911E0,-3.280056417E-1,-1.453280449E0,2.965582854E0
2.095480412E1,-2.564189911E0,-3.280056417E-1,-1.453280449E0,2.965582854E0
2.095680412E1,-2.564189911E0,-3.280056417E-1,-1.453280449E0,2.965582854E0
2.095880415E1,-2.564189911E0,-3.280056417E-1,-1.453280449E0,2.965582854E0
2.096080415E1,-2.564189911E0,-3.280056417E-1,-1.453280449E0,2.965582854E0
2.096280415E1,-2.887407303E0,-6.440402865E-1,-2.111685991E0,3.634711343E0
2.096480415E1,-2.887407303E0,-6.440402865E-1,-2.111685991E0,3.634711343E0
2.096680415E1,-2.887407303E0,-6.440402865E-1,-2.111685991E0,3.634711343E0
2.096880415E1,-2.887407303E0,-6.440402865E-1,-2.111685991E0,3.634711343E0
2.097080502E1,-2.887407303E0,-6.440402865E-1,-2.111685991E0,3.634711343E0
2.097280482E1,-2.887407303E0,-6.440402865E-1,-2.111685991E0,3.634711343E0
2.097480478E1,-2.887407303E0,-6.440402865E-1,-2.111685991E0,3.634711343E0
2.097680475E1,-2.887407303E0,-6.440402865E-1,-2.111685991E0,3.634711343E0
2.097880472E1,-2.887407303E0,-6.440402865E-1,-2.111685991E0,3.634711343E0
2.098080468E1,-2.887407303E0,-6.440402865E-1,-2.111685991E0,3.634711343E0
2.098280465E1,-3.201047659E0,-7.110779285E-1,-2.832340717E0,4.332954174E0
2.098480462E1,-3.201047659E0,-7.110779285E-1,-2.832340717E0,4.332954174E0
2.098680525E1,-3.201047659E0,-7.110779285E-1,-2.832340717E0,4.332954174E0
2.098880521E1,-3.201047659E0,-7.110779285E-1,-2.832340717E0,4.332954174E0
2.099080521E1,-3.201047659E0,-7.110779285E-1,-2.832340717E0,4.332954174E0
2.099280525E1,-3.201047659E0,-7.110779285E-1,-2.832340717E0,4.332954174E0
2.099480528E1,-3.201047659E0,-7.110779285E-1,-2.832340717E0,4.332954174E0
2.099680531E1,-3.201047659E0,-7.110779285E-1,-2.832340717E0,4.332954174E0
2.099880535E1,-3.201047659E0,-7.110779285E-1,-2.832340717E0,4.332954174E0
2.100080538E1,-3.201047659E0,-7.110779285E-1,-2.832340717E0,4.332954174E0
2.100280541E1,-3.598485231E0,-5.434837937E-1,-3.469198227E0,5.027902836E0
2.100480545E1,-3.598485231E0,-5.434837937E-1,-3.469198227E0,5.027902836E0
2.100680544E1,-3.598485231E0,-5.434837937E-1,-3.469198227E0,5.027902836E0
2.100880541E1,-3.598485231E0,-5.434837937E-1,-3.469198227E0,5.027902836E0
2.101080624E1,-3.598485231E0,-5.434837937E-1,-3.469198227E0,5.027902836E0
2.101280711E1,-3.598485231E0,-5.434837937E-1,-3.469198227E0,5.027902836E0
2.101480708E1,-3.598485231E0,-5.434837937E-1,-3.469198227E0,5.027902836E0
2.101680704E1,-3.598485231E0,-5.434837937E-1,-3.469198227E0,5.027902836E0
2.101880701E1,-3.598485231E0,-5.434837937E-1,-3.469198227E0,5.027902836E0
2.102080701E1,-3.598485231E0,-5.434837937E-1,-3.469198227E0,5.027902836E0
2.102280701E1,-3.785232782E0,-1.484405100E-1,-3.129221678E0,4.913456025E0
2.102480701E1,-3.785232782E0,-1.484405100E-1,-3.129221678E0,4.913456025E0
2.102680701E1,-3.785232782E0,-1.484405100E-1,-3.129221678E0,4.913456025E0
2.102880701E1,-3.785232782E0,-1.484405100E-1,-3.129221678E0,4.913456025E0
2.103080611E1,-3.785232782E0,-1.484405100E-1,-3.129221678E0,4.913456025E0
2.103280611E1,-3.785232782E0,-1.484405100E-1,-3.129221678E0,4.913456025E0
2.103480611E1,-3.785232782E0,-1.484405100E-1,-3.129221678E0,4.913456025E0
2.103680611E1,-3.785232782E0,-1.484405100E-1,-3.129221678E0,4.913456025E0
2.103880614E1,-3.785232782E0,-1.484405100E-1,-3.129221678E0,4.913456025E0
2.104080617E1,-3.785232782E0,-1.484405100E-1,-3.129221678E0,4.913456025E0
2.104280621E1,-3.155557871E0,5.626373887E-1,-1.932120800E0,3.742619015E0
2.104480624E1,-3.155557871E0,5.626373887E-1,-1.932120800E0,3.742619015E0
2.104680561E1,-3.155557871E0,5.626373887E-1,-1.932120800E0,3.742619015E0
2.104880564E1,-3.155557871E0,5.626373887E-1,-1.932120800E0,3.742619015E0
2.105080567E1,-3.155557871E0,5.626373887E-1,-1.932120800E0,3.742619015E0
2.105280544E1,-3.155557871E0,5.626373887E-1,-1.932120800E0,3.742619015E0
2.105480540E1,-3.155557871E0,5.626373887E-1,-1.932120800E0,3.742619015E0
2.105680537E1,-3.155557871E0,5.626373887E-1,-1.932120800E0,3.742619015E0
2.105880534E1,-3.155557871E0,5.626373887E-1,-1.932120800E0,3.742619015E0
2.106080530E1,-3.155557871E0,5.626373887E-1,-1.932120800E0,3.742619015E0
2.106280527E1,-4.118026793E-1,1.584961534E0,-2.944868207E-1,1.663853058E0
2.106480523E1,-4.118026793E-1,1.584961534E0,-2.944868207E-1,1.663853058E0
2.106680520E1,-4.118026793E-1,1.584961534E0,-2.944868207E-1,1.663853058E0
2.106880520E1,-4.118026793E-1,1.584961534E0,-2.944868207E-1,1.663853058E0
2.107080437E1,-4.118026793E-1,1.584961534E0,-2.944868207E-1,1.663853058E0
2.107280440E1,-4.118026793E-1,1.584961534E0,-2.944868207E-1,1.663853058E0
2.107480490E1,-4.118026793E-1,1.584961534E0,-2.944868207E-1,1.663853058E0
2.107680493E1,-4.118026793E-1,1.584961534E0,-2.944868207E-1,1.663853058E0
2.107880496E1,-4.118026793E-1,1.584961534E0,-2.944868207E-1,1.663853058E0
2.108080500E1,-4.118026793E-1,1.584961534E0,-2.944868207E-1,1.663853058E0
2.108280503E1,1.980004787E0,2.930502892E0,1.089361787E0,3.700672271E0
2.108480506E1,1.980004787E0,2.930502892E0,1.089361787E0,3.700672271E0
2.108680506E1,1.980004787E0,2.930502892E0,1.089361787E0,3.700672271E0
2.108880506E1,1.980004787E0,2.930502892E0,1.089361787E0,3.700672271E0
2.109080596E1,1.980004787E0,2.930502892E0,1.089361787E0,3.700672271E0
2.109280600E1,1.980004787E0,2.930502892E0,1.089361787E0,3.700672271E0
2.109480600E1,1.980004787E0,2.930502892E0,1.089361787E0,3.700672271E0
2.109680600E1,1.980004787E0,2.930502892E0,1.089361787E0,3.700672271E0
2.109880596E1,1.980004787E0,2.930502892E0,1.089361787E0,3.700672271E0
2.110080593E1,1.980004787E0,2.930502892E0,1.089361787E0,3.700672271E0
2.110280590E1,3.445256233E0,4.616020679E0,2.114080191E0,6.135696576E0
2.110480586E1,3.445256233E0,4.616020679E0,2.114080191E0,6.135696576E0
2.110680583E1,3.445256233E0,4.616020679E0,2.114080191E0,6.135696576E0
2.110880579E1,3.445256233E0,4.616020679E0,2.114080191E0,6.135696576E0
2.111080489E1,3.445256233E0,4.616020679E0,2.114080191E0,6.135696576E0
2.111280449E1,3.445256233E0,4.616020679E0,2.114080191E0,6.135696576E0
2.111480449E1,3.445256233E0,4.616020679E0,2.114080191E0,6.135696576E0
2.111680449E1,3.445256233E0,4.616020679E0,2.114080191E0,6.135696576E0
2.111880453E1,3.445256233E0,4.616020679E0,2.114080191E0,6.135696576E0
2.112080456E1,3.445256233E0,4.616020679E0,2.114080191E0,6.135696576E0
2.112280459E1,4.987421513E0,6.862081528E0,4.328716755E0,9.523671822E0
2.112480463E1,4.987421513E0,6.862081528E0,4.328716755E0,9.523671822E0
2.112680466E1,4.987421513E0,6.862081528E0,4.328716755E0,9.523671822E0
2.112880469E1,4.987421513E0,6.862081528E0,4.328716755E0,9.523671822E0
2.113080556E1,4.987421513E0,6.862081528E0,4.328716755E0,9.523671822E0
2.113280552E1,4.987421513E0,6.862081528E0,4.328716755E0,9.523671822E0
2.113480502E1,4.987421513E0,6.862081528E0,4.328716755E0,9.523671822E0
2.113680472E1,4.987421513E0,6.862081528E0,4.328716755E0,9.523671822E0
2.113880469E1,4.987421513E0,6.862081528E0,4.328716755E0,9.523671822E0
2.114080466E1,8.545205116E0,9.610625267E0,6.663362503E0,1.448395831E1
2.114280462E1,8.545205116E0,9.610625267E0,6.663362503E0,1.448395831E1
2.114480459E1,8.545205116E0,9.610625267E0,6.663362503E0,1.448395831E1
2.114680459E1,8.545205116E0,9.610625267E0,6.663362503E0,1.448395831E1
2.114880462E1,8.545205116E0,9.610625267E0,6.663362503E0,1.448395831E1
2.115080379E1,8.545205116E0,9.610625267E0,6.663362503E0,1.448395831E1
2.115280292E1,8.545205116E0,9.610625267E0,6.663362503E0,1.448395831E1
2.115480295E1,8.545205116E0,9.610625267E0,6.663362503E0,1.448395831E1
2.115680299E1,8.545205116E0,9.610625267E0,6.663362503E0,1.448395831E1
2.115880302E1,8.545205116E0,9.610625267E0,6.663362503E0,1.448395831E1
2.116080305E1,1.374062252E1,1.375977612E1,8.796596527E0,2.134282682E1
2.116280308E1,1.374062252E1,1.375977612E1,8.796596527E0,2.134282682E1
2.116480308E1,1.374062252E1,1.375977612E1,8.796596527E0,2.134282682E1
2.116680308E1,1.374062252E1,1.375977612E1,8.796596527E0,2.134282682E1
2.116880308E1,1.374062252E1,1.375977612E1,8.796596527E0,2.134282682E1
2.117080395E1,1.374062252E1,1.375977612E1,8.796596527E0,2.134282682E1
2.117280455E1,1.374062252E1,1.375977612E1,8.796596527E0,2.134282682E1
2.117480455E1,1.374062252E1,1.375977612E1,8.796596527E0,2.134282682E1
2.117680455E1,1.374062252E1,1.375977612E1,8.796596527E0,2.134282682E1
2.117880452E1,1.374062252E1,1.375977612E1,8.796596527E0,2.134282682E1
2.118080448E1,1.920688438E1,1.846468163E1,1.262013626E1,2.948078551E1
2.118280445E1,1.920688438E1,1.846468163E1,1.262013626E1,2.948078551E1
2.118480398E1,1.920688438E1,1.846468163E1,1.262013626E1,2.948078551E1
2.118680395E1,1.920688438E1,1.846468163E1,1.262013626E1,2.948078551E1
2.118880391E1,1.920688438E1,1.846468163E1,1.262013626E1,2.948078551E1
2.119080388E1,1.920688438E1,1.846468163E1,1.262013626E1,2.948078551E1
2.119280388E1,1.920688438E1,1.846468163E1,1.262013626E1,2.948078551E1
2.119480388E1,1.920688438E1,1.846468163E1,1.262013626E1,2.948078551E1
2.119680418E1,1.920688438E1,1.846468163E1,1.262013626E1,2.948078551E1
2.119880421E1,1.920688438E1,1.846468163E1,1.262013626E1,2.948078551E1
2.120080424E1,2.294662857E1,2.012386322E1,1.800499535E1,3.543582214E1
2.120280428E1,2.294662857E1,2.012386322E1,1.800499535E1,3.543582214E1
2.120480431E1,2.294662857E1,2.012386322E1,1.800499535E1,3.543582214E1
2.120680434E1,2.294662857E1,2.012386322E1,1.800499535E1,3.543582214E1
2.120880434E1,2.294662857E1,2.012386322E1,1.800499535E1,3.543582214E1
2.121080518E1,2.294662857E1,2.012386322E1,1.800499535E1,3.543582214E1
2.121280601E1,2.294662857E1,2.012386322E1,1.800499535E1,3.543582214E1
2.121480598E1,2.294662857E1,2.012386322E1,1.800499535E1,3.543582214E1
2.121680594E1,2.294662857E1,2.012386322E1,1.800499535E1,3.543582214E1
2.121880591E1,2.294662857E1,2.012386322E1,1.800499535E1,3.543582214E1
2.122080587E1,1.773684502E1,1.652537918E1,1.802175522E1,3.020707681E1
2.122280584E1,1.773684502E1,1.652537918E1,1.802175522E1,3.020707681E1
2.122480584E1,1.773684502E1,1.652537918E1,1.802175522E1,3.020707681E1
2.122680587E1,1.773684502E1,1.652537918E1,1.802175522E1,3.020707681E1
2.122880591E1,1.773684502E1,1.652537918E1,1.802175522E1,3.020707681E1
2.123080541E1,1.773684502E1,1.652537918E1,1.802175522E1,3.020707681E1
2.123280544E1,1.773684502E1,1.652537918E1,1.802175522E1,3.020707681E1
2.123480547E1,1.773684502E1,1.652537918E1,1.802175522E1,3.020707681E1
2.123680551E1,1.773684502E1,1.652537918E1,1.802175522E1,3.020707681E1
2.123880554E1,1.773684502E1,1.652537918E1,1.802175522E1,3.020707681E1
2.124080557E1,9.359233856E0,1.164330196E1,1.343177128E1,2.008915674E1
2.124280557E1,9.359233856E0,1.164330196E1,1.343177128E1,2.008915674E1
2.124480600E1,9.359233856E0,1.164330196E1,1.343177128E1,2.008915674E1
2.124680600E1,9.359233856E0,1.164330196E1,1.343177128E1,2.008915674E1
2.124880600E1,9.359233856E0,1.164330196E1,1.343177128E1,2.008915674E1
2.125080564E1,9.359233856E0,1.164330196E1,1.343177128E1,2.008915674E1
2.125280564E1,9.359233856E0,1.164330196E1,1.343177128E1,2.008915674E1
2.125480564E1,9.359233856E0,1.164330196E1,1.343177128E1,2.008915674E1
2.125680560E1,9.359233856E0,1.164330196E1,1.343177128E1,2.008915674E1
2.125880557E1,9.359233856E0,1.164330196E1,1.343177128E1,2.008915674E1
2.126080554E1,5.576395035E0,8.370428085E0,7.987356186E0,1.284360178E1
2.126280550E1,5.576395035E0,8.370428085E0,7.987356186E0,1.284360178E1
2.126480510E1,5.576395035E0,8.370428085E0,7.987356186E0,1.284360178E1
2.126680507E1,5.576395035E0,8.370428085E0,7.987356186E0,1.284360178E1
2.126880503E1,5.576395035E0,8.370428085E0,7.987356186E0,1.284360178E1
2.127080417E1,5.576395035E0,8.370428085E0,7.987356186E0,1.284360178E1
2.127280390E1,5.576395035E0,8.370428085E0,7.987356186E0,1.284360178E1
2.127480393E1,5.576395035E0,8.370428085E0,7.987356186E0,1.284360178E1
2.127680397E1,5.576395035E0,8.370428085E0,7.987356186E0,1.284360178E1
2.127880400E1,5.576395035E0,8.370428085E0,7.987356186E0,1.284360178E1
2.128080403E1,4.620809078E0,6.476614952E0,4.343081951E0,9.064258304E0
2.128280406E1,4.620809078E0,6.476614952E0,4.343081951E0,9.064258304E0
2.128480410E1,4.620809078E0,6.476614952E0,4.343081951E0,9.064258304E0
2.128680410E1,4.620809078E0,6.476614952E0,4.343081951E0,9.064258304E0
2.128880406E1,4.620809078E0,6.476614952E0,4.343081951E0,9.064258304E0
2.129080456E1,4.620809078E0,6.476614952E0,4.343081951E0,9.064258304E0
2.129280453E1,4.620809078E0,6.476614952E0,4.343081951E0,9.064258304E0
2.129480450E1,4.620809078E0,6.476614952E0,4.343081951E0,9.064258304E0
2.129680446E1,4.620809078E0,6.476614952E0,4.343081951E0,9.064258304E0
2.129880443E1,4.620809078E0,6.476614952E0,4.343081951E0,9.064258304E0
2.130080476E1,4.132391930E0,5.152621269E0,2.470816135E0,7.052028175E0
2.130280476E1,4.132391930E0,5.152621269E0,2.470816135E0,7.052028175E0
2.130480479E1,4.132391930E0,5.152621269E0,2.470816135E0,7.052028175E0
2.130680483E1,4.132391930E0,5.152621269E0,2.470816135E0,7.052028175E0
2.130880486E1,4.132391930E0,5.152621269E0,2.470816135E0,7.052028175E0
2.131080439E1,4.132391930E0,5.152621269E0,2.470816135E0,7.052028175E0
2.131280443E1,4.132391930E0,5.152621269E0,2.470816135E0,7.052028175E0
2.131480479E1,4.132391930E0,5.152621269E0,2.470816135E0,7.052028175E0
2.131680482E1,4.132391930E0,5.152621269E0,2.470816135E0,7.052028175E0
2.131880486E1,4.132391930E0,5.152621269E0,2.470816135E0,7.052028175E0
2.132080486E1,2.873042107E0,3.806780815E0,1.319205165E0,4.948358656E0
2.132280486E1,2.873042107E0,3.806780815E0,1.319205165E0,4.948358656E0
2.132480522E1,2.873042107E0,3.806780815E0,1.319205165E0,4.948358656E0
2.132680522E1,2.873042107E0,3.806780815E0,1.319205165E0,4.948358656E0
2.132880522E1,2.873042107E0,3.806780815E0,1.319205165E0,4.948358656E0
2.133080609E1,2.873042107E0,3.806780815E0,1.319205165E0,4.948358656E0
2.133280636E1,2.873042107E0,3.806780815E0,1.319205165E0,4.948358656E0
2.133480632E1,2.873042107E0,3.806780815E0,1.319205165E0,4.948358656E0
2.133680629E1,2.873042107E0,3.806780815E0,1.319205165E0,4.948358656E0
2.133880625E1,2.873042107E0,3.806780815E0,1.319205165E0,4.948358656E0
2.134080622E1,5.650315881E-1,2.331952572E0,-4.548983276E-1,2.442170342E0
2.134280618E1,5.650315881E-1,2.331952572E0,-4.548983276E-1,2.442170342E0
2.134480615E1,5.650315881E-1,2.331952572E0,-4.548983276E-1,2.442170342E0
2.134680612E1,5.650315881E-1,2.331952572E0,-4.548983276E-1,2.442170342E0
2.134880612E1,5.650315881E-1,2.331952572E0,-4.548983276E-1,2.442170342E0
2.135080525E1,5.650315881E-1,2.331952572E0,-4.548983276E-1,2.442170342E0
2.135280438E1,5.650315881E-1,2.331952572E0,-4.548983276E-1,2.442170342E0
2.135480442E1,5.650315881E-1,2.331952572E0,-4.548983276E-1,2.442170342E0
2.135680445E1,5.650315881E-1,2.331952572E0,-4.548983276E-1,2.442170342E0
2.135880448E1,5.650315881E-1,2.331952572E0,-4.548983276E-1,2.442170342E0
2.136080415E1,-1.443703651E0,1.529894829E0,-2.422932148E0,3.208653707E0
2.136280418E1,-1.443703651E0,1.529894829E0,-2.422932148E0,3.208653707E0
2.136480418E1,-1.443703651E0,1.529894829E0,-2.422932148E0,3.208653707E0
2.136680378E1,-1.443703651E0,1.529894829E0,-2.422932148E0,3.208653707E0
2.136880375E1,-1.443703651E0,1.529894829E0,-2.422932148E0,3.208653707E0
2.137080458E1,-1.443703651E0,1.529894829E0,-2.422932148E0,3.208653707E0
2.137280551E1,-1.443703651E0,1.529894829E0,-2.422932148E0,3.208653707E0
2.137480515E1,-1.443703651E0,1.529894829E0,-2.422932148E0,3.208653707E0
2.137680511E1,-1.443703651E0,1.529894829E0,-2.422932148E0,3.208653707E0
2.137880508E1,-1.443703651E0,1.529894829E0,-2.422932148E0,3.208653707E0
2.138080508E1,-1.951274395E0,1.213860273E0,-3.550601006E0,4.229384829E0
2.138280508E1,-1.951274395E0,1.213860273E0,-3.550601006E0,4.229384829E0
2.138480508E1,-1.951274395E0,1.213860273E0,-3.550601006E0,4.229384829E0
2.138680508E1,-1.951274395E0,1.213860273E0,-3.550601006E0,4.229384829E0
2.138880508E1,-1.951274395E0,1.213860273E0,-3.550601006E0,4.229384829E0
2.139080468E1,-1.951274395E0,1.213860273E0,-3.550601006E0,4.229384829E0
2.139280468E1,-1.951274395E0,1.213860273E0,-3.550601006E0,4.229384829E0
2.139480468E1,-1.951274395E0,1.213860273E0,-3.550601006E0,4.229384829E0
2.139680468E1,-1.951274395E0,1.213860273E0,-3.550601006E0,4.229384829E0
2.139880471E1,-1.951274395E0,1.213860273E0,-3.550601006E0,4.229384829E0
2.140080474E1,-1.594538331E0,1.027112484E0,-3.675099611E0,4.135682495E0
2.140280478E1,-1.594538331E0,1.027112484E0,-3.675099611E0,4.135682495E0
2.140480481E1,-1.594538331E0,1.027112484E0,-3.675099611E0,4.135682495E0
2.140680484E1,-1.594538331E0,1.027112484E0,-3.675099611E0,4.135682495E0
2.140880488E1,-1.594538331E0,1.027112484E0,-3.675099611E0,4.135682495E0
2.141080578E1,-1.594538331E0,1.027112484E0,-3.675099611E0,4.135682495E0
2.141280668E1,-1.594538331E0,1.027112484E0,-3.675099611E0,4.135682495E0
2.141480664E1,-1.594538331E0,1.027112484E0,-3.675099611E0,4.135682495E0
2.141680661E1,-1.594538331E0,1.027112484E0,-3.675099611E0,4.135682495E0
2.141880657E1,-1.759738207E0,1.125274777E0,-3.514688015E0,4.088514856E0
2.142080654E1,-1.759738207E0,1.125274777E0,-3.514688015E0,4.088514856E0
2.142280651E1,-1.759738207E0,1.125274777E0,-3.514688015E0,4.088514856E0
2.142480647E1,-1.759738207E0,1.125274777E0,-3.514688015E0,4.088514856E0
2.142680684E1,-1.759738207E0,1.125274777E0,-3.514688015E0,4.088514856E0
2.142880684E1,-1.759738207E0,1.125274777E0,-3.514688015E0,4.088514856E0
2.143080634E1,-1.759738207E0,1.125274777E0,-3.514688015E0,4.088514856E0
2.143280540E1,-1.759738207E0,1.125274777E0,-3.514688015E0,4.088514856E0
2.143480544E1,-1.759738207E0,1.125274777E0,-3.514688015E0,4.088514856E0
2.143680547E1,-1.759738207E0,1.125274777E0,-3.514688015E0,4.088514856E0
2.143880550E1,-1.280897856E0,1.742978811E0,-3.193865061E0,3.857388816E0
2.144080554E1,-1.280897856E0,1.742978811E0,-3.193865061E0,3.857388816E0
2.144280557E1,-1.280897856E0,1.742978811E0,-3.193865061E0,3.857388816E0
2.144480560E1,-1.280897856E0,1.742978811E0,-3.193865061E0,3.857388816E0
2.144680560E1,-1.280897856E0,1.742978811E0,-3.193865061E0,3.857388816E0
2.144880560E1,-1.280897856E0,1.742978811E0,-3.193865061E0,3.857388816E0
2.145080607E1,-1.280897856E0,1.742978811E0,-3.193865061E0,3.857388816E0
2.145280607E1,-1.280897856E0,1.742978811E0,-3.193865061E0,3.857388816E0
2.145480607E1,-1.280897856E0,1.742978811E0,-3.193865061E0,3.857388816E0
2.145680607E1,-1.280897856E0,1.742978811E0,-3.193865061E0,3.857388816E0
2.145880603E1,9.361328483E-1,2.966415882E0,-1.383848548E0,3.404556461E0
2.146080600E1,9.361328483E-1,2.966415882E0,-1.383848548E0,3.404556461E0
2.146280597E1,9.361328483E-1,2.966415882E0,-1.383848548E0,3.404556461E0
2.146480593E1,9.361328483E-1,2.966415882E0,-1.383848548E0,3.404556461E0
2.146680597E1,9.361328483E-1,2.966415882E0,-1.383848548E0,3.404556461E0
2.146880593E1,9.361328483E-1,2.966415882E0,-1.383848548E0,3.404556461E0
2.147080503E1,9.361328483E-1,2.966415882E0,-1.383848548E0,3.404556461E0
2.147280500E1,9.361328483E-1,2.966415882E0,-1.383848548E0,3.404556461E0
2.147480500E1,9.361328483E-1,2.966415882E0,-1.383848548E0,3.404556461E0
2.147680503E1,9.361328483E-1,2.966415882E0,-1.383848548E0,3.404556461E0
2.147880506E1,2.451662540E0,4.426878929E0,1.879448295E0,5.398169334E0
2.148080510E1,2.451662540E0,4.426878929E0,1.879448295E0,5.398169334E0
2.148280480E1,2.451662540E0,4.426878929E0,1.879448295E0,5.398169334E0
2.148480483E1,2.451662540E0,4.426878929E0,1.879448295E0,5.398169334E0
2.148680486E1,2.451662540E0,4.426878929E0,1.879448295E0,5.398169334E0
2.148880490E1,2.451662540E0,4.426878929E0,1.879448295E0,5.398169334E0
2.149080543E1,2.451662540E0,4.426878929E0,1.879448295E0,5.398169334E0
2.149280539E1,2.451662540E0,4.426878929E0,1.879448295E0,5.398169334E0
2.149480536E1,2.451662540E0,4.426878929E0,1.879448295E0,5.398169334E0
2.149680533E1,2.451662540E0,4.426878929E0,1.879448295E0,5.398169334E0
2.149880529E1,5.286696434E0,5.636250019E0,6.256348133E0,9.942754418E0
2.150080526E1,5.286696434E0,5.636250019E0,6.256348133E0,9.942754418E0
2.150280522E1,5.286696434E0,5.636250019E0,6.256348133E0,9.942754418E0
2.150480519E1,5.286696434E0,5.636250019E0,6.256348133E0,9.942754418E0
2.150680479E1,5.286696434E0,5.636250019E0,6.256348133E0,9.942754418E0
2.150880482E1,5.286696434E0,5.636250019E0,6.256348133E0,9.942754418E0
2.151080392E1,5.286696434E0,5.636250019E0,6.256348133E0,9.942754418E0
2.151280372E1,5.286696434E0,5.636250019E0,6.256348133E0,9.942754418E0
2.151480376E1,5.286696434E0,5.636250019E0,6.256348133E0,9.942754418E0
2.151680379E1,5.286696434E0,5.636250019E0,6.256348133E0,9.942754418E0
2.151880382E1,8.597877502E0,6.376058578E0,1.193060589E1,1.602862993E1
2.152080386E1,8.597877502E0,6.376058578E0,1.193060589E1,1.602862993E1
2.152280389E1,8.597877502E0,6.376058578E0,1.193060589E1,1.602862993E1
2.152480389E1,8.597877502E0,6.376058578E0,1.193060589E1,1.602862993E1
2.152680382E1,8.597877502E0,6.376058578E0,1.193060589E1,1.602862993E1
2.152880382E1,8.597877502E0,6.376058578E0,1.193060589E1,1.602862993E1
2.153080469E1,8.597877502E0,6.376058578E0,1.193060589E1,1.602862993E1
2.153280469E1,8.597877502E0,6.376058578E0,1.193060589E1,1.602862993E1
2.153480469E1,8.597877502E0,6.376058578E0,1.193060589E1,1.602862993E1
2.153680465E1,8.597877502E0,6.376058578E0,1.193060589E1,1.602862993E1
2.153880462E1,1.140148735E1,6.581959724E0,1.826117516E1,2.251192186E1
2.154080458E1,1.140148735E1,6.581959724E0,1.826117516E1,2.251192186E1
2.154280489E1,1.140148735E1,6.581959724E0,1.826117516E1,2.251192186E1
2.154480485E1,1.140148735E1,6.581959724E0,1.826117516E1,2.251192186E1
2.154680482E1,1.140148735E1,6.581959724E0,1.826117516E1,2.251192186E1
2.154880478E1,1.140148735E1,6.581959724E0,1.826117516E1,2.251192186E1
2.155080388E1,1.140148735E1,6.581959724E0,1.826117516E1,2.251192186E1
2.155280298E1,1.140148735E1,6.581959724E0,1.826117516E1,2.251192186E1
2.155480302E1,1.140148735E1,6.581959724E0,1.826117516E1,2.251192186E1
2.155680305E1,1.140148735E1,6.581959724E0,1.826117516E1,2.251192186E1
2.155880308E1,1.205510521E1,7.053617477E0,2.289156151E1,2.681608975E1
2.156080312E1,1.205510521E1,7.053617477E0,2.289156151E1,2.681608975E1
2.156280315E1,1.205510521E1,7.053617477E0,2.289156151E1,2.681608975E1
2.156480318E1,1.205510521E1,7.053617477E0,2.289156151E1,2.681608975E1
2.156680361E1,1.205510521E1,7.053617477E0,2.289156151E1,2.681608975E1
2.156880361E1,1.205510521E1,7.053617477E0,2.289156151E1,2.681608975E1
2.157080405E1,1.205510521E1,7.053617477E0,2.289156151E1,2.681608975E1
2.157280425E1,1.205510521E1,7.053617477E0,2.289156151E1,2.681608975E1
2.157480421E1,1.205510521E1,7.053617477E0,2.289156151E1,2.681608975E1
2.157680418E1,1.205510521E1,7.053617477E0,2.289156151E1,2.681608975E1
2.157880415E1,9.670479774E0,7.168539047E0,2.092352676E1,2.413918191E1
2.158080411E1,9.670479774E0,7.168539047E0,2.092352676E1,2.413918191E1
2.158280408E1,9.670479774E0,7.168539047E0,2.092352676E1,2.413918191E1
2.158480408E1,9.670479774E0,7.168539047E0,2.092352676E1,2.413918191E1
2.158680411E1,9.670479774E0,7.168539047E0,2.092352676E1,2.413918191E1
2.158880414E1,9.670479774E0,7.168539047E0,2.092352676E1,2.413918191E1
2.159080418E1,9.670479774E0,7.168539047E0,2.092352676E1,2.413918191E1
2.159280421E1,9.670479774E0,7.168539047E0,2.092352676E1,2.413918191E1
2.159480424E1,9.670479774E0,7.168539047E0,2.092352676E1,2.413918191E1
2.159680428E1,9.670479774E0,7.168539047E0,2.092352676E1,2.413918191E1
2.159880431E1,6.206069946E0,5.257966042E0,1.500984859E1,1.707211369E1
2.160080434E1,6.206069946E0,5.257966042E0,1.500984859E1,1.707211369E1
2.160280434E1,6.206069946E0,5.257966042E0,1.500984859E1,1.707211369E1
2.160480434E1,6.206069946E0,5.257966042E0,1.500984859E1,1.707211369E1
2.160680434E1,6.206069946E0,5.257966042E0,1.500984859E1,1.707211369E1
2.160880434E1,6.206069946E0,5.257966042E0,1.500984859E1,1.707211369E1
2.161080521E1,6.206069946E0,5.257966042E0,1.500984859E1,1.707211369E1
2.161280611E1,6.206069946E0,5.257966042E0,1.500984859E1,1.707211369E1
2.161480611E1,6.206069946E0,5.257966042E0,1.500984859E1,1.707211369E1
2.161680607E1,6.206069946E0,5.257966042E0,1.500984859E1,1.707211369E1
2.161880514E1,4.249708176E0,4.735731125E0,1.121713448E1,1.289617287E1
2.162080511E1,4.249708176E0,4.735731125E0,1.121713448E1,1.289617287E1
2.162280507E1,4.249708176E0,4.735731125E0,1.121713448E1,1.289617287E1
2.162480504E1,4.249708176E0,4.735731125E0,1.121713448E1,1.289617287E1
2.162680500E1,4.249708176E0,4.735731125E0,1.121713448E1,1.289617287E1
2.162880497E1,4.249708176E0,4.735731125E0,1.121713448E1,1.289617287E1
2.163080447E1,4.249708176E0,4.735731125E0,1.121713448E1,1.289617287E1
2.163280450E1,4.249708176E0,4.735731125E0,1.121713448E1,1.289617287E1
2.163480454E1,4.249708176E0,4.735731125E0,1.121713448E1,1.289617287E1
2.163680417E1,4.249708176E0,4.735731125E0,1.121713448E1,1.289617287E1
2.163880420E1,3.670311213E0,3.888183594E0,8.746317863E0,1.025120638E1
2.164080423E1,3.670311213E0,3.888183594E0,8.746317863E0,1.025120638E1
2.164280427E1,3.670311213E0,3.888183594E0,8.746317863E0,1.025120638E1
2.164480430E1,3.670311213E0,3.888183594E0,8.746317863E0,1.025120638E1
2.164680430E1,3.670311213E0,3.888183594E0,8.746317863E0,1.025120638E1
2.164880560E1,3.670311213E0,3.888183594E0,8.746317863E0,1.025120638E1
2.165080557E1,3.670311213E0,3.888183594E0,8.746317863E0,1.025120638E1
2.165280553E1,3.670311213E0,3.888183594E0,8.746317863E0,1.025120638E1
2.165480550E1,3.670311213E0,3.888183594E0,8.746317863E0,1.025120638E1
2.165680546E1,3.670311213E0,3.888183594E0,8.746317863E0,1.025120638E1
2.165880543E1,2.703053713E0,3.315969467E0,7.795820236E0,8.892523041E0
2.166080540E1,2.703053713E0,3.315969467E0,7.795820236E0,8.892523041E0
2.166280540E1,2.703053713E0,3.315969467E0,7.795820236E0,8.892523041E0
2.166480543E1,2.703053713E0,3.315969467E0,7.795820236E0,8.892523041E0
2.166680546E1,2.703053713E0,3.315969467E0,7.795820236E0,8.892523041E0
2.166880550E1,2.703053713E0,3.315969467E0,7.795820236E0,8.892523041E0
2.167080466E1,2.703053713E0,3.315969467E0,7.795820236E0,8.892523041E0
2.167280526E1,2.703053713E0,3.315969467E0,7.795820236E0,8.892523041E0
2.167480526E1,2.703053713E0,3.315969467E0,7.795820236E0,8.892523041E0
2.167680529E1,2.703053713E0,3.315969467E0,7.795820236E0,8.892523041E0
2.167880623E1,1.525106430E0,3.057395458E0,7.465420246E0,8.210122780E0
2.168080623E1,1.525106430E0,3.057395458E0,7.465420246E0,8.210122780E0
2.168280593E1,1.525106430E0,3.057395458E0,7.465420246E0,8.210122780E0
2.168480593E1,1.525106430E0,3.057395458E0,7.465420246E0,8.210122780E0
2.168680593E1,1.525106430E0,3.057395458E0,7.465420246E0,8.210122780E0
2.168880593E1,1.525106430E0,3.057395458E0,7.465420246E0,8.210122780E0
2.169080683E1,1.525106430E0,3.057395458E0,7.465420246E0,8.210122780E0
2.169280679E1,1.525106430E0,3.057395458E0,7.465420246E0,8.210122780E0
2.169480676E1,1.525106430E0,3.057395458E0,7.465420246E0,8.210122780E0
2.169680713E1,1.695094824E0,3.069366693E0,6.502951145E0,7.388012720E0
2.169880709E1,1.695094824E0,3.069366693E0,6.502951145E0,7.388012720E0
2.170080706E1,1.695094824E0,3.069366693E0,6.502951145E0,7.388012720E0
2.170280702E1,1.695094824E0,3.069366693E0,6.502951145E0,7.388012720E0
2.170480699E1,1.695094824E0,3.069366693E0,6.502951145E0,7.388012720E0
2.170680696E1,1.695094824E0,3.069366693E0,6.502951145E0,7.388012720E0
2.170880562E1,1.695094824E0,3.069366693E0,6.502951145E0,7.388012720E0
2.171080479E1,1.695094824E0,3.069366693E0,6.502951145E0,7.388012720E0
2.171280455E1,1.695094824E0,3.069366693E0,6.502951145E0,7.388012720E0
2.171480459E1,1.695094824E0,3.069366693E0,6.502951145E0,7.388012720E0
2.171680462E1,3.174711466E0,2.992752075E0,7.206846237E0,8.424606256E0
2.171880465E1,3.174711466E0,2.992752075E0,7.206846237E0,8.424606256E0
2.172080468E1,3.174711466E0,2.992752075E0,7.206846237E0,8.424606256E0
2.172280472E1,3.174711466E0,2.992752075E0,7.206846237E0,8.424606256E0
2.172480445E1,3.174711466E0,2.992752075E0,7.206846237E0,8.424606256E0
2.172680442E1,3.174711466E0,2.992752075E0,7.206846237E0,8.424606256E0
2.172880438E1,3.174711466E0,2.992752075E0,7.206846237E0,8.424606256E0
2.173080492E1,3.174711466E0,2.992752075E0,7.206846237E0,8.424606256E0
2.173280432E1,3.174711466E0,2.992752075E0,7.206846237E0,8.424606256E0
2.173480428E1,3.174711466E0,2.992752075E0,7.206846237E0,8.424606256E0
2.173680425E1,3.105279684E0,3.241749048E0,8.066365242E0,9.231356727E0
2.173880421E1,3.105279684E0,3.241749048E0,8.066365242E0,9.231356727E0
2.174080421E1,3.105279684E0,3.241749048E0,8.066365242E0,9.231356727E0
2.174280455E1,3.105279684E0,3.241749048E0,8.066365242E0,9.231356727E0
2.174480458E1,3.105279684E0,3.241749048E0,8.066365242E0,9.231356727E0
2.174680461E1,3.105279684E0,3.241749048E0,8.066365242E0,9.231356727E0
2.174880465E1,3.105279684E0,3.241749048E0,8.066365242E0,9.231356727E0
2.175080381E1,3.105279684E0,3.241749048E0,8.066365242E0,9.231356727E0
2.175280298E1,3.105279684E0,3.241749048E0,8.066365242E0,9.231356727E0
2.175480301E1,3.105279684E0,3.241749048E0,8.066365242E0,9.231356727E0
2.175680304E1,2.116474390E0,3.979163170E0,6.749553680E0,8.116013693E0
2.175880304E1,2.116474390E0,3.979163170E0,6.749553680E0,8.116013693E0
2.176080304E1,2.116474390E0,3.979163170E0,6.749553680E0,8.116013693E0
2.176280304E1,2.116474390E0,3.979163170E0,6.749553680E0,8.116013693E0
2.176480304E1,2.116474390E0,3.979163170E0,6.749553680E0,8.116013693E0
2.176680304E1,2.116474390E0,3.979163170E0,6.749553680E0,8.116013693E0
2.176880304E1,2.116474390E0,3.979163170E0,6.749553680E0,8.116013693E0
2.177080388E1,2.116474390E0,3.979163170E0,6.749553680E0,8.116013693E0
2.177280411E1,2.116474390E0,3.979163170E0,6.749553680E0,8.116013693E0
2.177480408E1,2.116474390E0,3.979163170E0,6.749553680E0,8.116013693E0
2.177680404E1,1.958456993E0,3.919308186E0,4.620809078E0,6.367763107E0
2.177880401E1,1.958456993E0,3.919308186E0,4.620809078E0,6.367763107E0
2.178080397E1,1.958456993E0,3.919308186E0,4.620809078E0,6.367763107E0
2.178280394E1,1.958456993E0,3.919308186E0,4.620809078E0,6.367763107E0
2.178480417E1,1.958456993E0,3.919308186E0,4.620809078E0,6.367763107E0
2.178680417E1,1.958456993E0,3.919308186E0,4.620809078E0,6.367763107E0
2.178886002E1,1.958456993E0,3.919308186E0,4.620809078E0,6.367763107E0
2.179086036E1,1.958456993E0,3.919308186E0,4.620809078E0,6.367763107E0
2.179286039E1,1.958456993E0,3.919308186E0,4.620809078E0,6.367763107E0
2.179486042E1,1.958456993E0,3.919308186E0,4.620809078E0,6.367763107E0
2.179686046E1,3.818751812E0,3.967192173E0,5.875670433E0,8.052638212E0
2.179886049E1,3.818751812E0,3.967192173E0,5.875670433E0,8.052638212E0
2.180086052E1,3.818751812E0,3.967192173E0,5.875670433E0,8.052638212E0
2.180286052E1,3.818751812E0,3.967192173E0,5.875670433E0,8.052638212E0
2.180486049E1,3.818751812E0,3.967192173E0,5.875670433E0,8.052638212E0
2.180686045E1,3.818751812E0,3.967192173E0,5.875670433E0,8.052638212E0
2.180886042E1,3.818751812E0,3.967192173E0,5.875670433E0,8.052638212E0
2.181086125E1,3.818751812E0,3.967192173E0,5.875670433E0,8.052638212E0
2.181286209E1,3.818751812E0,3.967192173E0,5.875670433E0,8.052638212E0
2.181486205E1,3.818751812E0,3.967192173E0,5.875670433E0,8.052638212E0
2.181686202E1,4.565742493E0,4.022258759E0,8.818143845E0,1.071374028E1
2.181886202E1,4.565742493E0,4.022258759E0,8.818143845E0,1.071374028E1
2.182086205E1,4.565742493E0,4.022258759E0,8.818143845E0,1.071374028E1
2.182286208E1,4.565742493E0,4.022258759E0,8.818143845E0,1.071374028E1
2.182486212E1,4.565742493E0,4.022258759E0,8.818143845E0,1.071374028E1
2.182686215E1,4.565742493E0,4.022258759E0,8.818143845E0,1.071374028E1
2.182886218E1,4.565742493E0,4.022258759E0,8.818143845E0,1.071374028E1
2.183086132E1,4.565742493E0,4.022258759E0,8.818143845E0,1.071374028E1
2.183286135E1,4.565742493E0,4.022258759E0,8.818143845E0,1.071374028E1
2.183486138E1,4.565742493E0,4.022258759E0,8.818143845E0,1.071374028E1
2.183686138E1,3.452438831E0,3.490746021E0,1.040310574E1,1.150344516E1
2.183886138E1,3.452438831E0,3.490746021E0,1.040310574E1,1.150344516E1
2.184086138E1,3.452438831E0,3.490746021E0,1.040310574E1,1.150344516E1
2.184286138E1,3.452438831E0,3.490746021E0,1.040310574E1,1.150344516E1
2.184486138E1,3.452438831E0,3.490746021E0,1.040310574E1,1.150344516E1
2.184686138E1,3.452438831E0,3.490746021E0,1.040310574E1,1.150344516E1
2.184886135E1,3.452438831E0,3.490746021E0,1.040310574E1,1.150344516E1
2.185086131E1,3.452438831E0,3.490746021E0,1.040310574E1,1.150344516E1
2.185286128E1,3.452438831E0,3.490746021E0,1.040310574E1,1.150344516E1
2.185486125E1,3.452438831E0,3.490746021E0,1.040310574E1,1.150344516E1
2.185686121E1,3.076549292E0,3.411737442E0,1.204792213E1,1.289408918E1
2.185886118E1,3.076549292E0,3.411737442E0,1.204792213E1,1.289408918E1
2.186086114E1,3.076549292E0,3.411737442E0,1.204792213E1,1.289408918E1
2.186286028E1,3.076549292E0,3.411737442E0,1.204792213E1,1.289408918E1
2.186486028E1,3.076549292E0,3.411737442E0,1.204792213E1,1.289408918E1
2.186686028E1,3.076549292E0,3.411737442E0,1.204792213E1,1.289408918E1
2.186886031E1,3.076549292E0,3.411737442E0,1.204792213E1,1.289408918E1
2.187085948E1,3.076549292E0,3.411737442E0,1.204792213E1,1.289408918E1
2.187285951E1,3.076549292E0,3.411737442E0,1.204792213E1,1.289408918E1
2.187485954E1,3.076549292E0,3.411737442E0,1.204792213E1,1.289408918E1
2.187685958E1,2.650381327E0,3.150769472E0,1.278054810E1,1.342737052E1
2.187885961E1,2.650381327E0,3.150769472E0,1.278054810E1,1.342737052E1
2.188085961E1,2.650381327E0,3.150769472E0,1.278054810E1,1.342737052E1
2.188285957E1,2.650381327E0,3.150769472E0,1.278054810E1,1.342737052E1
2.188485954E1,2.650381327E0,3.150769472E0,1.278054810E1,1.342737052E1
2.188685951E1,2.650381327E0,3.150769472E0,1.278054810E1,1.342737052E1
2.188885947E1,2.650381327E0,3.150769472E0,1.278054810E1,1.342737052E1
2.189086034E1,2.650381327E0,3.150769472E0,1.278054810E1,1.342737052E1
2.189286030E1,2.650381327E0,3.150769472E0,1.278054810E1,1.342737052E1
2.189486027E1,2.650381327E0,3.150769472E0,1.278054810E1,1.342737052E1
2.189685937E1,1.256955862E0,3.394978046E0,1.251239777E1,1.302558681E1
2.189885940E1,1.256955862E0,3.394978046E0,1.251239777E1,1.302558681E1
2.190085944E1,1.256955862E0,3.394978046E0,1.251239777E1,1.302558681E1
2.190285947E1,1.256955862E0,3.394978046E0,1.251239777E1,1.302558681E1
2.190485950E1,1.256955862E0,3.394978046E0,1.251239777E1,1.302558681E1
2.190685954E1,1.256955862E0,3.394978046E0,1.251239777E1,1.302558681E1
2.190885957E1,1.256955862E0,3.394978046E0,1.251239777E1,1.302558681E1
2.191085873E1,1.256955862E0,3.394978046E0,1.251239777E1,1.302558681E1
2.191285920E1,1.256955862E0,3.394978046E0,1.251239777E1,1.302558681E1
2.191485920E1,1.256955862E0,3.394978046E0,1.251239777E1,1.302558681E1
2.191685920E1,2.059013397E-1,3.421314240E0,1.058506489E1,1.112615770E1
2.191885920E1,2.059013397E-1,3.421314240E0,1.058506489E1,1.112615770E1
2.192085920E1,2.059013397E-1,3.421314240E0,1.058506489E1,1.112615770E1
2.192286003E1,2.059013397E-1,3.421314240E0,1.058506489E1,1.112615770E1
2.192486003E1,2.059013397E-1,3.421314240E0,1.058506489E1,1.112615770E1
2.192686003E1,2.059013397E-1,3.421314240E0,1.058506489E1,1.112615770E1
2.192886000E1,2.059013397E-1,3.421314240E0,1.058506489E1,1.112615770E1
2.193086083E1,2.059013397E-1,3.421314240E0,1.058506489E1,1.112615770E1
2.193286080E1,2.059013397E-1,3.421314240E0,1.058506489E1,1.112615770E1
2.193486076E1,2.059013397E-1,3.421314240E0,1.058506489E1,1.112615770E1
2.193686073E1,5.099649429E-1,3.478775024E0,9.206005096E0,9.854565934E0
2.193886070E1,5.099649429E-1,3.478775024E0,9.206005096E0,9.854565934E0
2.194086066E1,5.099649429E-1,3.478775024E0,9.206005096E0,9.854565934E0
2.194286066E1,5.099649429E-1,3.478775024E0,9.206005096E0,9.854565934E0
2.194486066E1,5.099649429E-1,3.478775024E0,9.206005096E0,9.854565934E0
2.194686030E1,5.099649429E-1,3.478775024E0,9.206005096E0,9.854565934E0
2.194886033E1,5.099649429E-1,3.478775024E0,9.206005096E0,9.854565934E0
2.195085949E1,5.099649429E-1,3.478775024E0,9.206005096E0,9.854565934E0
2.195285866E1,5.099649429E-1,3.478775024E0,9.206005096E0,9.854565934E0
2.195485869E1,1.618480325E0,4.489128113E0,9.052776337E0,1.023349936E1
2.195685963E1,1.618480325E0,4.489128113E0,9.052776337E0,1.023349936E1
2.195885963E1,1.618480325E0,4.489128113E0,9.052776337E0,1.023349936E1
2.196085959E1,1.618480325E0,4.489128113E0,9.052776337E0,1.023349936E1
2.196285956E1,1.618480325E0,4.489128113E0,9.052776337E0,1.023349936E1
2.196485952E1,1.618480325E0,4.489128113E0,9.052776337E0,1.023349936E1
2.196685949E1,1.618480325E0,4.489128113E0,9.052776337E0,1.023349936E1
2.196885946E1,1.618480325E0,4.489128113E0,9.052776337E0,1.023349936E1
2.197086029E1,1.618480325E0,4.489128113E0,9.052776337E0,1.023349936E1
2.197285982E1,1.618480325E0,4.489128113E0,9.052776337E0,1.023349936E1
2.197485982E1,1.810016513E0,5.078401089E0,1.009664822E1,1.144589982E1
2.197685986E1,1.810016513E0,5.078401089E0,1.009664822E1,1.144589982E1
2.197885989E1,1.810016513E0,5.078401089E0,1.009664822E1,1.144589982E1
2.198085992E1,1.810016513E0,5.078401089E0,1.009664822E1,1.144589982E1
2.198285995E1,1.810016513E0,5.078401089E0,1.009664822E1,1.144589982E1
2.198485999E1,1.810016513E0,5.078401089E0,1.009664822E1,1.144589982E1
2.198686002E1,1.810016513E0,5.078401089E0,1.009664822E1,1.144589982E1
2.198886005E1,1.810016513E0,5.078401089E0,1.009664822E1,1.144589982E1
2.199086009E1,1.810016513E0,5.078401089E0,1.009664822E1,1.144589982E1
2.199286009E1,1.810016513E0,5.078401089E0,1.009664822E1,1.144589982E1
2.199486009E1,1.716642618E0,4.800374508E0,9.952995300E0,1.118269076E1
2.199686009E1,1.716642618E0,4.800374508E0,9.952995300E0,1.118269076E1
2.199886009E1,1.716642618E0,4.800374508E0,9.952995300E0,1.118269076E1
2.200086009E1,1.716642618E0,4.800374508E0,9.952995300E0,1.118269076E1
2.200286009E1,1.716642618E0,4.800374508E0,9.952995300E0,1.118269076E1
2.200486009E1,1.716642618E0,4.800374508E0,9.952995300E0,1.118269076E1
2.200686045E1,1.716642618E0,4.800374508E0,9.952995300E0,1.118269076E1
2.200886042E1,1.716642618E0,4.800374508E0,9.952995300E0,1.118269076E1
2.201086085E1,1.716642618E0,4.800374508E0,9.952995300E0,1.118269076E1
2.201286168E1,1.716642618E0,4.800374508E0,9.952995300E0,1.118269076E1
2.201486165E1,1.254561663E0,4.108449936E0,8.281843185E0,9.329641600E0
2.201686162E1,1.254561663E0,4.108449936E0,8.281843185E0,9.329641600E0
2.201886158E1,1.254561663E0,4.108449936E0,8.281843185E0,9.329641600E0
2.202086158E1,1.254561663E0,4.108449936E0,8.281843185E0,9.329641600E0
2.202286112E1,1.254561663E0,4.108449936E0,8.281843185E0,9.329641600E0
2.202486115E1,1.254561663E0,4.108449936E0,8.281843185E0,9.329641600E0
2.202686118E1,1.254561663E0,4.108449936E0,8.281843185E0,9.329641600E0
2.202886121E1,1.254561663E0,4.108449936E0,8.281843185E0,9.329641600E0
2.203086075E1,1.254561663E0,4.108449936E0,8.281843185E0,9.329641600E0
2.203286078E1,1.254561663E0,4.108449936E0,8.281843185E0,9.329641600E0
2.203486081E1,3.806780577E-1,3.265691042E0,6.962637901E0,7.699868850E0
2.203686081E1,3.806780577E-1,3.265691042E0,6.962637901E0,7.699868850E0
2.203886078E1,3.806780577E-1,3.265691042E0,6.962637901E0,7.699868850E0
2.204086074E1,3.806780577E-1,3.265691042E0,6.962637901E0,7.699868850E0
2.204286075E1,3.806780577E-1,3.265691042E0,6.962637901E0,7.699868850E0
2.204486071E1,3.806780577E-1,3.265691042E0,6.962637901E0,7.699868850E0
2.204686068E1,3.806780577E-1,3.265691042E0,6.962637901E0,7.699868850E0
2.204886064E1,3.806780577E-1,3.265691042E0,6.962637901E0,7.699868850E0
2.205086061E1,3.806780577E-1,3.265691042E0,6.962637901E0,7.699868850E0
2.205286061E1,3.806780577E-1,3.265691042E0,6.962637901E0,7.699868850E0
2.205486061E1,-7.422025502E-2,2.439691544E0,6.625055313E0,7.060379691E0
2.205686061E1,-7.422025502E-2,2.439691544E0,6.625055313E0,7.060379691E0
2.205886061E1,-7.422025502E-2,2.439691544E0,6.625055313E0,7.060379691E0
2.206086061E1,-7.422025502E-2,2.439691544E0,6.625055313E0,7.060379691E0
2.206286061E1,-7.422025502E-2,2.439691544E0,6.625055313E0,7.060379691E0
2.206486061E1,-7.422025502E-2,2.439691544E0,6.625055313E0,7.060379691E0
2.206686061E1,-7.422025502E-2,2.439691544E0,6.625055313E0,7.060379691E0
2.206886061E1,-7.422025502E-2,2.439691544E0,6.625055313E0,7.060379691E0
2.207086018E1,-7.422025502E-2,2.439691544E0,6.625055313E0,7.060379691E0
2.207286021E1,-7.422025502E-2,2.439691544E0,6.625055313E0,7.060379691E0
2.207486024E1,-2.896983922E-1,1.470039845E0,6.445490360E0,6.617347527E0
2.207686027E1,-2.896983922E-1,1.470039845E0,6.445490360E0,6.617347527E0
2.207886031E1,-2.896983922E-1,1.470039845E0,6.445490360E0,6.617347527E0
2.208086034E1,-2.896983922E-1,1.470039845E0,6.445490360E0,6.617347527E0
2.208286084E1,-2.896983922E-1,1.470039845E0,6.445490360E0,6.617347527E0
2.208486084E1,-2.896983922E-1,1.470039845E0,6.445490360E0,6.617347527E0
2.208686081E1,-2.896983922E-1,1.470039845E0,6.445490360E0,6.617347527E0
2.208886077E1,-2.896983922E-1,1.470039845E0,6.445490360E0,6.617347527E0
2.209086124E1,-2.896983922E-1,1.470039845E0,6.445490360E0,6.617347527E0
2.209286120E1,-2.896983922E-1,1.470039845E0,6.445490360E0,6.617347527E0
2.209486117E1,-6.727706790E-1,1.314416766E0,6.620266914E0,6.782937847E0
2.209686114E1,-6.727706790E-1,1.314416766E0,6.620266914E0,6.782937847E0
2.209886114E1,-6.727706790E-1,1.314416766E0,6.620266914E0,6.782937847E0
2.210086114E1,-6.727706790E-1,1.314416766E0,6.620266914E0,6.782937847E0
2.210286114E1,-6.727706790E-1,1.314416766E0,6.620266914E0,6.782937847E0
2.210486117E1,-6.727706790E-1,1.314416766E0,6.620266914E0,6.782937847E0
2.210686120E1,-6.727706790E-1,1.314416766E0,6.620266914E0,6.782937847E0
2.210886124E1,-6.727706790E-1,1.314416766E0,6.620266914E0,6.782937847E0
2.211086040E1,-6.727706790E-1,1.314416766E0,6.620266914E0,6.782937847E0
2.211286043E1,-6.727706790E-1,1.314416766E0,6.620266914E0,6.782937847E0
2.211486047E1,-9.169792533E-1,1.754949808E0,7.577947617E0,7.832368088E0
2.211686050E1,-9.169792533E-1,1.754949808E0,7.577947617E0,7.832368088E0
2.211886050E1,-9.169792533E-1,1.754949808E0,7.577947617E0,7.832368088E0
2.212086050E1,-9.169792533E-1,1.754949808E0,7.577947617E0,7.832368088E0
2.212286050E1,-9.169792533E-1,1.754949808E0,7.577947617E0,7.832368088E0
2.212486050E1,-9.169792533E-1,1.754949808E0,7.577947617E0,7.832368088E0
2.212686050E1,-9.169792533E-1,1.754949808E0,7.577947617E0,7.832368088E0
2.212886050E1,-9.169792533E-1,1.754949808E0,7.577947617E0,7.832368088E0
2.213086133E1,-9.169792533E-1,1.754949808E0,7.577947617E0,7.832368088E0
2.213286130E1,-9.169792533E-1,1.754949808E0,7.577947617E0,7.832368088E0
2.213486126E1,-3.519476354E-1,2.729389906E0,8.892364502E0,9.308468340E0
2.213686123E1,-3.519476354E-1,2.729389906E0,8.892364502E0,9.308468340E0
2.213886120E1,-3.519476354E-1,2.729389906E0,8.892364502E0,9.308468340E0
2.214086116E1,-3.519476354E-1,2.729389906E0,8.892364502E0,9.308468340E0
2.214286113E1,-3.519476354E-1,2.729389906E0,8.892364502E0,9.308468340E0
2.214486110E1,-3.519476354E-1,2.729389906E0,8.892364502E0,9.308468340E0
2.214686110E1,-3.519476354E-1,2.729389906E0,8.892364502E0,9.308468340E0
2.214886073E1,-3.519476354E-1,2.729389906E0,8.892364502E0,9.308468340E0
2.215085989E1,-3.519476354E-1,2.729389906E0,8.892364502E0,9.308468340E0
2.215285903E1,-3.519476354E-1,2.729389906E0,8.892364502E0,9.308468340E0
2.215485906E1,4.525041282E-1,2.583343744E0,9.462183952E0,9.818928151E0
2.215685909E1,4.525041282E-1,2.583343744E0,9.462183952E0,9.818928151E0
2.215885913E1,4.525041282E-1,2.583343744E0,9.462183952E0,9.818928151E0
2.216085916E1,4.525041282E-1,2.583343744E0,9.462183952E0,9.818928151E0
2.216285916E1,4.525041282E-1,2.583343744E0,9.462183952E0,9.818928151E0
2.216485886E1,4.525041282E-1,2.583343744E0,9.462183952E0,9.818928151E0
2.216685883E1,4.525041282E-1,2.583343744E0,9.462183952E0,9.818928151E0
2.216885879E1,4.525041282E-1,2.583343744E0,9.462183952E0,9.818928151E0
2.217085962E1,4.525041282E-1,2.583343744E0,9.462183952E0,9.818928151E0
2.217285959E1,4.525041282E-1,2.583343744E0,9.462183952E0,9.818928151E0
2.217485989E1,1.101332754E-1,2.698265314E0,8.873210907E0,9.275054547E0
2.217685986E1,1.101332754E-1,2.698265314E0,8.873210907E0,9.275054547E0
2.217885986E1,1.101332754E-1,2.698265314E0,8.873210907E0,9.275054547E0
2.218085989E1,1.101332754E-1,2.698265314E0,8.873210907E0,9.275054547E0
2.218285992E1,1.101332754E-1,2.698265314E0,8.873210907E0,9.275054547E0
2.218485996E1,1.101332754E-1,2.698265314E0,8.873210907E0,9.275054547E0
2.218685999E1,1.101332754E-1,2.698265314E0,8.873210907E0,9.275054547E0
2.218886002E1,1.101332754E-1,2.698265314E0,8.873210907E0,9.275054547E0
2.219086005E1,1.101332754E-1,2.698265314E0,8.873210907E0,9.275054547E0
2.219286009E1,1.101332754E-1,2.698265314E0,8.873210907E0,9.275054547E0
2.219486012E1,-5.722141862E-1,2.715024710E0,8.181286812E0,8.638995436E0
2.219686012E1,-5.722141862E-1,2.715024710E0,8.181286812E0,8.638995436E0
2.219886012E1,-5.722141862E-1,2.715024710E0,8.181286812E0,8.638995436E0
2.220086012E1,-5.722141862E-1,2.715024710E0,8.181286812E0,8.638995436E0
2.220286012E1,-5.722141862E-1,2.715024710E0,8.181286812E0,8.638995436E0
2.220486012E1,-5.722141862E-1,2.715024710E0,8.181286812E0,8.638995436E0
2.220686012E1,-5.722141862E-1,2.715024710E0,8.181286812E0,8.638995436E0
2.220886049E1,-5.722141862E-1,2.715024710E0,8.181286812E0,8.638995436E0
2.221086132E1,-5.722141862E-1,2.715024710E0,8.181286812E0,8.638995436E0
2.221286219E1,-5.722141862E-1,2.715024710E0,8.181286812E0,8.638995436E0
2.221486215E1,-5.985504389E-1,2.434903145E0,7.652167797E0,8.052495759E0
2.221686212E1,-5.985504389E-1,2.434903145E0,7.652167797E0,8.052495759E0
2.221886208E1,-5.985504389E-1,2.434903145E0,7.652167797E0,8.052495759E0
2.222086205E1,-5.985504389E-1,2.434903145E0,7.652167797E0,8.052495759E0
2.222286202E1,-5.985504389E-1,2.434903145E0,7.652167797E0,8.052495759E0
2.222486228E1,-5.985504389E-1,2.434903145E0,7.652167797E0,8.052495759E0
2.222686231E1,-5.985504389E-1,2.434903145E0,7.652167797E0,8.052495759E0
2.222886235E1,-5.985504389E-1,2.434903145E0,7.652167797E0,8.052495759E0
2.223086185E1,-5.985504389E-1,2.434903145E0,7.652167797E0,8.052495759E0
2.223286188E1,-5.482721925E-1,3.071760893E0,7.546823025E0,8.166446911E0
2.223486158E1,-5.482721925E-1,3.071760893E0,7.546823025E0,8.166446911E0
2.223686161E1,-5.482721925E-1,3.071760893E0,7.546823025E0,8.166446911E0
2.223886165E1,-5.482721925E-1,3.071760893E0,7.546823025E0,8.166446911E0
2.224086165E1,-5.482721925E-1,3.071760893E0,7.546823025E0,8.166446911E0
2.224286161E1,-5.482721925E-1,3.071760893E0,7.546823025E0,8.166446911E0
2.224486158E1,-5.482721925E-1,3.071760893E0,7.546823025E0,8.166446911E0
2.224686154E1,-5.482721925E-1,3.071760893E0,7.546823025E0,8.166446911E0
2.224886151E1,-5.482721925E-1,3.071760893E0,7.546823025E0,8.166446911E0
2.225086148E1,-5.482721925E-1,3.071760893E0,7.546823025E0,8.166446911E0
2.225286144E1,-2.394201607E-2,3.469198227E0,7.745541573E0,8.487009120E0
2.225486141E1,-2.394201607E-2,3.469198227E0,7.745541573E0,8.487009120E0
2.225686141E1,-2.394201607E-2,3.469198227E0,7.745541573E0,8.487009120E0
2.225886144E1,-2.394201607E-2,3.469198227E0,7.745541573E0,8.487009120E0
2.226086147E1,-2.394201607E-2,3.469198227E0,7.745541573E0,8.487009120E0
2.226286151E1,-2.394201607E-2,3.469198227E0,7.745541573E0,8.487009120E0
2.226486154E1,-2.394201607E-2,3.469198227E0,7.745541573E0,8.487009120E0
2.226686157E1,-2.394201607E-2,3.469198227E0,7.745541573E0,8.487009120E0
2.226886161E1,-2.394201607E-2,3.469198227E0,7.745541573E0,8.487009120E0
2.227086077E1,-2.394201607E-2,3.469198227E0,7.745541573E0,8.487009120E0
2.227286080E1,4.716577232E-1,3.813963413E0,7.984961987E0,8.861624899E0
2.227486081E1,4.716577232E-1,3.813963413E0,7.984961987E0,8.861624899E0
2.227686081E1,4.716577232E-1,3.813963413E0,7.984961987E0,8.861624899E0
2.227886080E1,4.716577232E-1,3.813963413E0,7.984961987E0,8.861624899E0
2.228086080E1,4.716577232E-1,3.813963413E0,7.984961987E0,8.861624899E0
2.228286081E1,4.716577232E-1,3.813963413E0,7.984961987E0,8.861624899E0
2.228486080E1,4.716577232E-1,3.813963413E0,7.984961987E0,8.861624899E0
2.228686077E1,4.716577232E-1,3.813963413E0,7.984961987E0,8.861624899E0
2.228886074E1,4.716577232E-1,3.813963413E0,7.984961987E0,8.861624899E0
2.229086124E1,4.716577232E-1,3.813963413E0,7.984961987E0,8.861624899E0
2.229286120E1,6.584054828E-1,3.974374771E0,8.202834129E0,9.138689203E0
2.229486117E1,6.584054828E-1,3.974374771E0,8.202834129E0,9.138689203E0
2.229686114E1,6.584054828E-1,3.974374771E0,8.202834129E0,9.138689203E0
2.229886110E1,6.584054828E-1,3.974374771E0,8.202834129E0,9.138689203E0
2.230086107E1,6.584054828E-1,3.974374771E0,8.202834129E0,9.138689203E0
2.230286107E1,6.584054828E-1,3.974374771E0,8.202834129E0,9.138689203E0
2.230486110E1,6.584054828E-1,3.974374771E0,8.202834129E0,9.138689203E0
2.230686113E1,6.584054828E-1,3.974374771E0,8.202834129E0,9.138689203E0
2.230886117E1,6.584054828E-1,4.240131378E0,8.506897926E0,9.527828935E0
2.231086033E1,6.584054828E-1,4.240131378E0,8.506897926E0,9.527828935E0
2.231286093E1,6.584054828E-1,4.240131378E0,8.506897926E0,9.527828935E0
2.231486096E1,6.584054828E-1,4.240131378E0,8.506897926E0,9.527828935E0
2.231686100E1,6.584054828E-1,4.240131378E0,8.506897926E0,9.527828935E0
2.231886100E1,6.584054828E-1,4.240131378E0,8.506897926E0,9.527828935E0
2.232086096E1,6.584054828E-1,4.240131378E0,8.506897926E0,9.527828935E0
2.232286093E1,6.584054828E-1,4.240131378E0,8.506897926E0,9.527828935E0
2.232486090E1,6.584054828E-1,4.240131378E0,8.506897926E0,9.527828935E0
2.232686086E1,6.584054828E-1,4.240131378E0,8.506897926E0,9.527828935E0
2.232886083E1,6.584054828E-1,4.240131378E0,8.506897926E0,9.527828935E0
2.233086166E1,6.584054828E-1,4.240131378E0,8.506897926E0,9.527828935E0
2.233286163E1,4.955997467E-1,4.304774761E0,8.849268913E0,9.853236278E0
2.233486163E1,4.955997467E-1,4.304774761E0,8.849268913E0,9.853236278E0
2.233686166E1,4.955997467E-1,4.304774761E0,8.849268913E0,9.853236278E0
2.233886169E1,4.955997467E-1,4.304774761E0,8.849268913E0,9.853236278E0
2.234086173E1,4.955997467E-1,4.304774761E0,8.849268913E0,9.853236278E0
2.234286176E1,4.955997467E-1,4.304774761E0,8.849268913E0,9.853236278E0
2.234486179E1,4.955997467E-1,4.304774761E0,8.849268913E0,9.853236278E0
2.234686182E1,4.955997467E-1,4.304774761E0,8.849268913E0,9.853236278E0
2.234886186E1,1.795651317E-1,3.969586372E0,8.980949402E0,9.820759225E0
2.235086102E1,1.795651317E-1,3.969586372E0,8.980949402E0,9.820759225E0
2.235286012E1,1.795651317E-1,3.969586372E0,8.980949402E0,9.820759225E0
2.235486012E1,1.795651317E-1,3.969586372E0,8.980949402E0,9.820759225E0
2.235686012E1,1.795651317E-1,3.969586372E0,8.980949402E0,9.820759225E0
2.235886012E1,1.795651317E-1,3.969586372E0,8.980949402E0,9.820759225E0
2.236086012E1,1.795651317E-1,3.969586372E0,8.980949402E0,9.820759225E0
2.236286012E1,1.795651317E-1,3.969586372E0,8.980949402E0,9.820759225E0
2.236486009E1,1.795651317E-1,3.969586372E0,8.980949402E0,9.820759225E0
2.236686006E1,1.795651317E-1,3.969586372E0,8.980949402E0,9.820759225E0
2.236886002E1,1.795651317E-1,3.969586372E0,8.980949402E0,9.820759225E0
2.237086086E1,1.795651317E-1,3.969586372E0,8.980949402E0,9.820759225E0
2.237286026E1,-9.337386489E-2,3.801992416E0,8.947430611E0,9.722159202E0
2.237486022E1,-9.337386489E-2,3.801992416E0,8.947430611E0,9.722159202E0
2.237686019E1,-9.337386489E-2,3.801992416E0,8.947430611E0,9.722159202E0
2.237886015E1,-9.337386489E-2,3.801992416E0,8.947430611E0,9.722159202E0
2.238086015E1,-9.337386489E-2,3.801992416E0,8.947430611E0,9.722159202E0
2.238286019E1,-9.337386489E-2,3.801992416E0,8.947430611E0,9.722159202E0
2.238485985E1,-9.337386489E-2,3.801992416E0,8.947430611E0,9.722159202E0
2.238685988E1,-9.337386489E-2,3.801992416E0,8.947430611E0,9.722159202E0
2.238885992E1,-9.337386489E-2,3.801992416E0,8.947430611E0,9.722159202E0
2.239085995E1,-9.337386489E-2,3.801992416E0,8.947430611E0,9.722159202E0
2.239285998E1,-3.112462163E-2,3.940855980E0,9.064746857E0,9.884379099E0
2.239486072E1,-3.112462163E-2,3.940855980E0,9.064746857E0,9.884379099E0
2.239686072E1,-3.112462163E-2,3.940855980E0,9.064746857E0,9.884379099E0
2.239886068E1,-3.112462163E-2,3.940855980E0,9.064746857E0,9.884379099E0
2.240086065E1,-3.112462163E-2,3.940855980E0,9.064746857E0,9.884379099E0
2.240286062E1,-3.112462163E-2,3.940855980E0,9.064746857E0,9.884379099E0
2.240486058E1,-3.112462163E-2,3.940855980E0,9.064746857E0,9.884379099E0
2.240686055E1,-3.112462163E-2,3.940855980E0,9.064746857E0,9.884379099E0
2.240886051E1,-3.112462163E-2,3.940855980E0,9.064746857E0,9.884379099E0
2.241086135E1,-3.112462163E-2,3.940855980E0,9.064746857E0,9.884379099E0
2.241286185E1,4.046200812E-1,3.945644379E0,8.957007408E0,9.795907752E0
2.241486188E1,4.046200812E-1,3.945644379E0,8.957007408E0,9.795907752E0
2.241686191E1,4.046200812E-1,3.945644379E0,8.957007408E0,9.795907752E0
2.241886194E1,4.046200812E-1,3.945644379E0,8.957007408E0,9.795907752E0
2.242086198E1,4.046200812E-1,3.945644379E0,8.957007408E0,9.795907752E0
2.242286201E1,4.046200812E-1,3.945644379E0,8.957007408E0,9.795907752E0
2.242486204E1,4.046200812E-1,3.945644379E0,8.957007408E0,9.795907752E0
2.242686208E1,4.046200812E-1,3.945644379E0,8.957007408E0,9.795907752E0
2.242886211E1,4.046200812E-1,3.945644379E0,8.957007408E0,9.795907752E0
2.243086124E1,4.046200812E-1,3.945644379E0,8.957007408E0,9.795907752E0
2.243286141E1,4.429273009E-1,3.801992416E0,8.533234596E0,9.352402023E0
2.243486141E1,4.429273009E-1,3.801992416E0,8.533234596E0,9.352402023E0
2.243686141E1,4.429273009E-1,3.801992416E0,8.533234596E0,9.352402023E0
2.243886141E1,4.429273009E-1,3.801992416E0,8.533234596E0,9.352402023E0
2.244086141E1,4.429273009E-1,3.801992416E0,8.533234596E0,9.352402023E0
2.244286138E1,4.429273009E-1,3.801992416E0,8.533234596E0,9.352402023E0
2.244486171E1,4.429273009E-1,3.801992416E0,8.533234596E0,9.352402023E0
2.244686167E1,4.429273009E-1,3.801992416E0,8.533234596E0,9.352402023E0
2.244886164E1,4.429273009E-1,3.801992416E0,8.533234596E0,9.352402023E0
2.245086161E1,4.429273009E-1,3.801992416E0,8.533234596E0,9.352402023E0
2.245286157E1,5.506663769E-2,3.687070608E0,8.322544098E0,9.102871100E0
2.245486084E1,5.506663769E-2,3.687070608E0,8.322544098E0,9.102871100E0
2.245686080E1,5.506663769E-2,3.687070608E0,8.322544098E0,9.102871100E0
2.245886080E1,5.506663769E-2,3.687070608E0,8.322544098E0,9.102871100E0
2.246086084E1,5.506663769E-2,3.687070608E0,8.322544098E0,9.102871100E0
2.246286087E1,5.506663769E-2,3.687070608E0,8.322544098E0,9.102871100E0
2.246486090E1,5.506663769E-2,3.687070608E0,8.322544098E0,9.102871100E0
2.246686094E1,5.506663769E-2,3.687070608E0,8.322544098E0,9.102871100E0
2.246886097E1,-1.939303428E-1,3.615244627E0,8.688857079E0,9.412961278E0
2.247086014E1,-1.939303428E-1,3.615244627E0,8.688857079E0,9.412961278E0
2.247286097E1,-1.939303428E-1,3.615244627E0,8.688857079E0,9.412961278E0
2.247486097E1,-1.939303428E-1,3.615244627E0,8.688857079E0,9.412961278E0
2.247686093E1,-1.939303428E-1,3.615244627E0,8.688857079E0,9.412961278E0
2.247886090E1,-1.939303428E-1,3.615244627E0,8.688857079E0,9.412961278E0
2.248086087E1,-1.939303428E-1,3.615244627E0,8.688857079E0,9.412961278E0
2.248286083E1,-1.939303428E-1,3.615244627E0,8.688857079E0,9.412961278E0
2.248486080E1,-1.939303428E-1,3.615244627E0,8.688857079E0,9.412961278E0
2.248686076E1,-1.939303428E-1,3.615244627E0,8.688857079E0,9.412961278E0
2.248886073E1,-1.939303428E-1,3.615244627E0,8.688857079E0,9.412961278E0
2.249086160E1,-1.939303428E-1,3.615244627E0,8.688857079E0,9.412961278E0
2.249286146E1,-1.221042871E-1,3.737348795E0,9.158121109E0,9.892111388E0
2.249486150E1,-1.221042871E-1,3.737348795E0,9.158121109E0,9.892111388E0
2.249686153E1,-1.221042871E-1,3.737348795E0,9.158121109E0,9.892111388E0
2.249886156E1,-1.221042871E-1,3.737348795E0,9.158121109E0,9.892111388E0
2.250086159E1,-1.221042871E-1,3.737348795E0,9.158121109E0,9.892111388E0
2.250286163E1,-1.221042871E-1,3.737348795E0,9.158121109E0,9.892111388E0
2.250486166E1,-1.221042871E-1,3.737348795E0,9.158121109E0,9.892111388E0
2.250686169E1,-1.221042871E-1,3.737348795E0,9.158121109E0,9.892111388E0
2.250886169E1,9.576806426E-2,3.962403774E0,9.263465881E0,1.007579353E1
2.251086083E1,9.576806426E-2,3.962403774E0,9.263465881E0,1.007579353E1
2.251286083E1,9.576806426E-2,3.962403774E0,9.263465881E0,1.007579353E1
2.251486083E1,9.576806426E-2,3.962403774E0,9.263465881E0,1.007579353E1
2.251686083E1,9.576806426E-2,3.962403774E0,9.263465881E0,1.007579353E1
2.251886083E1,9.576806426E-2,3.962403774E0,9.263465881E0,1.007579353E1
2.252086079E1,9.576806426E-2,3.962403774E0,9.263465881E0,1.007579353E1
2.252286076E1,9.576806426E-2,3.962403774E0,9.263465881E0,1.007579353E1
2.252486072E1,9.576806426E-2,3.962403774E0,9.263465881E0,1.007579353E1
2.252686069E1,9.576806426E-2,3.962403774E0,9.263465881E0,1.007579353E1
2.252886066E1,9.576806426E-2,3.962403774E0,9.263465881E0,1.007579353E1
2.253086119E1,1.436520964E-1,4.031835556E0,9.024045944E0,9.884823675E0
2.253286076E1,1.436520964E-1,4.031835556E0,9.024045944E0,9.884823675E0
2.253486072E1,1.436520964E-1,4.031835556E0,9.024045944E0,9.884823675E0
2.253686072E1,1.436520964E-1,4.031835556E0,9.024045944E0,9.884823675E0
2.253886075E1,1.436520964E-1,4.031835556E0,9.024045944E0,9.884823675E0
2.254086079E1,1.436520964E-1,4.031835556E0,9.024045944E0,9.884823675E0
2.254286082E1,1.436520964E-1,4.031835556E0,9.024045944E0,9.884823675E0
2.254486085E1,1.436520964E-1,4.031835556E0,9.024045944E0,9.884823675E0
2.254686089E1,1.436520964E-1,4.031835556E0,9.024045944E0,9.884823675E0
2.254886092E1,1.221042871E-1,4.141968727E0,8.715193748E0,9.650151111E0
2.255086008E1,1.221042871E-1,4.141968727E0,8.715193748E0,9.650151111E0
2.255285919E1,1.221042871E-1,4.141968727E0,8.715193748E0,9.650151111E0
2.255485915E1,1.221042871E-1,4.141968727E0,8.715193748E0,9.650151111E0
2.255685912E1,1.221042871E-1,4.141968727E0,8.715193748E0,9.650151111E0
2.255885908E1,1.221042871E-1,4.141968727E0,8.715193748E0,9.650151111E0
2.256085905E1,1.221042871E-1,4.141968727E0,8.715193748E0,9.650151111E0
2.256285902E1,1.221042871E-1,4.141968727E0,8.715193748E0,9.650151111E0
2.256485898E1,1.221042871E-1,4.141968727E0,8.715193748E0,9.650151111E0
2.256685895E1,1.221042871E-1,4.141968727E0,8.715193748E0,9.650151111E0
2.256885895E1,1.221042871E-1,4.141968727E0,8.715193748E0,9.650151111E0
2.257085985E1,1.699883193E-1,4.367023945E0,8.751106262E0,9.781700004E0
2.257285988E1,1.699883193E-1,4.367023945E0,8.751106262E0,9.781700004E0
2.257485991E1,1.699883193E-1,4.367023945E0,8.751106262E0,9.781700004E0
2.257685995E1,1.699883193E-1,4.367023945E0,8.751106262E0,9.781700004E0
2.257885998E1,1.699883193E-1,4.367023945E0,8.751106262E0,9.781700004E0
2.258086001E1,1.699883193E-1,4.367023945E0,8.751106262E0,9.781700004E0
2.258286004E1,1.699883193E-1,4.367023945E0,8.751106262E0,9.781700004E0
2.258486008E1,1.699883193E-1,4.367023945E0,8.751106262E0,9.781700004E0
2.258686008E1,1.699883193E-1,4.367023945E0,8.751106262E0,9.781700004E0
2.258886008E1,1.699883193E-1,4.367023945E0,8.751106262E0,9.781700004E0
2.259086038E1,2.154781520E-1,4.635174274E0,8.945036888E0,1.007695174E1
2.259286038E1,2.154781520E-1,4.635174274E0,8.945036888E0,1.007695174E1
2.259486038E1,2.154781520E-1,4.635174274E0,8.945036888E0,1.007695174E1
2.259686038E1,2.154781520E-1,4.635174274E0,8.945036888E0,1.007695174E1
2.259886034E1,2.154781520E-1,4.635174274E0,8.945036888E0,1.007695174E1
2.260086031E1,2.154781520E-1,4.635174274E0,8.945036888E0,1.007695174E1
2.260286028E1,2.154781520E-1,4.635174274E0,8.945036888E0,1.007695174E1
2.260486024E1,2.154781520E-1,4.635174274E0,8.945036888E0,1.007695174E1
2.260686021E1,2.154781520E-1,4.635174274E0,8.945036888E0,1.007695174E1
2.260886017E1,2.154781520E-1,4.635174274E0,8.945036888E0,1.007695174E1
2.261086101E1,3.519476354E-1,4.654327869E0,8.947430611E0,1.009173670E1
2.261286187E1,3.519476354E-1,4.654327869E0,8.947430611E0,1.009173670E1
2.261486187E1,3.519476354E-1,4.654327869E0,8.947430611E0,1.009173670E1
2.261686187E1,3.519476354E-1,4.654327869E0,8.947430611E0,1.009173670E1
2.261886191E1,3.519476354E-1,4.654327869E0,8.947430611E0,1.009173670E1
2.262086194E1,3.519476354E-1,4.654327869E0,8.947430611E0,1.009173670E1
2.262286197E1,3.519476354E-1,4.654327869E0,8.947430611E0,1.009173670E1
2.262486200E1,3.519476354E-1,4.654327869E0,8.947430611E0,1.009173670E1
2.262686204E1,3.519476354E-1,4.654327869E0,8.947430611E0,1.009173670E1
2.262886207E1,3.112462163E-1,4.505887508E0,8.617031097E0,9.728983574E0
2.263086117E1,3.112462163E-1,4.505887508E0,8.617031097E0,9.728983574E0
2.263286114E1,3.112462163E-1,4.505887508E0,8.617031097E0,9.728983574E0
2.263486110E1,3.112462163E-1,4.505887508E0,8.617031097E0,9.728983574E0
2.263686107E1,3.112462163E-1,4.505887508E0,8.617031097E0,9.728983574E0
2.263886104E1,3.112462163E-1,4.505887508E0,8.617031097E0,9.728983574E0
2.264086144E1,3.112462163E-1,4.505887508E0,8.617031097E0,9.728983574E0
2.264286140E1,3.112462163E-1,4.505887508E0,8.617031097E0,9.728983574E0
2.264486137E1,3.112462163E-1,4.505887508E0,8.617031097E0,9.728983574E0
2.264686137E1,3.112462163E-1,4.505887508E0,8.617031097E0,9.728983574E0
2.264886137E1,3.112462163E-1,4.505887508E0,8.617031097E0,9.728983574E0
2.265086137E1,2.777273953E-1,4.331110954E0,8.578723907E0,9.614060458E0
2.265286137E1,2.777273953E-1,4.331110954E0,8.578723907E0,9.614060458E0
2.265486137E1,2.777273953E-1,4.331110954E0,8.578723907E0,9.614060458E0
2.265686137E1,2.777273953E-1,4.331110954E0,8.578723907E0,9.614060458E0
2.265886137E1,2.777273953E-1,4.331110954E0,8.578723907E0,9.614060458E0
2.266086137E1,2.777273953E-1,4.331110954E0,8.578723907E0,9.614060458E0
2.266286137E1,2.777273953E-1,4.331110954E0,8.578723907E0,9.614060458E0
2.266486140E1,2.777273953E-1,4.331110954E0,8.578723907E0,9.614060458E0
2.266686143E1,2.777273953E-1,4.331110954E0,8.578723907E0,9.614060458E0
2.266886147E1,8.547300100E-1,4.283226967E0,8.834903717E0,9.855562913E0
2.267086063E1,8.547300100E-1,4.283226967E0,8.834903717E0,9.855562913E0
2.267286066E1,8.547300100E-1,4.283226967E0,8.834903717E0,9.855562913E0
2.267486070E1,8.547300100E-1,4.283226967E0,8.834903717E0,9.855562913E0
2.267686073E1,8.547300100E-1,4.283226967E0,8.834903717E0,9.855562913E0
2.267886073E1,8.547300100E-1,4.283226967E0,8.834903717E0,9.855562913E0
2.268086070E1,8.547300100E-1,4.283226967E0,8.834903717E0,9.855562913E0
2.268286066E1,8.547300100E-1,4.283226967E0,8.834903717E0,9.855562913E0
2.268486063E1,8.547300100E-1,4.283226967E0,8.834903717E0,9.855562913E0
2.268686060E1,8.547300100E-1,4.283226967E0,8.834903717E0,9.855562913E0
2.268886056E1,8.547300100E-1,4.283226967E0,8.834903717E0,9.855562913E0
2.269086143E1,1.302445769E0,4.328716755E0,8.866027832E0,9.951914552E0
2.269286143E1,1.302445769E0,4.328716755E0,8.866027832E0,9.951914552E0
2.269486143E1,1.302445769E0,4.328716755E0,8.866027832E0,9.951914552E0
2.269686146E1,1.302445769E0,4.328716755E0,8.866027832E0,9.951914552E0
2.269886149E1,1.302445769E0,4.328716755E0,8.866027832E0,9.951914552E0
2.270086109E1,1.302445769E0,4.328716755E0,8.866027832E0,9.951914552E0
2.270286113E1,1.302445769E0,4.328716755E0,8.866027832E0,9.951914552E0
2.270486116E1,1.302445769E0,4.328716755E0,8.866027832E0,9.951914552E0
2.270686119E1,1.302445769E0,4.328716755E0,8.866027832E0,9.951914552E0
2.270886122E1,1.177947283E0,4.323928356E0,8.889969826E0,9.955675755E0
2.271086036E1,1.177947283E0,4.323928356E0,8.889969826E0,9.955675755E0
2.271286072E1,1.177947283E0,4.323928356E0,8.889969826E0,9.955675755E0
2.271486072E1,1.177947283E0,4.323928356E0,8.889969826E0,9.955675755E0
2.271686072E1,1.177947283E0,4.323928356E0,8.889969826E0,9.955675755E0
2.271886072E1,1.177947283E0,4.323928356E0,8.889969826E0,9.955675755E0
2.272086072E1,1.177947283E0,4.323928356E0,8.889969826E0,9.955675755E0
2.272286072E1,1.177947283E0,4.323928356E0,8.889969826E0,9.955675755E0
2.272486069E1,1.177947283E0,4.323928356E0,8.889969826E0,9.955675755E0
2.272686066E1,1.177947283E0,4.323928356E0,8.889969826E0,9.955675755E0
2.272886062E1,7.996633649E-1,4.326322556E0,8.937853813E0,9.962015817E0
2.273086146E1,7.996633649E-1,4.326322556E0,8.937853813E0,9.962015817E0
2.273286142E1,7.996633649E-1,4.326322556E0,8.937853813E0,9.962015817E0
2.273486142E1,7.996633649E-1,4.326322556E0,8.937853813E0,9.962015817E0
2.273686139E1,7.996633649E-1,4.326322556E0,8.937853813E0,9.962015817E0
2.273886135E1,7.996633649E-1,4.326322556E0,8.937853813E0,9.962015817E0
2.274086135E1,7.996633649E-1,4.326322556E0,8.937853813E0,9.962015817E0
2.274286139E1,7.996633649E-1,4.326322556E0,8.937853813E0,9.962015817E0
2.274486142E1,7.996633649E-1,4.326322556E0,8.937853813E0,9.962015817E0
2.274686145E1,7.996633649E-1,4.326322556E0,8.937853813E0,9.962015817E0
2.274886149E1,2.202665508E-1,4.039018154E0,8.755894661E0,9.645095972E0
2.275086065E1,2.202665508E-1,4.039018154E0,8.755894661E0,9.645095972E0
2.275285982E1,2.202665508E-1,4.039018154E0,8.755894661E0,9.645095972E0
2.275485985E1,2.202665508E-1,4.039018154E0,8.755894661E0,9.645095972E0
2.275685985E1,2.202665508E-1,4.039018154E0,8.755894661E0,9.645095972E0
2.275885982E1,2.202665508E-1,4.039018154E0,8.755894661E0,9.645095972E0
2.276085978E1,2.202665508E-1,4.039018154E0,8.755894661E0,9.645095972E0
2.276285975E1,2.202665508E-1,4.039018154E0,8.755894661E0,9.645095972E0
2.276485971E1,2.202665508E-1,4.039018154E0,8.755894661E0,9.645095972E0
2.276685968E1,2.202665508E-1,4.039018154E0,8.755894661E0,9.645095972E0
2.276885965E1,-1.156399369E0,3.251325846E0,8.250718117E0,8.943306363E0
2.277086051E1,-1.156399369E0,3.251325846E0,8.250718117E0,8.943306363E0
2.277286015E1,-1.156399369E0,3.251325846E0,8.250718117E0,8.943306363E0
2.277486018E1,-1.156399369E0,3.251325846E0,8.250718117E0,8.943306363E0
2.277686021E1,-1.156399369E0,3.251325846E0,8.250718117E0,8.943306363E0
2.277886024E1,-1.156399369E0,3.251325846E0,8.250718117E0,8.943306363E0
2.278085988E1,-1.156399369E0,3.251325846E0,8.250718117E0,8.943306363E0
2.278285991E1,-1.156399369E0,3.251325846E0,8.250718117E0,8.943306363E0
2.278485994E1,-1.156399369E0,3.251325846E0,8.250718117E0,8.943306363E0
2.278685998E1,-1.156399369E0,3.251325846E0,8.250718117E0,8.943306363E0
2.278885998E1,-2.547430515E0,4.072536945E0,7.767089367E0,9.132504401E0
2.279085998E1,-2.547430515E0,4.072536945E0,7.767089367E0,9.132504401E0
2.279285998E1,-2.547430515E0,4.072536945E0,7.767089367E0,9.132504401E0
2.279485994E1,-2.547430515E0,4.072536945E0,7.767089367E0,9.132504401E0
2.279685994E1,-2.547430515E0,4.072536945E0,7.767089367E0,9.132504401E0
2.279885994E1,-2.547430515E0,4.072536945E0,7.767089367E0,9.132504401E0
2.280085994E1,-2.547430515E0,4.072536945E0,7.767089367E0,9.132504401E0
2.280285991E1,-2.547430515E0,4.072536945E0,7.767089367E0,9.132504401E0
2.280485987E1,-2.547430515E0,4.072536945E0,7.767089367E0,9.132504401E0
2.280685941E1,-2.547430515E0,4.072536945E0,7.767089367E0,9.132504401E0
2.280885937E1,-1.917755604E0,4.103661537E0,6.165368557E0,7.650463647E0
2.281086021E1,-1.917755604E0,4.103661537E0,6.165368557E0,7.650463647E0
2.281286104E1,-1.917755604E0,4.103661537E0,6.165368557E0,7.650463647E0
2.281486100E1,-1.917755604E0,4.103661537E0,6.165368557E0,7.650463647E0
2.281686097E1,-1.917755604E0,4.103661537E0,6.165368557E0,7.650463647E0
2.281886097E1,-1.917755604E0,4.103661537E0,6.165368557E0,7.650463647E0
2.282086100E1,-1.917755604E0,4.103661537E0,6.165368557E0,7.650463647E0
2.282286104E1,-1.917755604E0,4.103661537E0,6.165368557E0,7.650463647E0
2.282486107E1,-1.917755604E0,4.103661537E0,6.165368557E0,7.650463647E0
2.282686110E1,-1.917755604E0,4.103661537E0,6.165368557E0,7.650463647E0
2.282886114E1,-6.081272364E-1,4.793191910E0,6.083965778E0,7.769114944E0
2.283086064E1,-6.081272364E-1,4.793191910E0,6.083965778E0,7.769114944E0
2.283286067E1,-6.081272364E-1,4.793191910E0,6.083965778E0,7.769114944E0
2.283486067E1,-6.081272364E-1,4.793191910E0,6.083965778E0,7.769114944E0
2.283686064E1,-6.081272364E-1,4.793191910E0,6.083965778E0,7.769114944E0
2.283886060E1,-6.081272364E-1,4.793191910E0,6.083965778E0,7.769114944E0
2.284086097E1,-6.081272364E-1,4.793191910E0,6.083965778E0,7.769114944E0
2.284286093E1,-6.081272364E-1,4.793191910E0,6.083965778E0,7.769114944E0
2.284486090E1,-6.081272364E-1,4.793191910E0,6.083965778E0,7.769114944E0
2.284686086E1,-6.081272364E-1,4.793191910E0,6.083965778E0,7.769114944E0
2.284886087E1,2.729389966E-1,6.119878769E0,7.245153427E0,9.487869098E0
2.285086086E1,2.729389966E-1,6.119878769E0,7.245153427E0,9.487869098E0
2.285286090E1,2.729389966E-1,6.119878769E0,7.245153427E0,9.487869098E0
2.285486093E1,2.729389966E-1,6.119878769E0,7.245153427E0,9.487869098E0
2.285686096E1,2.729389966E-1,6.119878769E0,7.245153427E0,9.487869098E0
2.285886100E1,2.729389966E-1,6.119878769E0,7.245153427E0,9.487869098E0
2.286086103E1,2.729389966E-1,6.119878769E0,7.245153427E0,9.487869098E0
2.286286106E1,2.729389966E-1,6.119878769E0,7.245153427E0,9.487869098E0
2.286486110E1,2.729389966E-1,6.119878769E0,7.245153427E0,9.487869098E0
2.286686156E1,2.729389966E-1,6.119878769E0,7.245153427E0,9.487869098E0
2.286886156E1,2.944868207E-1,4.319139957E0,9.138967514E0,1.011248830E1
2.287086070E1,2.944868207E-1,4.319139957E0,9.138967514E0,1.011248830E1
2.287286070E1,2.944868207E-1,4.319139957E0,9.138967514E0,1.011248830E1
2.287486070E1,2.944868207E-1,4.319139957E0,9.138967514E0,1.011248830E1
2.287686070E1,2.944868207E-1,4.319139957E0,9.138967514E0,1.011248830E1
2.287886070E1,2.944868207E-1,4.319139957E0,9.138967514E0,1.011248830E1
2.288086026E1,2.944868207E-1,4.319139957E0,9.138967514E0,1.011248830E1
2.288286023E1,2.944868207E-1,4.319139957E0,9.138967514E0,1.011248830E1
2.288486019E1,2.944868207E-1,4.319139957E0,9.138967514E0,1.011248830E1
2.288686016E1,2.944868207E-1,4.319139957E0,9.138967514E0,1.011248830E1
2.288886012E1,-9.097966552E-1,3.643975019E0,1.008946514E1,1.076585300E1
2.289086063E1,-9.097966552E-1,3.643975019E0,1.008946514E1,1.076585300E1
2.289286059E1,-9.097966552E-1,3.643975019E0,1.008946514E1,1.076585300E1
2.289486056E1,-9.097966552E-1,3.643975019E0,1.008946514E1,1.076585300E1
2.289686056E1,-9.097966552E-1,3.643975019E0,1.008946514E1,1.076585300E1
2.289886059E1,-9.097966552E-1,3.643975019E0,1.008946514E1,1.076585300E1
2.290086062E1,-9.097966552E-1,3.643975019E0,1.008946514E1,1.076585300E1
2.290286066E1,-9.097966552E-1,3.643975019E0,1.008946514E1,1.076585300E1
2.290486069E1,-9.097966552E-1,3.643975019E0,1.008946514E1,1.076585300E1
2.290686072E1,-9.097966552E-1,3.643975019E0,1.008946514E1,1.076585300E1
2.290886036E1,-1.221042871E0,3.502717018E0,9.828496933E0,1.050520462E1
2.291085952E1,-1.221042871E0,3.502717018E0,9.828496933E0,1.050520462E1
2.291285959E1,-1.221042871E0,3.502717018E0,9.828496933E0,1.050520462E1
2.291485955E1,-1.221042871E0,3.502717018E0,9.828496933E0,1.050520462E1
2.291685952E1,-1.221042871E0,3.502717018E0,9.828496933E0,1.050520462E1
2.291885949E1,-1.221042871E0,3.502717018E0,9.828496933E0,1.050520462E1
2.292085945E1,-1.221042871E0,3.502717018E0,9.828496933E0,1.050520462E1
2.292285942E1,-1.221042871E0,3.502717018E0,9.828496933E0,1.050520462E1
2.292485938E1,-1.221042871E0,3.502717018E0,9.828496933E0,1.050520462E1
2.292685935E1,-1.221042871E0,3.502717018E0,9.828496933E0,1.050520462E1
2.292885935E1,-7.206547260E-1,3.292027235E0,8.734347343E0,9.361923417E0
2.293086025E1,-7.206547260E-1,3.292027235E0,8.734347343E0,9.361923417E0
2.293286028E1,-7.206547260E-1,3.292027235E0,8.734347343E0,9.361923417E0
2.293486032E1,-7.206547260E-1,3.292027235E0,8.734347343E0,9.361923417E0
2.293686035E1,-7.206547260E-1,3.292027235E0,8.734347343E0,9.361923417E0
2.293886038E1,-7.206547260E-1,3.292027235E0,8.734347343E0,9.361923417E0
2.294086081E1,-7.206547260E-1,3.292027235E0,8.734347343E0,9.361923417E0
2.294286085E1,-7.206547260E-1,3.292027235E0,8.734347343E0,9.361923417E0
2.294486088E1,-7.206547260E-1,3.292027235E0,8.734347343E0,9.361923417E0
2.294686088E1,-7.206547260E-1,3.292027235E0,8.734347343E0,9.361923417E0
2.294886088E1,-9.672574997E-1,3.617638826E0,7.309797287E0,8.213162249E0
2.295086001E1,-9.672574997E-1,3.617638826E0,7.309797287E0,8.213162249E0
2.295285911E1,-9.672574997E-1,3.617638826E0,7.309797287E0,8.213162249E0
2.295485911E1,-9.672574997E-1,3.617638826E0,7.309797287E0,8.213162249E0
2.295685911E1,-9.672574997E-1,3.617638826E0,7.309797287E0,8.213162249E0
2.295885908E1,-9.672574997E-1,3.617638826E0,7.309797287E0,8.213162249E0
2.296085905E1,-9.672574997E-1,3.617638826E0,7.309797287E0,8.213162249E0
2.296285901E1,-9.672574997E-1,3.617638826E0,7.309797287E0,8.213162249E0
2.296485898E1,-9.672574997E-1,3.617638826E0,7.309797287E0,8.213162249E0
2.296685894E1,-9.672574997E-1,3.617638826E0,7.309797287E0,8.213162249E0
2.296885931E1,-1.498770237E0,3.538630009E0,6.950666904E0,7.942290915E0
2.297086014E1,-1.498770237E0,3.538630009E0,6.950666904E0,7.942290915E0
2.297286004E1,-1.498770237E0,3.538630009E0,6.950666904E0,7.942290915E0
2.297486004E1,-1.498770237E0,3.538630009E0,6.950666904E0,7.942290915E0
2.297686008E1,-1.498770237E0,3.538630009E0,6.950666904E0,7.942290915E0
2.297886011E1,-1.498770237E0,3.538630009E0,6.950666904E0,7.942290915E0
2.298086014E1,-1.498770237E0,3.538630009E0,6.950666904E0,7.942290915E0
2.298286017E1,-1.498770237E0,3.538630009E0,6.950666904E0,7.942290915E0
2.298486021E1,-1.498770237E0,3.538630009E0,6.950666904E0,7.942290915E0
2.298686024E1,-1.498770237E0,3.538630009E0,6.950666904E0,7.942290915E0
2.298886027E1,-1.144428372E0,3.177105665E0,9.103054047E0,9.709238368E0
2.299086027E1,-1.144428372E0,3.177105665E0,9.103054047E0,9.709238368E0
2.299286024E1,-1.144428372E0,3.177105665E0,9.103054047E0,9.709238368E0
2.299486021E1,-1.144428372E0,3.177105665E0,9.103054047E0,9.709238368E0
2.299686017E1,-1.144428372E0,3.177105665E0,9.103054047E0,9.709238368E0
2.299886014E1,-1.144428372E0,3.177105665E0,9.103054047E0,9.709238368E0
2.300086010E1,-1.144428372E0,3.177105665E0,9.103054047E0,9.709238368E0
2.300286007E1,-1.144428372E0,3.177105665E0,9.103054047E0,9.709238368E0
2.300486004E1,-1.144428372E0,3.177105665E0,9.103054047E0,9.709238368E0
2.300686004E1,-1.144428372E0,3.177105665E0,9.103054047E0,9.709238368E0
2.300886007E1,-8.786720037E-1,3.186682463E0,1.238071632E1,1.281441166E1
2.301086097E1,-8.786720037E-1,3.186682463E0,1.238071632E1,1.281441166E1
2.301286213E1,-8.786720037E-1,3.186682463E0,1.238071632E1,1.281441166E1
2.301486217E1,-8.786720037E-1,3.186682463E0,1.238071632E1,1.281441166E1
2.301686220E1,-8.786720037E-1,3.186682463E0,1.238071632E1,1.281441166E1
2.301886187E1,-8.786720037E-1,3.186682463E0,1.238071632E1,1.281441166E1
2.302086190E1,-8.786720037E-1,3.186682463E0,1.238071632E1,1.281441166E1
2.302286193E1,-8.786720037E-1,3.186682463E0,1.238071632E1,1.281441166E1
2.302486193E1,-8.786720037E-1,3.186682463E0,1.238071632E1,1.281441166E1
2.302686193E1,-8.786720037E-1,3.186682463E0,1.238071632E1,1.281441166E1
2.302886193E1,4.309562966E-2,2.614468336E0,1.434156704E1,1.457799187E1
2.303086136E1,4.309562966E-2,2.614468336E0,1.434156704E1,1.457799187E1
2.303286096E1,4.309562966E-2,2.614468336E0,1.434156704E1,1.457799187E1
2.303486096E1,4.309562966E-2,2.614468336E0,1.434156704E1,1.457799187E1
2.303686093E1,4.309562966E-2,2.614468336E0,1.434156704E1,1.457799187E1
2.303886090E1,4.309562966E-2,2.614468336E0,1.434156704E1,1.457799187E1
2.304086086E1,4.309562966E-2,2.614468336E0,1.434156704E1,1.457799187E1
2.304286083E1,4.309562966E-2,2.614468336E0,1.434156704E1,1.457799187E1
2.304486080E1,4.309562966E-2,2.614468336E0,1.434156704E1,1.457799187E1
2.304686076E1,8.140286058E-2,1.656787634E0,1.449000835E1,1.458464651E1
2.304886079E1,8.140286058E-2,1.656787634E0,1.449000835E1,1.458464651E1
2.305086076E1,8.140286058E-2,1.656787634E0,1.449000835E1,1.458464651E1
2.305286076E1,8.140286058E-2,1.656787634E0,1.449000835E1,1.458464651E1
2.305486079E1,8.140286058E-2,1.656787634E0,1.449000835E1,1.458464651E1
2.305686083E1,8.140286058E-2,1.656787634E0,1.449000835E1,1.458464651E1
2.305886086E1,8.140286058E-2,1.656787634E0,1.449000835E1,1.458464651E1
2.306086089E1,8.140286058E-2,1.656787634E0,1.449000835E1,1.458464651E1
2.306286093E1,8.140286058E-2,1.656787634E0,1.449000835E1,1.458464651E1
2.306486096E1,8.140286058E-2,1.656787634E0,1.449000835E1,1.458464651E1
2.306686196E1,-2.059013397E-1,1.589749932E0,1.239268684E1,1.249593484E1
2.306886196E1,-2.059013397E-1,1.589749932E0,1.239268684E1,1.249593484E1
2.307086106E1,-2.059013397E-1,1.589749932E0,1.239268684E1,1.249593484E1
2.307286042E1,-2.059013397E-1,1.589749932E0,1.239268684E1,1.249593484E1
2.307486039E1,-2.059013397E-1,1.589749932E0,1.239268684E1,1.249593484E1
2.307686036E1,-2.059013397E-1,1.589749932E0,1.239268684E1,1.249593484E1
2.307886069E1,-2.059013397E-1,1.589749932E0,1.239268684E1,1.249593484E1
2.308086066E1,-2.059013397E-1,1.589749932E0,1.239268684E1,1.249593484E1
2.308286062E1,-2.059013397E-1,1.589749932E0,1.239268684E1,1.249593484E1
2.308486062E1,-2.059013397E-1,1.589749932E0,1.239268684E1,1.249593484E1
2.308686065E1,-1.424550056E0,2.114080191E0,9.253889084E0,9.598600997E0
2.308886069E1,-1.424550056E0,2.114080191E0,9.253889084E0,9.598600997E0
2.309086129E1,-1.424550056E0,2.114080191E0,9.253889084E0,9.598600997E0
2.309286172E1,-1.424550056E0,2.114080191E0,9.253889084E0,9.598600997E0
2.309486175E1,-1.424550056E0,2.114080191E0,9.253889084E0,9.598600997E0
2.309686179E1,-1.424550056E0,2.114080191E0,9.253889084E0,9.598600997E0
2.309886182E1,-1.424550056E0,2.114080191E0,9.253889084E0,9.598600997E0
2.310086185E1,-1.424550056E0,2.114080191E0,9.253889084E0,9.598600997E0
2.310286185E1,-1.424550056E0,2.114080191E0,9.253889084E0,9.598600997E0
2.310486185E1,-1.424550056E0,2.114080191E0,9.253889084E0,9.598600997E0
2.310686185E1,-1.920149803E0,2.408566952E0,7.190086842E0,7.822117285E0
2.310886179E1,-1.920149803E0,2.408566952E0,7.190086842E0,7.822117285E0
2.311086092E1,-1.920149803E0,2.408566952E0,7.190086842E0,7.822117285E0
2.311286092E1,-1.920149803E0,2.408566952E0,7.190086842E0,7.822117285E0
2.311486088E1,-1.920149803E0,2.408566952E0,7.190086842E0,7.822117285E0
2.311686085E1,-1.920149803E0,2.408566952E0,7.190086842E0,7.822117285E0
2.311886082E1,-1.920149803E0,2.408566952E0,7.190086842E0,7.822117285E0
2.312086078E1,-1.920149803E0,2.408566952E0,7.190086842E0,7.822117285E0
2.312286075E1,-1.920149803E0,2.408566952E0,7.190086842E0,7.822117285E0
2.312486071E1,-1.920149803E0,2.408566952E0,7.190086842E0,7.822117285E0
2.312685971E1,-2.035071373E0,3.004723072E0,6.550835133E0,7.488879567E0
2.312885968E1,-2.035071373E0,3.004723072E0,6.550835133E0,7.488879567E0
2.313086055E1,-2.035071373E0,3.004723072E0,6.550835133E0,7.488879567E0
2.313286095E1,-2.035071373E0,3.004723072E0,6.550835133E0,7.488879567E0
2.313486098E1,-2.035071373E0,3.004723072E0,6.550835133E0,7.488879567E0
2.313686101E1,-2.035071373E0,3.004723072E0,6.550835133E0,7.488879567E0
2.313886105E1,-2.035071373E0,3.004723072E0,6.550835133E0,7.488879567E0
2.314086108E1,-2.035071373E0,3.004723072E0,6.550835133E0,7.488879567E0
2.314286111E1,-2.035071373E0,3.004723072E0,6.550835133E0,7.488879567E0
2.314486114E1,-2.035071373E0,3.004723072E0,6.550835133E0,7.488879567E0
2.314686114E1,-1.127668977E0,3.809175014E0,7.240365028E0,8.258591730E0
2.314886111E1,-1.127668977E0,3.809175014E0,7.240365028E0,8.258591730E0
2.315086021E1,-1.127668977E0,3.809175014E0,7.240365028E0,8.258591730E0
2.315285928E1,-1.127668977E0,3.809175014E0,7.240365028E0,8.258591730E0
2.315485924E1,-1.127668977E0,3.809175014E0,7.240365028E0,8.258591730E0
2.315685921E1,-1.127668977E0,3.809175014E0,7.240365028E0,8.258591730E0
2.315885917E1,-1.127668977E0,3.809175014E0,7.240365028E0,8.258591730E0
2.316085914E1,-1.127668977E0,3.809175014E0,7.240365028E0,8.258591730E0
2.316285914E1,-1.127668977E0,3.809175014E0,7.240365028E0,8.258591730E0
2.316485961E1,-1.127668977E0,3.809175014E0,7.240365028E0,8.258591730E0
2.316685964E1,-6.607996821E-1,4.129997730E0,8.801384926E0,9.744635144E0
2.316885967E1,-6.607996821E-1,4.129997730E0,8.801384926E0,9.744635144E0
2.317086057E1,-6.607996821E-1,4.129997730E0,8.801384926E0,9.744635144E0
2.317286060E1,-6.607996821E-1,4.129997730E0,8.801384926E0,9.744635144E0
2.317486064E1,-6.607996821E-1,4.129997730E0,8.801384926E0,9.744635144E0
2.317686170E1,-6.607996821E-1,4.129997730E0,8.801384926E0,9.744635144E0
2.317886174E1,-6.607996821E-1,4.129997730E0,8.801384926E0,9.744635144E0
2.318086174E1,-6.607996821E-1,4.129997730E0,8.801384926E0,9.744635144E0
2.318286174E1,-6.607996821E-1,4.129997730E0,8.801384926E0,9.744635144E0
2.318486174E1,-6.607996821E-1,4.129997730E0,8.801384926E0,9.744635144E0
2.318686174E1,-8.475474119E-1,3.916913986E0,1.031930828E1,1.107017051E1
2.318886174E1,-8.475474119E-1,3.916913986E0,1.031930828E1,1.107017051E1
2.319086174E1,-8.475474119E-1,3.916913986E0,1.031930828E1,1.107017051E1
2.319286170E1,-8.475474119E-1,3.916913986E0,1.031930828E1,1.107017051E1
2.319486167E1,-8.475474119E-1,3.916913986E0,1.031930828E1,1.107017051E1
2.319686164E1,-8.475474119E-1,3.916913986E0,1.031930828E1,1.107017051E1
2.319886160E1,-8.475474119E-1,3.916913986E0,1.031930828E1,1.107017051E1
2.320086157E1,-8.475474119E-1,3.916913986E0,1.031930828E1,1.107017051E1
2.320286153E1,-8.475474119E-1,3.916913986E0,1.031930828E1,1.107017051E1
2.320486150E1,-8.475474119E-1,3.916913986E0,1.031930828E1,1.107017051E1
2.320686147E1,3.543418646E-1,2.624045134E0,1.129374886E1,1.159999717E1
2.320886147E1,3.543418646E-1,2.624045134E0,1.129374886E1,1.159999717E1
2.321086236E1,3.543418646E-1,2.624045134E0,1.129374886E1,1.159999717E1
2.321286330E1,3.543418646E-1,2.624045134E0,1.129374886E1,1.159999717E1
2.321486333E1,3.543418646E-1,2.624045134E0,1.129374886E1,1.159999717E1
2.321686336E1,3.543418646E-1,2.624045134E0,1.129374886E1,1.159999717E1
2.321886340E1,3.543418646E-1,2.624045134E0,1.129374886E1,1.159999717E1
2.322086343E1,3.543418646E-1,2.624045134E0,1.129374886E1,1.159999717E1
2.322286346E1,3.543418646E-1,2.624045134E0,1.129374886E1,1.159999717E1
2.322486303E1,3.543418646E-1,2.624045134E0,1.129374886E1,1.159999717E1
2.322686300E1,-1.697489023E0,3.440467834E0,1.086279202E1,1.152035322E1
2.322886296E1,-1.697489023E0,3.440467834E0,1.086279202E1,1.152035322E1
2.323086203E1,-1.697489023E0,3.440467834E0,1.086279202E1,1.152035322E1
2.323286199E1,-1.697489023E0,3.440467834E0,1.086279202E1,1.152035322E1
2.323486196E1,-1.697489023E0,3.440467834E0,1.086279202E1,1.152035322E1
2.323686089E1,-1.697489023E0,3.440467834E0,1.086279202E1,1.152035322E1
2.323886086E1,-1.697489023E0,3.440467834E0,1.086279202E1,1.152035322E1
2.324086086E1,-1.697489023E0,3.440467834E0,1.086279202E1,1.152035322E1
2.324286089E1,-1.697489023E0,3.440467834E0,1.086279202E1,1.152035322E1
2.324486092E1,-1.697489023E0,3.440467834E0,1.086279202E1,1.152035322E1
2.324686096E1,-2.231395960E0,4.252102375E0,8.650549889E0,9.894014146E0
2.324886099E1,-2.231395960E0,4.252102375E0,8.650549889E0,9.894014146E0
2.325086102E1,-2.231395960E0,4.252102375E0,8.650549889E0,9.894014146E0
2.325286106E1,-2.231395960E0,4.252102375E0,8.650549889E0,9.894014146E0
2.325486109E1,-2.231395960E0,4.252102375E0,8.650549889E0,9.894014146E0
2.325686112E1,-2.231395960E0,4.252102375E0,8.650549889E0,9.894014146E0
2.325886112E1,-2.231395960E0,4.252102375E0,8.650549889E0,9.894014146E0
2.326086112E1,-2.231395960E0,4.252102375E0,8.650549889E0,9.894014146E0
2.326286112E1,-2.231395960E0,4.252102375E0,8.650549889E0,9.894014146E0
2.326486112E1,-2.231395960E0,4.252102375E0,8.650549889E0,9.894014146E0
2.326686112E1,-2.214636564E0,3.950432777E0,7.570765018E0,8.821962208E0
2.326886112E1,-2.214636564E0,3.950432777E0,7.570765018E0,8.821962208E0
2.327086022E1,-2.214636564E0,3.950432777E0,7.570765018E0,8.821962208E0
2.327286016E1,-2.214636564E0,3.950432777E0,7.570765018E0,8.821962208E0
2.327486012E1,-2.214636564E0,3.950432777E0,7.570765018E0,8.821962208E0
2.327686009E1,-2.214636564E0,3.950432777E0,7.570765018E0,8.821962208E0
2.327886005E1,-2.214636564E0,3.950432777E0,7.570765018E0,8.821962208E0
2.328086002E1,-2.214636564E0,3.950432777E0,7.570765018E0,8.821962208E0
2.328285909E1,-2.214636564E0,3.950432777E0,7.570765018E0,8.821962208E0
2.328485905E1,-2.214636564E0,3.950432777E0,7.570765018E0,8.821962208E0
2.328685905E1,-1.977610588E0,4.249708176E0,7.410353661E0,8.768369551E0
2.328885908E1,-1.977610588E0,4.249708176E0,7.410353661E0,8.768369551E0
2.329086062E1,-1.977610588E0,4.249708176E0,7.410353661E0,8.768369551E0
2.329286065E1,-1.977610588E0,4.249708176E0,7.410353661E0,8.768369551E0
2.329486068E1,-1.977610588E0,4.249708176E0,7.410353661E0,8.768369551E0
2.329686072E1,-1.977610588E0,4.249708176E0,7.410353661E0,8.768369551E0
2.329886075E1,-1.977610588E0,4.249708176E0,7.410353661E0,8.768369551E0
2.330086078E1,-1.977610588E0,4.249708176E0,7.410353661E0,8.768369551E0
2.330286078E1,-1.977610588E0,4.249708176E0,7.410353661E0,8.768369551E0
2.330486075E1,-1.977610588E0,4.249708176E0,7.410353661E0,8.768369551E0
2.330686071E1,-1.383848548E0,5.025728703E0,8.008903503E0,9.555915504E0
2.330886068E1,-1.383848548E0,5.025728703E0,8.008903503E0,9.555915504E0
2.331085978E1,-1.383848548E0,5.025728703E0,8.008903503E0,9.555915504E0
2.331285975E1,-1.383848548E0,5.025728703E0,8.008903503E0,9.555915504E0
2.331485971E1,-1.383848548E0,5.025728703E0,8.008903503E0,9.555915504E0
2.331685968E1,-1.383848548E0,5.025728703E0,8.008903503E0,9.555915504E0
2.331885968E1,-1.383848548E0,5.025728703E0,8.008903503E0,9.555915504E0
2.332085968E1,-1.383848548E0,5.025728703E0,8.008903503E0,9.555915504E0
2.332285968E1,-1.383848548E0,5.025728703E0,8.008903503E0,9.555915504E0
2.332485968E1,-1.098938584E0,5.171774864E0,8.557176590E0,1.005883654E1
2.332685968E1,-1.098938584E0,5.171774864E0,8.557176590E0,1.005883654E1
2.332885968E1,-1.098938584E0,5.171774864E0,8.557176590E0,1.005883654E1
2.333086054E1,-1.098938584E0,5.171774864E0,8.557176590E0,1.005883654E1
2.333286058E1,-1.098938584E0,5.171774864E0,8.557176590E0,1.005883654E1
2.333486058E1,-1.098938584E0,5.171774864E0,8.557176590E0,1.005883654E1
2.333686061E1,-1.098938584E0,5.171774864E0,8.557176590E0,1.005883654E1
2.333886064E1,-1.098938584E0,5.171774864E0,8.557176590E0,1.005883654E1
2.334086068E1,-1.098938584E0,5.171774864E0,8.557176590E0,1.005883654E1
2.334286161E1,-1.098938584E0,5.171774864E0,8.557176590E0,1.005883654E1
2.334486164E1,-1.477222443E0,5.004180908E0,8.451830864E0,9.932646055E0
2.334686168E1,-1.477222443E0,5.004180908E0,8.451830864E0,9.932646055E0
2.334886168E1,-1.477222443E0,5.004180908E0,8.451830864E0,9.932646055E0
2.335086021E1,-1.477222443E0,5.004180908E0,8.451830864E0,9.932646055E0
2.335285927E1,-1.477222443E0,5.004180908E0,8.451830864E0,9.932646055E0
2.335485924E1,-1.477222443E0,5.004180908E0,8.451830864E0,9.932646055E0
2.335685921E1,-1.477222443E0,5.004180908E0,8.451830864E0,9.932646055E0
2.335885917E1,-1.477222443E0,5.004180908E0,8.451830864E0,9.932646055E0
2.336085914E1,-1.477222443E0,5.004180908E0,8.451830864E0,9.932646055E0
2.336285910E1,-1.477222443E0,5.004180908E0,8.451830864E0,9.932646055E0
2.336485910E1,-1.929726601E0,5.047276497E0,7.817368031E0,9.503161985E0
2.336685820E1,-1.929726601E0,5.047276497E0,7.817368031E0,9.503161985E0
2.336885824E1,-1.929726601E0,5.047276497E0,7.817368031E0,9.503161985E0
2.337085914E1,-1.929726601E0,5.047276497E0,7.817368031E0,9.503161985E0
2.337285917E1,-1.929726601E0,5.047276497E0,7.817368031E0,9.503161985E0
2.337485920E1,-1.929726601E0,5.047276497E0,7.817368031E0,9.503161985E0
2.337685924E1,-1.929726601E0,5.047276497E0,7.817368031E0,9.503161985E0
2.337885927E1,-1.929726601E0,5.047276497E0,7.817368031E0,9.503161985E0
2.338085930E1,-1.929726601E0,5.047276497E0,7.817368031E0,9.503161985E0
2.338285930E1,-1.929726601E0,5.047276497E0,7.817368031E0,9.503161985E0
2.338485930E1,-1.869871497E0,5.222053051E0,7.230788231E0,9.113207774E0
2.338685930E1,-1.869871497E0,5.222053051E0,7.230788231E0,9.113207774E0
2.338885930E1,-1.869871497E0,5.222053051E0,7.230788231E0,9.113207774E0
2.339085930E1,-1.869871497E0,5.222053051E0,7.230788231E0,9.113207774E0
2.339285930E1,-1.869871497E0,5.222053051E0,7.230788231E0,9.113207774E0
2.339485930E1,-1.869871497E0,5.222053051E0,7.230788231E0,9.113207774E0
2.339685927E1,-1.869871497E0,5.222053051E0,7.230788231E0,9.113207774E0
2.339885923E1,-1.869871497E0,5.222053051E0,7.230788231E0,9.113207774E0
2.340085920E1,-1.869871497E0,5.222053051E0,7.230788231E0,9.113207774E0
2.340285917E1,-1.869871497E0,5.222053051E0,7.230788231E0,9.113207774E0
2.340485913E1,-1.733402014E0,5.633855820E0,6.902782917E0,9.077082457E0
2.340685877E1,-1.733402014E0,5.633855820E0,6.902782917E0,9.077082457E0
2.340885873E1,-1.733402014E0,5.633855820E0,6.902782917E0,9.077082457E0
2.341085956E1,-1.733402014E0,5.633855820E0,6.902782917E0,9.077082457E0
2.341286046E1,-1.733402014E0,5.633855820E0,6.902782917E0,9.077082457E0
2.341486050E1,-1.733402014E0,5.633855820E0,6.902782917E0,9.077082457E0
2.341686053E1,-1.733402014E0,5.633855820E0,6.902782917E0,9.077082457E0
2.341886056E1,-1.733402014E0,5.633855820E0,6.902782917E0,9.077082457E0
2.342086060E1,-1.733402014E0,5.633855820E0,6.902782917E0,9.077082457E0
2.342286063E1,-1.733402014E0,5.633855820E0,6.902782917E0,9.077082457E0
2.342486066E1,-1.745373011E0,5.820603371E0,6.955455303E0,9.236022359E0
2.342686160E1,-1.745373011E0,5.820603371E0,6.955455303E0,9.236022359E0
2.342886160E1,-1.745373011E0,5.820603371E0,6.955455303E0,9.236022359E0
2.343086100E1,-1.745373011E0,5.820603371E0,6.955455303E0,9.236022359E0
2.343286096E1,-1.745373011E0,5.820603371E0,6.955455303E0,9.236022359E0
2.343486093E1,-1.745373011E0,5.820603371E0,6.955455303E0,9.236022359E0
2.343686089E1,-1.745373011E0,5.820603371E0,6.955455303E0,9.236022359E0
2.343886086E1,-1.745373011E0,5.820603371E0,6.955455303E0,9.236022359E0
2.344086082E1,-1.745373011E0,5.820603371E0,6.955455303E0,9.236022359E0
2.344286082E1,-1.745373011E0,5.820603371E0,6.955455303E0,9.236022359E0
2.344486083E1,-1.467645645E0,5.988197803E0,7.273883820E0,9.535296665E0
2.344686046E1,-1.467645645E0,5.988197803E0,7.273883820E0,9.535296665E0
2.344886049E1,-1.467645645E0,5.988197803E0,7.273883820E0,9.535296665E0
2.345085962E1,-1.467645645E0,5.988197803E0,7.273883820E0,9.535296665E0
2.345285966E1,-1.467645645E0,5.988197803E0,7.273883820E0,9.535296665E0
2.345485969E1,-1.467645645E0,5.988197803E0,7.273883820E0,9.535296665E0
2.345685972E1,-1.467645645E0,5.988197803E0,7.273883820E0,9.535296665E0
2.345885976E1,-1.467645645E0,5.988197803E0,7.273883820E0,9.535296665E0
2.346085976E1,-1.467645645E0,5.988197803E0,7.273883820E0,9.535296665E0
2.346285976E1,-1.467645645E0,5.988197803E0,7.273883820E0,9.535296665E0
2.346485976E1,-1.666364431E0,6.040870190E0,7.587524414E0,9.840701692E0
2.346686009E1,-1.666364431E0,6.040870190E0,7.587524414E0,9.840701692E0
2.346886009E1,-1.666364431E0,6.040870190E0,7.587524414E0,9.840701692E0
2.347085922E1,-1.666364431E0,6.040870190E0,7.587524414E0,9.840701692E0
2.347285906E1,-1.666364431E0,6.040870190E0,7.587524414E0,9.840701692E0
2.347485902E1,-1.666364431E0,6.040870190E0,7.587524414E0,9.840701692E0
2.347685899E1,-1.666364431E0,6.040870190E0,7.587524414E0,9.840701692E0
2.347885895E1,-1.666364431E0,6.040870190E0,7.587524414E0,9.840701692E0
2.348085892E1,-1.666364431E0,6.040870190E0,7.587524414E0,9.840701692E0
2.348285889E1,-1.666364431E0,6.040870190E0,7.587524414E0,9.840701692E0
2.348485885E1,-2.300827742E0,5.842151642E0,7.276278019E0,9.610867074E0
2.348685882E1,-2.300827742E0,5.842151642E0,7.276278019E0,9.610867074E0
2.348885878E1,-2.300827742E0,5.842151642E0,7.276278019E0,9.610867074E0
2.349085935E1,-2.300827742E0,5.842151642E0,7.276278019E0,9.610867074E0
2.349285938E1,-2.300827742E0,5.842151642E0,7.276278019E0,9.610867074E0
2.349485942E1,-2.300827742E0,5.842151642E0,7.276278019E0,9.610867074E0
2.349685945E1,-2.300827742E0,5.842151642E0,7.276278019E0,9.610867074E0
2.349885948E1,-2.300827742E0,5.842151642E0,7.276278019E0,9.610867074E0
2.350085918E1,-2.300827742E0,5.842151642E0,7.276278019E0,9.610867074E0
2.350285921E1,-2.300827742E0,5.842151642E0,7.276278019E0,9.610867074E0
2.350485925E1,-2.418143749E0,6.026504993E0,6.960243702E0,9.518990178E0
2.350685965E1,-2.418143749E0,6.026504993E0,6.960243702E0,9.518990178E0
2.350885961E1,-2.418143749E0,6.026504993E0,6.960243702E0,9.518990178E0
2.351085961E1,-2.418143749E0,6.026504993E0,6.960243702E0,9.518990178E0
2.351285958E1,-2.418143749E0,6.026504993E0,6.960243702E0,9.518990178E0
2.351485991E1,-2.418143749E0,6.026504993E0,6.960243702E0,9.518990178E0
2.351685988E1,-2.418143749E0,6.026504993E0,6.960243702E0,9.518990178E0
2.351885984E1,-2.418143749E0,6.026504993E0,6.960243702E0,9.518990178E0
2.352085984E1,-2.418143749E0,6.026504993E0,6.960243702E0,9.518990178E0
2.352285984E1,-2.418143749E0,6.026504993E0,6.960243702E0,9.518990178E0
2.352485988E1,-2.566584110E0,6.167762756E0,6.888417721E0,9.595777723E0
2.352685991E1,-2.566584110E0,6.167762756E0,6.888417721E0,9.595777723E0
2.352885994E1,-2.566584110E0,6.167762756E0,6.888417721E0,9.595777723E0
2.353086084E1,-2.566584110E0,6.167762756E0,6.888417721E0,9.595777723E0
2.353286104E1,-2.566584110E0,6.167762756E0,6.888417721E0,9.595777723E0
2.353486108E1,-2.566584110E0,6.167762756E0,6.888417721E0,9.595777723E0
2.353686111E1,-2.566584110E0,6.167762756E0,6.888417721E0,9.595777723E0
2.353886144E1,-2.566584110E0,6.167762756E0,6.888417721E0,9.595777723E0
2.354086144E1,-2.566584110E0,6.167762756E0,6.888417721E0,9.595777723E0
2.354286144E1,-2.566584110E0,6.167762756E0,6.888417721E0,9.595777723E0
2.354486144E1,-3.004723072E0,6.203675747E0,6.737582684E0,9.638930124E0
2.354686144E1,-3.004723072E0,6.203675747E0,6.737582684E0,9.638930124E0
2.354886144E1,-3.004723072E0,6.203675747E0,6.737582684E0,9.638930124E0
2.355086058E1,-3.004723072E0,6.203675747E0,6.737582684E0,9.638930124E0
2.355285964E1,-3.004723072E0,6.203675747E0,6.737582684E0,9.638930124E0
2.355485961E1,-3.004723072E0,6.203675747E0,6.737582684E0,9.638930124E0
2.355685957E1,-3.004723072E0,6.203675747E0,6.737582684E0,9.638930124E0
2.355885954E1,-3.004723072E0,6.203675747E0,6.737582684E0,9.638930124E0
2.356085984E1,-3.004723072E0,6.203675747E0,6.737582684E0,9.638930124E0
2.356285981E1,-3.004723072E0,6.203675747E0,6.737582684E0,9.638930124E0
2.356485977E1,-3.521870613E0,6.083965778E0,6.340145588E0,9.466554721E0
2.356685974E1,-3.521870613E0,6.083965778E0,6.340145588E0,9.466554721E0
2.356885974E1,-3.521870613E0,6.083965778E0,6.340145588E0,9.466554721E0
2.357086064E1,-3.521870613E0,6.083965778E0,6.340145588E0,9.466554721E0
2.357286067E1,-3.521870613E0,6.083965778E0,6.340145588E0,9.466554721E0
2.357486034E1,-3.521870613E0,6.083965778E0,6.340145588E0,9.466554721E0
2.357686037E1,-3.521870613E0,6.083965778E0,6.340145588E0,9.466554721E0
2.357886040E1,-3.521870613E0,6.083965778E0,6.340145588E0,9.466554721E0
2.358086044E1,-3.521870613E0,6.083965778E0,6.340145588E0,9.466554721E0
2.358286047E1,-3.885789394E0,5.937919617E0,6.349722385E0,9.522458872E0
2.358486047E1,-3.885789394E0,5.937919617E0,6.349722385E0,9.522458872E0
2.358686043E1,-3.885789394E0,5.937919617E0,6.349722385E0,9.522458872E0
2.358886040E1,-3.885789394E0,5.937919617E0,6.349722385E0,9.522458872E0
2.359086037E1,-3.885789394E0,5.937919617E0,6.349722385E0,9.522458872E0
2.359286033E1,-3.885789394E0,5.937919617E0,6.349722385E0,9.522458872E0
2.359486030E1,-3.885789394E0,5.937919617E0,6.349722385E0,9.522458872E0
2.359686026E1,-3.885789394E0,5.937919617E0,6.349722385E0,9.522458872E0
2.359885993E1,-3.885789394E0,5.937919617E0,6.349722385E0,9.522458872E0
2.360085993E1,-3.885789394E0,5.937919617E0,6.349722385E0,9.522458872E0
2.360285996E1,-3.758896589E0,6.014533997E0,6.174945354E0,9.403928588E0
2.360486000E1,-3.758896589E0,6.014533997E0,6.174945354E0,9.403928588E0
2.360686003E1,-3.758896589E0,6.014533997E0,6.174945354E0,9.403928588E0
2.360886006E1,-3.758896589E0,6.014533997E0,6.174945354E0,9.403928588E0
2.361086096E1,-3.758896589E0,6.014533997E0,6.174945354E0,9.403928588E0
2.361286190E1,-3.758896589E0,6.014533997E0,6.174945354E0,9.403928588E0
2.361486193E1,-3.758896589E0,6.014533997E0,6.174945354E0,9.403928588E0
2.361686196E1,-3.758896589E0,6.014533997E0,6.174945354E0,9.403928588E0
2.361886156E1,-3.758896589E0,6.014533997E0,6.174945354E0,9.403928588E0
2.362086156E1,-3.758896589E0,6.014533997E0,6.174945354E0,9.403928588E0
2.362286156E1,-3.375824451E0,6.127061367E0,6.124667168E0,9.297774983E0
2.362486203E1,-3.375824451E0,6.127061367E0,6.124667168E0,9.297774983E0
2.362686203E1,-3.375824451E0,6.127061367E0,6.124667168E0,9.297774983E0
2.362886203E1,-3.375824451E0,6.127061367E0,6.124667168E0,9.297774983E0
2.363086113E1,-3.375824451E0,6.127061367E0,6.124667168E0,9.297774983E0
2.363286109E1,-3.375824451E0,6.127061367E0,6.124667168E0,9.297774983E0
2.363486106E1,-3.375824451E0,6.127061367E0,6.124667168E0,9.297774983E0
2.363686102E1,-3.375824451E0,6.127061367E0,6.124667168E0,9.297774983E0
2.363886099E1,-3.375824451E0,6.127061367E0,6.124667168E0,9.297774983E0
2.364086096E1,-3.375824451E0,6.127061367E0,6.124667168E0,9.297774983E0
2.364286092E1,-3.323152065E0,6.194098949E0,6.340145588E0,9.466131603E0
2.364486089E1,-3.323152065E0,6.194098949E0,6.340145588E0,9.466131603E0
2.364686089E1,-3.323152065E0,6.194098949E0,6.340145588E0,9.466131603E0
2.364886092E1,-3.323152065E0,6.194098949E0,6.340145588E0,9.466131603E0
2.365086096E1,-3.323152065E0,6.194098949E0,6.340145588E0,9.466131603E0
2.365286099E1,-3.323152065E0,6.194098949E0,6.340145588E0,9.466131603E0
2.365486102E1,-3.323152065E0,6.194098949E0,6.340145588E0,9.466131603E0
2.365686105E1,-3.323152065E0,6.194098949E0,6.340145588E0,9.466131603E0
2.365886109E1,-3.323152065E0,6.194098949E0,6.340145588E0,9.466131603E0
2.366086112E1,-3.323152065E0,6.194098949E0,6.340145588E0,9.466131603E0
2.366286112E1,-3.402160645E0,6.285078526E0,6.670545101E0,9.776148581E0
2.366486109E1,-3.402160645E0,6.285078526E0,6.670545101E0,9.776148581E0
2.366686105E1,-3.402160645E0,6.285078526E0,6.670545101E0,9.776148581E0
2.366886062E1,-3.402160645E0,6.285078526E0,6.670545101E0,9.776148581E0
2.367085972E1,-3.402160645E0,6.285078526E0,6.670545101E0,9.776148581E0
2.367285998E1,-3.402160645E0,6.285078526E0,6.670545101E0,9.776148581E0
2.367485995E1,-3.402160645E0,6.285078526E0,6.670545101E0,9.776148581E0
2.367685992E1,-3.402160645E0,6.285078526E0,6.670545101E0,9.776148581E0
2.367886032E1,-3.402160645E0,6.285078526E0,6.670545101E0,9.776148581E0
2.368086035E1,-3.402160645E0,6.285078526E0,6.670545101E0,9.776148581E0
2.368286038E1,-3.313575268E0,6.390423775E0,6.687304497E0,9.825341648E0
2.368485995E1,-3.313575268E0,6.390423775E0,6.687304497E0,9.825341648E0
2.368685998E1,-3.313575268E0,6.390423775E0,6.687304497E0,9.825341648E0
2.368885961E1,-3.313575268E0,6.390423775E0,6.687304497E0,9.825341648E0
2.369086051E1,-3.313575268E0,6.390423775E0,6.687304497E0,9.825341648E0
2.369286055E1,-3.313575268E0,6.390423775E0,6.687304497E0,9.825341648E0
2.369486058E1,-3.313575268E0,6.390423775E0,6.687304497E0,9.825341648E0
2.369686058E1,-3.313575268E0,6.390423775E0,6.687304497E0,9.825341648E0
2.369886058E1,-3.313575268E0,6.390423775E0,6.687304497E0,9.825341648E0
2.370086058E1,-3.313575268E0,6.390423775E0,6.687304497E0,9.825341648E0
2.370286058E1,-3.289633036E0,6.505345345E0,6.838139534E0,9.995066575E0
2.370486058E1,-3.289633036E0,6.505345345E0,6.838139534E0,9.995066575E0
2.370686058E1,-3.289633036E0,6.505345345E0,6.838139534E0,9.995066575E0
2.370886055E1,-3.289633036E0,6.505345345E0,6.838139534E0,9.995066575E0
2.371085965E1,-3.289633036E0,6.505345345E0,6.838139534E0,9.995066575E0
2.371286011E1,-3.289633036E0,6.505345345E0,6.838139534E0,9.995066575E0
2.371486008E1,-3.289633036E0,6.505345345E0,6.838139534E0,9.995066575E0
2.371686004E1,-3.289633036E0,6.505345345E0,6.838139534E0,9.995066575E0
2.371886001E1,-3.289633036E0,6.505345345E0,6.838139534E0,9.995066575E0
2.372085998E1,-3.289633036E0,6.505345345E0,6.838139534E0,9.995066575E0
2.372285994E1,-3.351882458E0,6.536469936E0,6.426336765E0,9.760038907E0
2.372485994E1,-3.351882458E0,6.536469936E0,6.426336765E0,9.760038907E0
2.372685998E1,-3.351882458E0,6.536469936E0,6.426336765E0,9.760038907E0
2.372886041E1,-3.351882458E0,6.536469936E0,6.426336765E0,9.760038907E0
2.373086131E1,-3.351882458E0,6.536469936E0,6.426336765E0,9.760038907E0
2.373286104E1,-3.351882458E0,6.536469936E0,6.426336765E0,9.760038907E0
2.373486107E1,-3.351882458E0,6.536469936E0,6.426336765E0,9.760038907E0
2.373686111E1,-3.351882458E0,6.536469936E0,6.426336765E0,9.760038907E0
2.373886114E1,-3.351882458E0,6.536469936E0,6.426336765E0,9.760038907E0
2.374086114E1,-3.351882458E0,6.536469936E0,6.426336765E0,9.760038907E0
2.374286111E1,-3.351882458E0,6.560411930E0,5.715258598E0,9.324071082E0
2.374486107E1,-3.351882458E0,6.560411930E0,5.715258598E0,9.324071082E0
2.374686104E1,-3.351882458E0,6.560411930E0,5.715258598E0,9.324071082E0
2.374886140E1,-3.351882458E0,6.560411930E0,5.715258598E0,9.324071082E0
2.375086050E1,-3.351882458E0,6.560411930E0,5.715258598E0,9.324071082E0
2.375285957E1,-3.351882458E0,6.560411930E0,5.715258598E0,9.324071082E0
2.375485954E1,-3.351882458E0,6.560411930E0,5.715258598E0,9.324071082E0
2.375685954E1,-3.351882458E0,6.560411930E0,5.715258598E0,9.324071082E0
2.375885957E1,-3.351882458E0,6.560411930E0,5.715258598E0,9.324071082E0
2.376085960E1,-3.351882458E0,6.560411930E0,5.715258598E0,9.324071082E0
2.376285964E1,-3.818751812E0,6.689698696E0,3.363853455E0,8.405381854E0
2.376485967E1,-3.818751812E0,6.689698696E0,3.363853455E0,8.405381854E0
2.376685970E1,-3.818751812E0,6.689698696E0,3.363853455E0,8.405381854E0
2.376885973E1,-3.818751812E0,6.689698696E0,3.363853455E0,8.405381854E0
2.377086063E1,-3.818751812E0,6.689698696E0,3.363853455E0,8.405381854E0
2.377286017E1,-3.818751812E0,6.689698696E0,3.363853455E0,8.405381854E0
2.377486017E1,-3.818751812E0,6.689698696E0,3.363853455E0,8.405381854E0
2.377686017E1,-3.818751812E0,6.689698696E0,3.363853455E0,8.405381854E0
2.377886017E1,-3.818751812E0,6.689698696E0,3.363853455E0,8.405381854E0
2.378086017E1,-3.818751812E0,6.689698696E0,3.363853455E0,8.405381854E0
2.378286017E1,-3.469198227E0,6.476614952E0,5.241206646E0,9.025083084E0
2.378486017E1,-3.469198227E0,6.476614952E0,5.241206646E0,9.025083084E0
2.378686013E1,-3.469198227E0,6.476614952E0,5.241206646E0,9.025083084E0
2.378886010E1,-3.469198227E0,6.476614952E0,5.241206646E0,9.025083084E0
2.379086006E1,-3.469198227E0,6.476614952E0,5.241206646E0,9.025083084E0
2.379285933E1,-3.469198227E0,6.476614952E0,5.241206646E0,9.025083084E0
2.379485930E1,-3.469198227E0,6.476614952E0,5.241206646E0,9.025083084E0
2.379685926E1,-3.469198227E0,6.476614952E0,5.241206646E0,9.025083084E0
2.379885923E1,-3.469198227E0,6.476614952E0,5.241206646E0,9.025083084E0
2.380085920E1,-3.469198227E0,6.476614952E0,5.241206646E0,9.025083084E0
2.380285920E1,-3.588908434E0,6.519710541E0,6.414365768E0,9.825017939E0
2.380485923E1,-3.588908434E0,6.519710541E0,6.414365768E0,9.825017939E0
2.380685926E1,-3.588908434E0,6.519710541E0,6.414365768E0,9.825017939E0
2.380885929E1,-3.588908434E0,6.519710541E0,6.414365768E0,9.825017939E0
2.381086019E1,-3.588908434E0,6.519710541E0,6.414365768E0,9.825017939E0
2.381286113E1,-3.588908434E0,6.519710541E0,6.414365768E0,9.825017939E0
2.381486116E1,-3.588908434E0,6.519710541E0,6.414365768E0,9.825017939E0
2.381686119E1,-3.588908434E0,6.519710541E0,6.414365768E0,9.825017939E0
2.381886119E1,-3.588908434E0,6.519710541E0,6.414365768E0,9.825017939E0
2.382086116E1,-3.588908434E0,6.519710541E0,6.414365768E0,9.825017939E0
2.382286113E1,-3.363853455E0,6.186916351E0,5.818209171E0,9.134823587E0
2.382486109E1,-3.363853455E0,6.186916351E0,5.818209171E0,9.134823587E0
2.382686106E1,-3.363853455E0,6.186916351E0,5.818209171E0,9.134823587E0
